;FLAVOR:Marlin
;TIME:2678
;Filament used: 2.61051m
;Layer height: 0.3
;MINX:56.803
;MINY:11.974
;MINZ:0.3
;MAXX:163.2
;MAXY:43.374
;MAXZ:18
;Generated with Cura_SteamEngine 4.13.0
M140 S60
M105
M190 S60
M104 S220
M105
M109 S220
M82 ;absolute extrusion mode
G28 ;Home
G1 Z15.0 F2000 ;Move the platform
G92 E0
G92 E0
G1 F1500 E-6.5
;LAYER_COUNT:60
;LAYER:0
M107
M204 S1000
G0 F7500 X57.806 Y21.788 Z0.3
;TYPE:SKIRT
G1 F1500 E0
G1 X58.168 Y20.981 E0.04413
G1 X58.45 Y20.377 E0.07738
G1 X58.721 Y19.816 E0.10847
G1 X58.952 Y19.414 E0.1316
G1 X59.489 Y18.621 E0.17938
G1 X59.79 Y18.192 E0.20552
G1 X60.205 Y17.616 E0.24094
G1 X60.502 Y17.261 E0.26403
G1 X61.154 Y16.588 E0.31078
G1 X61.568 Y16.176 E0.33992
G1 X62.042 Y15.715 E0.37291
G1 X62.395 Y15.418 E0.39593
G1 X63.144 Y14.876 E0.44205
G1 X63.649 Y14.522 E0.47282
G1 X64.181 Y14.161 E0.50489
G1 X64.577 Y13.932 E0.52772
G1 X65.401 Y13.531 E0.57344
G1 X65.921 Y13.288 E0.60207
G1 X66.572 Y12.996 E0.63767
G1 X67 Y12.84 E0.66039
G1 X67.853 Y12.596 E0.70466
G1 X68.477 Y12.429 E0.73688
G1 X69.107 Y12.27 E0.7693
G1 X69.556 Y12.19 E0.79205
G1 X70.439 Y12.098 E0.83635
G1 X71.1 Y12.041 E0.86945
G1 X71.727 Y11.995 E0.90081
G1 X71.913 Y11.986 E0.9101
G1 X72.711 Y11.974 E0.94992
G1 X159.339 Y11.974 E5.27181
G1 X160.037 Y11.984 E5.30663
G1 X160.54 Y12.031 E5.33184
G1 X161.03 Y12.157 E5.35708
G1 X161.494 Y12.359 E5.38233
G1 X161.92 Y12.631 E5.40754
G1 X162.298 Y12.966 E5.43274
G1 X162.618 Y13.357 E5.45795
G1 X162.873 Y13.794 E5.48319
G1 X163.056 Y14.265 E5.5084
G1 X163.163 Y14.759 E5.53362
G1 X163.19 Y15.094 E5.55039
G1 X163.2 Y15.504 E5.57085
G1 X163.2 Y39.482 E6.76711
G1 X163.19 Y40.209 E6.80339
G1 X163.143 Y40.712 E6.82859
G1 X163.017 Y41.202 E6.85383
G1 X162.816 Y41.666 E6.87906
G1 X162.544 Y42.092 E6.90428
G1 X162.209 Y42.471 E6.92951
G1 X161.818 Y42.791 E6.95472
G1 X161.382 Y43.046 E6.97992
G1 X160.911 Y43.23 E7.00515
G1 X160.416 Y43.336 E7.0304
G1 X160.08 Y43.364 E7.04722
G1 X159.67 Y43.374 E7.06768
G1 X72.664 Y43.374 E11.40843
G1 X71.994 Y43.365 E11.44186
G1 X71.807 Y43.357 E11.4512
G1 X70.936 Y43.294 E11.49477
G1 X70.254 Y43.233 E11.52893
G1 X69.627 Y43.17 E11.56037
G1 X69.169 Y43.09 E11.58356
G1 X68.292 Y42.87 E11.62867
G1 X67.712 Y42.713 E11.65865
G1 X67.052 Y42.527 E11.69286
G1 X66.611 Y42.367 E11.71626
G1 X65.808 Y42.007 E11.76017
G1 X65.241 Y41.742 E11.79139
G1 X64.644 Y41.454 E11.82446
G1 X64.24 Y41.222 E11.8477
G1 X63.447 Y40.685 E11.89549
G1 X63.018 Y40.384 E11.92163
G1 X62.438 Y39.966 E11.9573
G1 X62.086 Y39.671 E11.98021
G1 X61.457 Y39.064 E12.02382
G1 X61.013 Y38.619 E12.05518
G1 X60.541 Y38.133 E12.08898
G1 X60.248 Y37.784 E12.11172
G1 X59.698 Y37.026 E12.15844
G1 X59.35 Y36.528 E12.18875
G1 X58.98 Y35.982 E12.22166
G1 X58.751 Y35.586 E12.24448
G1 X58.375 Y34.812 E12.28741
G1 X58.105 Y34.233 E12.31928
G1 X57.822 Y33.602 E12.35378
G1 X57.666 Y33.174 E12.37651
G1 X57.422 Y32.321 E12.42077
G1 X57.256 Y31.701 E12.4528
G1 X57.096 Y31.07 E12.48527
G1 X57.015 Y30.614 E12.50838
G1 X56.924 Y29.735 E12.55247
G1 X56.867 Y29.074 E12.58557
G1 X56.821 Y28.446 E12.61698
G1 X56.812 Y28.262 E12.62617
G1 X56.803 Y27.593 E12.65955
G1 X56.809 Y27.165 E12.68091
G1 X56.817 Y26.98 E12.69014
G1 X56.88 Y26.11 E12.73366
G1 X56.941 Y25.428 E12.76782
G1 X57.004 Y24.801 E12.79926
G1 X57.084 Y24.343 E12.82246
G1 X57.304 Y23.467 E12.86752
G1 X57.479 Y22.82 E12.90096
G1 X57.649 Y22.221 E12.93202
G1 X57.806 Y21.788 E12.955
G1 F1500 E6.455
;MESH:realsense_camera_clamp-Body.stl
G0 F7500 X69.047 Y27.44
G0 X67.625 Y27.088
G0 X68.148 Y28.647
G0 X68.434 Y29.062
G0 X68.813 Y29.396
G0 X69.065 Y29.528
G0 X70.272 Y29.912
;TYPE:WALL-INNER
G1 F1500 E12.955
G1 X70.799 Y29.782 E12.98208
G1 X71.28 Y29.53 E13.00917
G1 X71.688 Y29.169 E13.03635
G1 X71.996 Y28.722 E13.06343
G1 X72.189 Y28.213 E13.09059
G1 X72.254 Y27.674 E13.11768
G1 X72.189 Y27.135 E13.14476
G1 X71.996 Y26.626 E13.17192
G1 X71.688 Y26.179 E13.199
G1 X71.28 Y25.818 E13.22618
G1 X70.799 Y25.566 E13.25327
G1 X70.272 Y25.436 E13.28035
G1 X69.728 Y25.436 E13.3075
G1 X69.201 Y25.566 E13.33458
G1 X68.72 Y25.818 E13.36167
G1 X68.312 Y26.179 E13.38885
G1 X68.004 Y26.626 E13.41593
G1 X67.811 Y27.135 E13.44309
G1 X67.746 Y27.674 E13.47017
G1 X67.811 Y28.213 E13.49726
G1 X68.004 Y28.722 E13.52442
G1 X68.312 Y29.169 E13.5515
G1 X68.72 Y29.53 E13.57868
G1 X69.201 Y29.782 E13.60577
G1 X69.728 Y29.912 E13.63285
G1 X70.272 Y29.912 E13.65999
G0 F7500 X70.223 Y29.512
;TYPE:WALL-OUTER
G1 F1500 X70.656 Y29.405 E13.68224
G1 X71.051 Y29.198 E13.70449
G1 X71.386 Y28.902 E13.72679
G1 X71.639 Y28.535 E13.74903
G1 X71.798 Y28.117 E13.77134
G1 X71.851 Y27.674 E13.7936
G1 X71.798 Y27.231 E13.81586
G1 X71.639 Y26.813 E13.83817
G1 X71.386 Y26.446 E13.86041
G1 X71.051 Y26.15 E13.88271
G1 X70.656 Y25.943 E13.90496
G1 X70.223 Y25.836 E13.92722
G1 X69.777 Y25.836 E13.94947
G1 X69.344 Y25.943 E13.97172
G1 X68.949 Y26.15 E13.99397
G1 X68.614 Y26.446 E14.01627
G1 X68.361 Y26.813 E14.03851
G1 X68.202 Y27.231 E14.06082
G1 X68.149 Y27.674 E14.08308
G1 X68.202 Y28.117 E14.10534
G1 X68.361 Y28.535 E14.12765
G1 X68.614 Y28.902 E14.14989
G1 X68.949 Y29.198 E14.17219
G1 X69.344 Y29.405 E14.19444
G1 X69.777 Y29.512 E14.21669
G1 X70.223 Y29.512 E14.23894
G0 F7500 X70.417 Y29.465
G0 X70.521 Y29.892
G1 F1500 E7.73894
G0 F7500 X71.832 Y29.296
G0 X70.736 Y28.324
G0 X114.264 Y28.324
G0 X113.168 Y29.296
G0 X114.728 Y29.912
;TYPE:WALL-INNER
G1 F1500 E14.23894
G1 X115.272 Y29.912 E14.26608
G1 X115.799 Y29.782 E14.29317
G1 X116.28 Y29.53 E14.32026
G1 X116.688 Y29.169 E14.34744
G1 X116.996 Y28.722 E14.37452
G1 X117.189 Y28.213 E14.40168
G1 X117.254 Y27.674 E14.42876
G1 X117.189 Y27.135 E14.45585
G1 X116.996 Y26.626 E14.48301
G1 X116.688 Y26.179 E14.51009
G1 X116.28 Y25.818 E14.53727
G1 X115.799 Y25.566 E14.56436
G1 X115.272 Y25.436 E14.59144
G1 X114.728 Y25.436 E14.61858
G1 X114.201 Y25.566 E14.64566
G1 X113.72 Y25.818 E14.67275
G1 X113.312 Y26.179 E14.69993
G1 X113.004 Y26.626 E14.72701
G1 X112.811 Y27.135 E14.75417
G1 X112.746 Y27.674 E14.78126
G1 X112.811 Y28.213 E14.80834
G1 X113.004 Y28.722 E14.8355
G1 X113.312 Y29.169 E14.86258
G1 X113.72 Y29.53 E14.88976
G1 X114.201 Y29.782 E14.91685
G1 X114.728 Y29.912 E14.94393
G0 F7500 X114.777 Y29.512
;TYPE:WALL-OUTER
G1 F1500 X115.223 Y29.512 E14.96618
G1 X115.656 Y29.405 E14.98844
G1 X116.051 Y29.198 E15.01068
G1 X116.386 Y28.902 E15.03299
G1 X116.639 Y28.535 E15.05523
G1 X116.798 Y28.117 E15.07754
G1 X116.851 Y27.674 E15.0998
G1 X116.798 Y27.231 E15.12206
G1 X116.639 Y26.813 E15.14437
G1 X116.386 Y26.446 E15.16661
G1 X116.051 Y26.15 E15.18891
G1 X115.656 Y25.943 E15.21116
G1 X115.223 Y25.836 E15.23341
G1 X114.777 Y25.836 E15.25566
G1 X114.344 Y25.943 E15.27791
G1 X113.949 Y26.15 E15.30016
G1 X113.614 Y26.446 E15.32246
G1 X113.361 Y26.813 E15.3447
G1 X113.202 Y27.231 E15.36702
G1 X113.149 Y27.674 E15.38927
G1 X113.202 Y28.117 E15.41153
G1 X113.361 Y28.535 E15.43385
G1 X113.614 Y28.902 E15.45608
G1 X113.949 Y29.198 E15.47839
G1 X114.344 Y29.405 E15.50064
G1 X114.777 Y29.512 E15.52289
G0 F7500 X114.977 Y29.512
G0 X114.977 Y29.952
G1 F1500 E9.02289
G0 F7500 X116.187 Y29.396
G0 X117.375 Y28.26
G0 X115.953 Y27.908
G0 X145.665 Y20.347
G0 X144.23 Y20.347
G0 X144.4 Y22.274
;TYPE:WALL-INNER
G1 F1500 E15.52289
G1 X150.6 Y22.274 E15.83221
G1 X150.6 Y18.074 E16.04175
G1 X144.4 Y18.074 E16.35106
G1 X144.4 Y22.274 E16.5606
G0 F7500 X144.8 Y21.874
;TYPE:WALL-OUTER
G1 F1500 X150.2 Y21.874 E16.83001
G1 X150.2 Y18.474 E16.99964
G1 X144.8 Y18.474 E17.26904
G1 X144.8 Y21.874 E17.43867
G0 F7500 X145 Y21.874
G0 X145 Y22.314
G1 F1500 E10.93867
G0 F7500 X144.4 Y22.464
G0 X145.653 Y21.021
G0 X145.653 Y34.327
G0 X144.4 Y32.884
G0 X144.4 Y37.274
;TYPE:WALL-INNER
G1 F1500 E17.43867
G1 X150.6 Y37.274 E17.74799
G1 X150.6 Y33.074 E17.95753
G1 X144.4 Y33.074 E18.26685
G1 X144.4 Y37.274 E18.47639
G0 F7500 X144.8 Y36.874
;TYPE:WALL-OUTER
G1 F1500 X150.2 Y36.874 E18.74579
G1 X150.2 Y33.474 E18.91542
G1 X144.8 Y33.474 E19.18483
G1 X144.8 Y36.874 E19.35446
G0 F7500 X145 Y36.874
G0 X145 Y37.314
G1 F1500 E12.85446
G0 F7500 X150.796 Y37.47
G0 X150.796 Y39.364
G0 X159.4 Y39.574
;TYPE:WALL-INNER
G1 F1500 E19.35446
G1 X72.018 Y39.574 E23.71396
G1 X70.023 Y39.4 E23.81387
G1 X68.106 Y38.886 E23.91289
G1 X66.301 Y38.044 E24.01226
G1 X64.671 Y36.903 E24.11152
G1 X63.271 Y35.504 E24.21026
G1 X62.13 Y33.873 E24.30957
G1 X61.288 Y32.068 E24.40894
G1 X60.774 Y30.151 E24.50795
G1 X60.6 Y28.162 E24.60756
G1 X60.6 Y27.186 E24.65626
G1 X60.774 Y25.197 E24.75587
G1 X61.288 Y23.28 E24.85489
G1 X62.13 Y21.475 E24.95425
G1 X63.271 Y19.845 E25.05352
G1 X64.669 Y18.448 E25.15212
G1 X66.304 Y17.303 E25.2517
G1 X68.106 Y16.462 E25.35091
G1 X70.023 Y15.948 E25.44993
G1 X72.018 Y15.774 E25.54984
G1 X159.4 Y15.774 E29.90935
G1 X159.4 Y39.574 E31.09673
G0 F7500 X159.8 Y39.974
;TYPE:WALL-OUTER
G1 F1500 X72.006 Y39.974 E35.47679
G1 X69.952 Y39.795 E35.57966
G1 X67.965 Y39.262 E35.68229
G1 X66.102 Y38.393 E35.78485
G1 X64.412 Y37.21 E35.88777
G1 X62.964 Y35.763 E35.9899
G1 X61.781 Y34.072 E36.09286
G1 X60.912 Y32.209 E36.19542
G1 X60.379 Y30.222 E36.29806
G1 X60.2 Y28.174 E36.40062
G1 X60.2 Y27.174 E36.45051
G1 X60.379 Y25.126 E36.55308
G1 X60.912 Y23.139 E36.65571
G1 X61.781 Y21.276 E36.75827
G1 X62.964 Y19.586 E36.86119
G1 X64.412 Y18.139 E36.96332
G1 X66.102 Y16.955 E37.06627
G1 X67.965 Y16.086 E37.16883
G1 X69.952 Y15.553 E37.27146
G1 X72.006 Y15.374 E37.37433
G1 X159.8 Y15.374 E41.75439
G1 X159.8 Y39.974 E42.98169
G0 F7500 X159.6 Y39.974
G0 X159.36 Y39.534
G0 X159.01 Y39.184
;TYPE:SKIN
G1 F1500 X72.029 Y39.184 E47.32119
G1 X70.096 Y39.016 E47.41799
G1 X68.236 Y38.517 E47.51406
G1 X66.501 Y37.708 E47.60957
G1 X64.915 Y36.597 E47.70618
G1 X63.577 Y35.26 E47.80055
G1 X62.466 Y33.673 E47.8972
G1 X61.657 Y31.938 E47.9927
G1 X61.158 Y30.078 E48.08878
G1 X60.99 Y28.162 E48.18474
G1 X60.99 Y27.186 E48.23343
G1 X61.158 Y25.27 E48.32939
G1 X61.657 Y23.41 E48.42546
G1 X62.466 Y21.675 E48.52097
G1 X63.577 Y20.089 E48.61758
G1 X64.913 Y18.754 E48.7118
G1 X66.504 Y17.639 E48.80873
G1 X68.236 Y16.831 E48.90408
G1 X70.096 Y16.332 E49.00016
G1 X72.029 Y16.164 E49.09696
G1 X159.01 Y16.164 E53.43646
G1 X159.01 Y39.184 E54.58493
G1 F1500 E48.08493
G0 F7500 X159.29 Y39.184
G0 X159.19 Y37.414
G0 X160.665 Y37.414
G0 X149.347 Y36.021
G0 X150.79 Y37.414
G1 F1500 E54.58493
G0 F7500 X150.99 Y37.664
G1 F1500 X150.99 Y32.684 E54.83339
G1 X144.01 Y32.684 E55.18162
G1 X144.01 Y37.664 E55.43007
G1 X150.99 Y37.664 E55.77831
G1 F1500 E49.27831
G0 F7500 X150.71 Y37.414
G0 X150.71 Y32.884
G0 X149.347 Y34.327
G0 X149.347 Y21.021
G0 X150.71 Y22.464
G1 F1500 E55.77831
G0 F7500 X150.99 Y22.664
G1 F1500 X150.99 Y17.684 E56.02676
G1 X144.01 Y17.684 E56.37499
G1 X144.01 Y22.664 E56.62345
G1 X150.99 Y22.664 E56.97168
G1 F1500 E50.47168
G0 F7500 X150.71 Y22.414
G0 X146.536 Y22.444
G0 X146.536 Y21.009
G0 X115.981 Y27.674
G0 X117.446 Y27.674
G0 X117.297 Y28.241
G1 F1500 E56.97168
G0 F7500 X117.571 Y28.307
G1 F1500 X117.646 Y27.674 E57.00348
G1 X117.571 Y27.041 E57.03528
G1 X117.343 Y26.443 E57.06721
G1 X116.982 Y25.918 E57.099
G1 X116.502 Y25.494 E57.13095
G1 X115.938 Y25.199 E57.16271
G1 X115.319 Y25.046 E57.19452
G1 X114.681 Y25.046 E57.22635
G1 X114.062 Y25.199 E57.25816
G1 X113.498 Y25.494 E57.28991
G1 X113.018 Y25.918 E57.32187
G1 X112.657 Y26.443 E57.35365
G1 X112.429 Y27.041 E57.38558
G1 X112.354 Y27.674 E57.41738
G1 X112.429 Y28.307 E57.44918
G1 X112.657 Y28.905 E57.48111
G1 X113.018 Y29.43 E57.5129
G1 X113.498 Y29.854 E57.54485
G1 X114.062 Y30.149 E57.57661
G1 X114.681 Y30.302 E57.60842
G1 X115.319 Y30.302 E57.64025
G1 X115.938 Y30.149 E57.67206
G1 X116.502 Y29.854 E57.70382
G1 X116.982 Y29.43 E57.73577
G1 X117.343 Y28.905 E57.76755
G1 X117.571 Y28.307 E57.79948
G1 F1500 E51.29948
G0 F7500 X117.297 Y28.241
G0 X116.566 Y29.062
G0 X116.187 Y29.396
G0 X115.741 Y29.63
G0 X115.251 Y29.751
G0 X114.749 Y29.751
G0 X114.259 Y29.63
G0 X113.813 Y29.396
G0 X113.507 Y29.126
G0 X112.554 Y27.674
G0 X114.019 Y27.674
G0 X70.981 Y27.674
G0 X72.446 Y27.674
G0 X72.297 Y28.241
G1 F1500 E57.79948
G0 F7500 X72.571 Y28.307
G1 F1500 X72.646 Y27.674 E57.83129
G1 X72.571 Y27.041 E57.86309
G1 X72.343 Y26.443 E57.89502
G1 X71.982 Y25.918 E57.9268
G1 X71.502 Y25.494 E57.95875
G1 X70.938 Y25.199 E57.99051
G1 X70.319 Y25.046 E58.02232
G1 X69.681 Y25.046 E58.05415
G1 X69.062 Y25.199 E58.08596
G1 X68.498 Y25.494 E58.11772
G1 X68.018 Y25.918 E58.14967
G1 X67.657 Y26.443 E58.18146
G1 X67.429 Y27.041 E58.21339
G1 X67.354 Y27.674 E58.24519
G1 X67.429 Y28.307 E58.27699
G1 X67.657 Y28.905 E58.30892
G1 X68.018 Y29.43 E58.3407
G1 X68.498 Y29.854 E58.37266
G1 X69.062 Y30.149 E58.40441
G1 X69.681 Y30.302 E58.43622
G1 X70.319 Y30.302 E58.46805
G1 X70.938 Y30.149 E58.49986
G1 X71.502 Y29.854 E58.53162
G1 X71.982 Y29.43 E58.56357
G1 X72.343 Y28.905 E58.59536
G1 X72.571 Y28.307 E58.62729
G1 F1500 E52.12729
G0 F7500 X72.297 Y28.241
G0 X71.64 Y28.979
G0 X70.296 Y30.103
G0 X70.119 Y28.648
G0 X64.528 Y38.346
G0 X65.361 Y37.154
G0 X65.787 Y37.549
G1 F1500 E58.62729
G0 F7500 X66.04 Y37.19
G1 F1500 X62.982 Y34.132 E58.84305
G0 F7500 X62.622 Y34.383
G0 X61.853 Y33.018
G0 X62.25 Y32.834
G1 F1500 X67.337 Y37.922 E59.202
G0 F7500 X67.152 Y38.318
G0 X68.256 Y38.81
G0 X68.369 Y38.388
G1 F1500 X61.784 Y31.802 E59.66664
G0 F7500 X61.577 Y31.03
G1 F1500 X69.142 Y38.595 E60.20039
G0 F7500 X69.915 Y38.802
G1 F1500 X61.37 Y30.257 E60.80329
G0 F7500 X61.274 Y29.595
G1 F1500 X70.576 Y38.897 E61.45959
G0 F7500 X71.195 Y38.95
G1 F1500 X61.219 Y28.975 E62.16342
G0 F7500 X61.165 Y28.355
G1 F1500 X71.814 Y39.004 E62.91476
G0 F7500 X72.399 Y39.023
G1 F1500 X61.149 Y27.773 E63.70851
G0 F7500 X61.149 Y27.208
G1 F1500 X72.964 Y39.023 E64.54212
G0 F7500 X73.53 Y39.023
G1 F1500 X61.192 Y26.685 E65.41264
G0 F7500 X61.238 Y26.165
G1 F1500 X74.096 Y39.023 E66.31984
G0 F7500 X74.661 Y39.023
G1 F1500 X61.283 Y25.645 E67.26373
G0 F7500 X61.354 Y25.15
G1 F1500 X75.227 Y39.023 E68.24254
G0 F7500 X75.793 Y39.023
G1 F1500 X61.473 Y24.704 E69.25286
G0 F7500 X61.593 Y24.258
G1 F1500 X76.359 Y39.023 E70.29465
G0 F7500 X76.924 Y39.023
G1 F1500 X61.712 Y23.811 E71.36793
G0 F7500 X61.845 Y23.379
G1 F1500 X67.662 Y29.195 E71.77832
G0 F7500 X68.025 Y28.946
G0 X67.696 Y28.173
G0 X67.258 Y28.226
G1 F1500 X62.025 Y22.993 E72.14754
G0 F7500 X62.205 Y22.607
G1 F1500 X67.201 Y27.603 E72.50003
G0 F7500 X67.26 Y27.097
G1 F1500 X62.385 Y22.222 E72.84399
G0 F7500 X62.566 Y21.836
G1 F1500 X67.398 Y26.669 E73.18495
G0 F7500 X67.575 Y26.28
G1 F1500 X62.788 Y21.493 E73.5227
G0 F7500 X63.02 Y21.16
G1 F1500 X67.805 Y25.944 E73.86027
G0 F7500 X68.076 Y25.65
G1 F1500 X63.253 Y20.827 E74.20056
G0 F7500 X63.486 Y20.494
G1 F1500 X68.377 Y25.385 E74.54564
G0 F7500 X68.742 Y25.185
G1 F1500 X63.724 Y20.166 E74.89973
G0 F7500 X64.007 Y19.883
G1 F1500 X69.138 Y25.015 E75.26178
G0 F7500 X69.592 Y24.902
G1 F1500 X64.29 Y19.6 E75.63587
G0 F7500 X64.572 Y19.318
G1 F1500 X70.14 Y24.885 E76.02868
G0 F7500 X70.828 Y25.007
G1 F1500 X64.855 Y19.035 E76.45008
G0 F7500 X65.161 Y18.775
G1 F1500 X85.41 Y39.023 E77.87872
G0 F7500 X85.975 Y39.023
G1 F1500 X65.494 Y18.542 E79.32376
G0 F7500 X65.826 Y18.309
G1 F1500 X86.541 Y39.023 E80.78528
G0 F7500 X87.107 Y39.023
G1 F1500 X66.159 Y18.075 E82.26328
G0 F7500 X66.492 Y17.843
G1 F1500 X87.672 Y39.023 E83.75764
G0 F7500 X88.238 Y39.023
G1 F1500 X66.862 Y17.647 E85.26583
G0 F7500 X67.247 Y17.467
G1 F1500 X88.804 Y39.023 E86.78676
G0 F7500 X89.369 Y39.023
G1 F1500 X67.634 Y17.288 E88.32028
G0 F7500 X68.019 Y17.107
G1 F1500 X89.935 Y39.023 E89.86657
G0 F7500 X90.501 Y39.023
G1 F1500 X68.423 Y16.945 E91.4243
G0 F7500 X68.869 Y16.826
G1 F1500 X91.066 Y39.023 E92.99041
G0 F7500 X91.632 Y39.023
G1 F1500 X69.315 Y16.706 E94.565
G0 F7500 X69.761 Y16.586
G1 F1500 X92.198 Y39.023 E96.14805
G0 F7500 X92.763 Y39.023
G1 F1500 X70.221 Y16.481 E97.73851
G0 F7500 X70.741 Y16.435
G1 F1500 X93.329 Y39.023 E99.33222
G0 F7500 X93.895 Y39.023
G1 F1500 X71.262 Y16.39 E100.9291
G0 F7500 X71.783 Y16.346
G1 F1500 X94.46 Y39.023 E102.52908
G0 F7500 X95.026 Y39.023
G1 F1500 X72.327 Y16.324 E104.13062
G0 F7500 X72.892 Y16.324
G1 F1500 X95.592 Y39.023 E105.73219
G0 F7500 X96.158 Y39.023
G1 F1500 X73.458 Y16.324 E107.33376
G0 F7500 X74.024 Y16.324
G1 F1500 X96.723 Y39.023 E108.9353
G0 F7500 X97.289 Y39.023
G1 F1500 X74.589 Y16.324 E110.53687
G0 F7500 X75.155 Y16.324
G1 F1500 X97.855 Y39.023 E112.13844
G0 F7500 X98.42 Y39.023
G1 F1500 X75.721 Y16.324 E113.73998
G0 F7500 X76.286 Y16.324
G1 F1500 X98.986 Y39.023 E115.34155
G0 F7500 X99.552 Y39.023
G1 F1500 X76.852 Y16.324 E116.94313
G0 F7500 X77.418 Y16.324
G1 F1500 X100.117 Y39.023 E118.54466
G0 F7500 X100.683 Y39.023
G1 F1500 X77.983 Y16.324 E120.14623
G0 F7500 X78.549 Y16.324
G1 F1500 X101.249 Y39.023 E121.74781
G0 F7500 X101.814 Y39.023
G1 F1500 X79.115 Y16.324 E123.34934
G0 F7500 X79.681 Y16.324
G1 F1500 X102.38 Y39.023 E124.95088
G0 F7500 X102.946 Y39.023
G1 F1500 X80.246 Y16.324 E126.55245
G0 F7500 X80.812 Y16.324
G1 F1500 X103.511 Y39.023 E128.15399
G0 F7500 X104.077 Y39.023
G1 F1500 X81.378 Y16.324 E129.75553
G0 F7500 X81.943 Y16.324
G1 F1500 X104.643 Y39.023 E131.3571
G0 F7500 X105.209 Y39.023
G1 F1500 X82.509 Y16.324 E132.95867
G0 F7500 X83.075 Y16.324
G1 F1500 X105.774 Y39.023 E134.56021
G0 F7500 X106.34 Y39.023
G1 F1500 X83.64 Y16.324 E136.16178
G0 F7500 X84.206 Y16.324
G1 F1500 X106.906 Y39.023 E137.76335
G0 F7500 X107.471 Y39.023
G1 F1500 X84.772 Y16.324 E139.36489
G0 F7500 X85.337 Y16.324
G1 F1500 X108.037 Y39.023 E140.96646
G0 F7500 X108.603 Y39.023
G1 F1500 X85.903 Y16.324 E142.56804
G0 F7500 X86.469 Y16.324
G1 F1500 X109.168 Y39.023 E144.16957
G0 F7500 X109.734 Y39.023
G1 F1500 X87.034 Y16.324 E145.77115
G0 F7500 X87.6 Y16.324
G1 F1500 X110.3 Y39.023 E147.37272
G0 F7500 X110.865 Y39.023
G1 F1500 X88.166 Y16.324 E148.97425
G0 F7500 X88.732 Y16.324
G1 F1500 X111.431 Y39.023 E150.57579
G0 F7500 X111.997 Y39.023
G1 F1500 X89.297 Y16.324 E152.17736
G0 F7500 X89.863 Y16.324
G1 F1500 X112.562 Y39.023 E153.7789
G0 F7500 X113.128 Y39.023
G1 F1500 X90.429 Y16.324 E155.38044
G0 F7500 X90.994 Y16.324
G1 F1500 X113.694 Y39.023 E156.98201
G0 F7500 X114.259 Y39.023
G1 F1500 X91.56 Y16.324 E158.58355
G0 F7500 X92.126 Y16.324
G1 F1500 X114.825 Y39.023 E160.18508
G0 F7500 X115.391 Y39.023
G1 F1500 X92.691 Y16.324 E161.78666
G0 F7500 X93.257 Y16.324
G1 F1500 X115.957 Y39.023 E163.38823
G0 F7500 X116.522 Y39.023
G1 F1500 X93.823 Y16.324 E164.98977
G0 F7500 X94.388 Y16.324
G1 F1500 X117.088 Y39.023 E166.59134
G0 F7500 X117.654 Y39.023
G1 F1500 X94.954 Y16.324 E168.19291
G0 F7500 X95.52 Y16.324
G1 F1500 X118.219 Y39.023 E169.79445
G0 F7500 X118.785 Y39.023
G1 F1500 X96.085 Y16.324 E171.39602
G0 F7500 X96.651 Y16.324
G1 F1500 X119.351 Y39.023 E172.99759
G0 F7500 X119.916 Y39.023
G1 F1500 X97.217 Y16.324 E174.59913
G0 F7500 X97.782 Y16.324
G1 F1500 X120.482 Y39.023 E176.2007
G0 F7500 X121.048 Y39.023
G1 F1500 X98.348 Y16.324 E177.80227
G0 F7500 X98.914 Y16.324
G1 F1500 X121.613 Y39.023 E179.40381
G0 F7500 X122.179 Y39.023
G1 F1500 X99.48 Y16.324 E181.00535
G0 F7500 X100.045 Y16.324
G1 F1500 X112.397 Y28.676 E181.87685
G0 F7500 X112.224 Y27.937
G1 F1500 X100.611 Y16.324 E182.69621
G0 F7500 X101.177 Y16.324
G1 F1500 X112.228 Y27.375 E183.47592
G0 F7500 X112.312 Y26.894
G1 F1500 X101.742 Y16.324 E184.22169
G0 F7500 X102.308 Y16.324
G1 F1500 X112.468 Y26.484 E184.93853
G0 F7500 X112.678 Y26.129
G1 F1500 X102.874 Y16.324 E185.63029
G0 F7500 X103.439 Y16.324
G1 F1500 X112.912 Y25.796 E186.29863
G0 F7500 X113.212 Y25.531
G1 F1500 X104.005 Y16.324 E186.94823
G0 F7500 X104.571 Y16.324
G1 F1500 X113.538 Y25.291 E187.5809
G0 F7500 X113.909 Y25.097
G1 F1500 X105.136 Y16.324 E188.19988
G0 F7500 X105.702 Y16.324
G1 F1500 X114.343 Y24.965 E188.80955
G0 F7500 X114.829 Y24.885
G1 F1500 X106.268 Y16.324 E189.41358
G0 F7500 X106.833 Y16.324
G1 F1500 X115.414 Y24.905 E190.01901
G0 F7500 X116.264 Y25.189
G1 F1500 X107.399 Y16.324 E190.64449
G0 F7500 X107.965 Y16.324
G1 F1500 X130.664 Y39.023 E192.24602
G0 F7500 X130.099 Y39.023
G1 F1500 X117.511 Y26.435 E193.13417
G0 F7500 X117.755 Y27.245
G1 F1500 X129.533 Y39.023 E193.96518
G0 F7500 X128.967 Y39.023
G1 F1500 X117.784 Y27.84 E194.7542
G0 F7500 X117.726 Y28.347
G1 F1500 X128.402 Y39.023 E195.50745
G0 F7500 X127.836 Y39.023
G1 F1500 X117.569 Y28.757 E196.2318
G0 F7500 X117.379 Y29.132
G1 F1500 X127.27 Y39.023 E196.92967
G0 F7500 X126.705 Y39.023
G1 F1500 X117.149 Y29.467 E197.60389
G0 F7500 X116.864 Y29.748
G1 F1500 X126.139 Y39.023 E198.2583
G0 F7500 X125.573 Y39.023
G1 F1500 X116.556 Y30.006 E198.89449
G0 F7500 X116.184 Y30.2
G1 F1500 X125.007 Y39.023 E199.517
G0 F7500 X124.442 Y39.023
G1 F1500 X115.773 Y30.354 E200.12865
G0 F7500 X115.314 Y30.462
G1 F1500 X123.876 Y39.023 E200.73271
G0 F7500 X123.31 Y39.023
G1 F1500 X114.749 Y30.462 E201.33673
G0 F7500 X114.025 Y30.304
G1 F1500 X122.745 Y39.023 E201.95194
G0 F7500 X122.745 Y39.464
G0 X131.23 Y39.464
G0 X131.23 Y39.023
G1 F1500 X108.53 Y16.324 E203.55351
G0 F7500 X109.096 Y16.324
G1 F1500 X131.796 Y39.023 E205.15509
G0 F7500 X132.361 Y39.023
G1 F1500 X109.662 Y16.324 E206.75662
G0 F7500 X110.228 Y16.324
G1 F1500 X132.927 Y39.023 E208.35816
G0 F7500 X133.493 Y39.023
G1 F1500 X110.793 Y16.324 E209.95973
G0 F7500 X111.359 Y16.324
G1 F1500 X134.058 Y39.023 E211.56127
G0 F7500 X134.624 Y39.023
G1 F1500 X111.925 Y16.324 E213.16281
G0 F7500 X112.49 Y16.324
G1 F1500 X135.19 Y39.023 E214.76438
G0 F7500 X135.756 Y39.023
G1 F1500 X113.056 Y16.324 E216.36595
G0 F7500 X113.622 Y16.324
G1 F1500 X136.321 Y39.023 E217.96749
G0 F7500 X136.887 Y39.023
G1 F1500 X114.187 Y16.324 E219.56906
G0 F7500 X114.753 Y16.324
G1 F1500 X137.453 Y39.023 E221.17063
G0 F7500 X138.018 Y39.023
G1 F1500 X115.319 Y16.324 E222.77217
G0 F7500 X115.884 Y16.324
G1 F1500 X138.584 Y39.023 E224.37374
G0 F7500 X139.15 Y39.023
G1 F1500 X116.45 Y16.324 E225.97531
G0 F7500 X117.016 Y16.324
G1 F1500 X139.715 Y39.023 E227.57685
G0 F7500 X140.281 Y39.023
G1 F1500 X117.581 Y16.324 E229.17842
G0 F7500 X118.147 Y16.324
G1 F1500 X140.847 Y39.023 E230.78
G0 F7500 X141.412 Y39.023
G1 F1500 X118.713 Y16.324 E232.38153
G0 F7500 X119.279 Y16.324
G1 F1500 X141.978 Y39.023 E233.98307
G0 F7500 X142.544 Y39.023
G1 F1500 X119.844 Y16.324 E235.58464
G0 F7500 X120.41 Y16.324
G1 F1500 X143.109 Y39.023 E237.18618
G0 F7500 X143.675 Y39.023
G1 F1500 X120.976 Y16.324 E238.78772
G0 F7500 X121.541 Y16.324
G1 F1500 X144.241 Y39.023 E240.38929
G0 F7500 X144.806 Y39.023
G1 F1500 X122.107 Y16.324 E241.99083
G0 F7500 X122.673 Y16.324
G1 F1500 X143.849 Y37.5 E243.48491
G0 F7500 X144.172 Y37.823
G1 F1500 X145.372 Y39.023 E243.56957
G0 F7500 X145.938 Y39.023
G1 F1500 X144.738 Y37.823 E243.65424
G0 F7500 X145.304 Y37.823
G1 F1500 X146.504 Y39.023 E243.73891
G0 F7500 X147.069 Y39.023
G1 F1500 X145.869 Y37.823 E243.82357
G0 F7500 X146.435 Y37.823
G1 F1500 X147.635 Y39.023 E243.90824
G0 F7500 X148.201 Y39.023
G1 F1500 X147.001 Y37.823 E243.99291
G0 F7500 X147.566 Y37.823
G1 F1500 X148.766 Y39.023 E244.07757
G0 F7500 X149.332 Y39.023
G1 F1500 X148.132 Y37.823 E244.16224
G0 F7500 X148.698 Y37.823
G1 F1500 X149.898 Y39.023 E244.24691
G0 F7500 X150.463 Y39.023
G1 F1500 X149.263 Y37.823 E244.33157
G0 F7500 X149.829 Y37.823
G1 F1500 X151.029 Y39.023 E244.41624
G0 F7500 X151.595 Y39.023
G1 F1500 X150.395 Y37.823 E244.50091
G0 F7500 X150.96 Y37.823
G1 F1500 X152.16 Y39.023 E244.58557
G0 F7500 X152.726 Y39.023
G1 F1500 X151.149 Y37.446 E244.69684
G0 F7500 X151.149 Y36.88
G1 F1500 X153.292 Y39.023 E244.84804
G0 F7500 X153.857 Y39.023
G1 F1500 X151.149 Y36.314 E245.03914
G0 F7500 X151.149 Y35.749
G1 F1500 X154.423 Y39.023 E245.27014
G0 F7500 X154.989 Y39.023
G1 F1500 X151.149 Y35.183 E245.54107
G0 F7500 X151.149 Y34.617
G1 F1500 X155.555 Y39.023 E245.85194
G0 F7500 X156.12 Y39.023
G1 F1500 X151.149 Y34.052 E246.20267
G0 F7500 X151.149 Y33.486
G1 F1500 X156.686 Y39.023 E246.59333
G0 F7500 X157.252 Y39.023
G1 F1500 X151.149 Y32.92 E247.02393
G0 F7500 X150.752 Y32.524
G1 F1500 X134.552 Y16.324 E248.16693
G0 F7500 X133.986 Y16.324
G1 F1500 X150.186 Y32.524 E249.30993
G0 F7500 X149.62 Y32.524
G1 F1500 X133.421 Y16.324 E250.45289
G0 F7500 X132.855 Y16.324
G1 F1500 X149.055 Y32.524 E251.59589
G0 F7500 X148.489 Y32.524
G1 F1500 X132.289 Y16.324 E252.73888
G0 F7500 X131.724 Y16.324
G1 F1500 X147.923 Y32.524 E253.88185
G0 F7500 X147.358 Y32.524
G1 F1500 X131.158 Y16.324 E255.02484
G0 F7500 X130.592 Y16.324
G1 F1500 X146.792 Y32.524 E256.16784
G0 F7500 X146.226 Y32.524
G1 F1500 X130.027 Y16.324 E257.3108
G0 F7500 X129.461 Y16.324
G1 F1500 X145.661 Y32.524 E258.4538
G0 F7500 X145.095 Y32.524
G1 F1500 X128.895 Y16.324 E259.5968
G0 F7500 X128.329 Y16.324
G1 F1500 X144.529 Y32.524 E260.7398
G0 F7500 X143.964 Y32.524
G1 F1500 X127.764 Y16.324 E261.88279
G0 F7500 X127.198 Y16.324
G1 F1500 X143.849 Y32.975 E263.05761
G0 F7500 X143.849 Y33.54
G1 F1500 X126.632 Y16.324 E264.27233
G0 F7500 X126.067 Y16.324
G1 F1500 X143.849 Y34.106 E265.52694
G0 F7500 X143.849 Y34.672
G1 F1500 X125.501 Y16.324 E266.82149
G0 F7500 X124.935 Y16.324
G1 F1500 X143.849 Y35.237 E268.15594
G0 F7500 X143.849 Y35.803
G1 F1500 X124.37 Y16.324 E269.53029
G0 F7500 X123.804 Y16.324
G1 F1500 X143.849 Y36.369 E270.94458
G0 F7500 X143.849 Y36.935
G1 F1500 X123.238 Y16.324 E272.39879
G0 F7500 X123.238 Y15.884
G0 X135.118 Y15.884
G0 X135.118 Y16.324
G1 F1500 X157.817 Y39.023 E274.00033
G0 F7500 X158.383 Y39.023
G1 F1500 X135.683 Y16.324 E275.6019
G0 F7500 X136.249 Y16.324
G1 F1500 X158.849 Y38.924 E277.19645
G0 F7500 X158.849 Y38.358
G1 F1500 X136.815 Y16.324 E278.75107
G0 F7500 X137.38 Y16.324
G1 F1500 X143.849 Y22.792 E279.20746
G1 X143.88 Y22.823
G1 X158.849 Y37.792 E280.2636
G0 F7500 X158.849 Y37.227
G1 F1500 X144.446 Y22.823 E281.27985
G0 F7500 X145.012 Y22.823
G1 F1500 X158.849 Y36.661 E282.25616
G0 F7500 X158.849 Y36.095
G1 F1500 X145.577 Y22.823 E283.19257
G0 F7500 X146.143 Y22.823
G1 F1500 X158.849 Y35.529 E284.08905
G0 F7500 X158.849 Y34.964
G1 F1500 X146.709 Y22.823 E284.94562
G0 F7500 X147.274 Y22.823
G1 F1500 X158.849 Y34.398 E285.7623
G0 F7500 X158.849 Y33.832
G1 F1500 X147.84 Y22.823 E286.53905
G0 F7500 X148.406 Y22.823
G1 F1500 X158.849 Y33.267 E287.27589
G0 F7500 X158.849 Y32.701
G1 F1500 X148.971 Y22.823 E287.97284
G0 F7500 X149.537 Y22.823
G1 F1500 X158.849 Y32.135 E288.62985
G0 F7500 X158.849 Y31.57
G1 F1500 X150.103 Y22.823 E289.24696
G0 F7500 X150.668 Y22.823
G1 F1500 X158.849 Y31.004 E289.82418
G0 F7500 X158.849 Y30.438
G1 F1500 X151.149 Y22.738 E290.36745
G0 F7500 X151.149 Y22.172
G1 F1500 X158.849 Y29.873 E290.91077
G0 F7500 X158.849 Y29.307
G1 F1500 X151.149 Y21.607 E291.45404
G0 F7500 X151.149 Y21.041
G1 F1500 X158.849 Y28.741 E291.99732
G0 F7500 X158.849 Y28.176
G1 F1500 X151.149 Y20.475 E292.54063
G0 F7500 X151.149 Y19.91
G1 F1500 X158.849 Y27.61 E293.08391
G0 F7500 X158.849 Y27.044
G1 F1500 X151.149 Y19.344 E293.62718
G0 F7500 X151.149 Y18.778
G1 F1500 X158.849 Y26.479 E294.1705
G0 F7500 X158.849 Y25.913
G1 F1500 X151.149 Y18.212 E294.71381
G0 F7500 X151.149 Y17.647
G1 F1500 X158.849 Y25.347 E295.25709
G0 F7500 X158.849 Y24.781
G1 F1500 X150.391 Y16.324 E295.85381
G0 F7500 X149.826 Y16.324
G1 F1500 X151.025 Y17.524 E295.93844
G0 F7500 X150.46 Y17.524
G1 F1500 X149.26 Y16.324 E296.02311
G0 F7500 X148.694 Y16.324
G1 F1500 X149.894 Y17.524 E296.10777
G0 F7500 X149.328 Y17.524
G1 F1500 X148.128 Y16.324 E296.19244
G0 F7500 X147.563 Y16.324
G1 F1500 X148.763 Y17.524 E296.2771
G0 F7500 X148.197 Y17.524
G1 F1500 X146.997 Y16.324 E296.36177
G0 F7500 X146.431 Y16.324
G1 F1500 X147.631 Y17.524 E296.44644
G0 F7500 X147.066 Y17.524
G1 F1500 X145.866 Y16.324 E296.5311
G0 F7500 X145.3 Y16.324
G1 F1500 X146.5 Y17.524 E296.61577
G0 F7500 X145.934 Y17.524
G1 F1500 X144.734 Y16.324 E296.70044
G0 F7500 X144.169 Y16.324
G1 F1500 X145.369 Y17.524 E296.7851
G0 F7500 X144.803 Y17.524
G1 F1500 X143.603 Y16.324 E296.86977
G0 F7500 X143.037 Y16.324
G1 F1500 X144.237 Y17.524 E296.95444
G0 F7500 X143.849 Y17.701
G1 F1500 X142.472 Y16.324 E297.05159
G0 F7500 X141.906 Y16.324
G1 F1500 X143.849 Y18.267 E297.18868
G0 F7500 X143.849 Y18.833
G1 F1500 X141.34 Y16.324 E297.3657
G0 F7500 X140.775 Y16.324
G1 F1500 X143.849 Y19.398 E297.58259
G0 F7500 X143.849 Y19.964
G1 F1500 X140.209 Y16.324 E297.83941
G0 F7500 X139.643 Y16.324
G1 F1500 X143.849 Y20.53 E298.13617
G0 F7500 X143.849 Y21.095
G1 F1500 X139.078 Y16.324 E298.47279
G0 F7500 X138.512 Y16.324
G1 F1500 X143.849 Y21.661 E298.84934
G0 F7500 X143.849 Y22.227
G1 F1500 X137.946 Y16.324 E299.26583
G0 F7500 X137.946 Y15.884
G0 X150.957 Y15.884
G0 X150.957 Y16.324
G1 F1500 X158.849 Y24.216 E299.82265
G0 F7500 X158.849 Y23.65
G1 F1500 X151.523 Y16.324 E300.33954
G0 F7500 X152.088 Y16.324
G1 F1500 X158.849 Y23.084 E300.81653
G0 F7500 X158.849 Y22.519
G1 F1500 X152.654 Y16.324 E301.25362
G0 F7500 X153.22 Y16.324
G1 F1500 X158.849 Y21.953 E301.65078
G0 F7500 X158.849 Y21.387
G1 F1500 X153.785 Y16.324 E302.00804
G0 F7500 X154.351 Y16.324
G1 F1500 X158.849 Y20.822 E302.3254
G0 F7500 X158.849 Y20.256
G1 F1500 X154.917 Y16.324 E302.60282
G0 F7500 X155.482 Y16.324
G1 F1500 X158.849 Y19.69 E302.84034
G0 F7500 X158.849 Y19.125
G1 F1500 X156.048 Y16.324 E303.03797
G0 F7500 X156.614 Y16.324
G1 F1500 X158.849 Y18.559 E303.19566
G0 F7500 X158.849 Y17.993
G1 F1500 X157.179 Y16.324 E303.31345
G0 F7500 X157.745 Y16.324
G1 F1500 X158.849 Y17.428 E303.39135
G0 F7500 X158.849 Y16.862
G1 F1500 X158.311 Y16.324 E303.42931
G1 F1500 E296.92931
G0 F7500 X158.311 Y15.884
G0 X159.218 Y15.956
G0 X159.218 Y39.392
G0 X84.844 Y39.464
G1 F1500 E303.42931
G0 F7500 X84.844 Y39.023
G1 F1500 X72.669 Y26.848 E304.28832
G0 F7500 X72.788 Y27.534
G1 F1500 X84.278 Y39.023 E305.09896
G0 F7500 X83.712 Y39.023
G1 F1500 X72.758 Y28.069 E305.87183
G0 F7500 X72.655 Y28.531
G1 F1500 X83.147 Y39.023 E306.6121
G0 F7500 X82.581 Y39.023
G1 F1500 X72.499 Y28.941 E307.32343
G0 F7500 X72.275 Y29.283
G1 F1500 X82.015 Y39.023 E308.01064
G0 F7500 X81.45 Y39.023
G1 F1500 X72.029 Y29.603 E308.67531
G0 F7500 X71.728 Y29.868
G1 F1500 X80.884 Y39.023 E309.32128
G0 F7500 X80.318 Y39.023
G1 F1500 X71.388 Y30.093 E309.95134
G0 F7500 X71.017 Y30.288
G1 F1500 X79.753 Y39.023 E310.56768
G0 F7500 X79.187 Y39.023
G1 F1500 X70.568 Y30.404 E311.17579
G0 F7500 X70.06 Y30.462
G1 F1500 X78.621 Y39.023 E311.77982
G0 F7500 X78.056 Y39.023
G1 F1500 X69.439 Y30.407 E312.38776
G0 F7500 X69.544 Y29.981
G0 X68.711 Y29.65
G0 X68.506 Y30.04
G1 F1500 X77.49 Y39.023 E313.02159
G0 F7500 X77.49 Y39.374
G1 F1500 E306.52159
;MESH:NONMESH
G0 F300 X77.49 Y39.374 Z0.6
G0 F7500 X77.49 Y39.464
G0 X72.025 Y39.364
G0 X71.898 Y40.832
G0 X70.119 Y28.648
G0 X70.296 Y30.103
G0 X70.272 Y29.912
;TIME_ELAPSED:296.062059
;LAYER:1
M106 S127.5
;TYPE:WALL-INNER
;MESH:realsense_camera_clamp-Body.stl
G1 F1500 E313.02159
G1 X70.799 Y29.782 E313.04867
G1 X71.28 Y29.53 E313.07577
G1 X71.688 Y29.169 E313.10295
G1 X71.996 Y28.722 E313.13003
G1 X72.189 Y28.213 E313.15719
G1 X72.254 Y27.674 E313.18427
G1 X72.189 Y27.135 E313.21136
G1 X71.996 Y26.626 E313.23852
G1 X71.688 Y26.179 E313.2656
G1 X71.28 Y25.818 E313.29278
G1 X70.799 Y25.566 E313.31987
G1 X70.272 Y25.436 E313.34695
G1 X69.728 Y25.436 E313.37409
G1 X69.201 Y25.566 E313.40117
G1 X68.72 Y25.818 E313.42826
G1 X68.312 Y26.179 E313.45544
G1 X68.004 Y26.626 E313.48252
G1 X67.811 Y27.135 E313.50968
G1 X67.746 Y27.674 E313.53677
G1 X67.811 Y28.213 E313.56385
G1 X68.004 Y28.722 E313.59101
G1 X68.312 Y29.169 E313.61809
G1 X68.72 Y29.53 E313.64527
G1 X69.201 Y29.782 E313.67236
G1 X69.728 Y29.912 E313.69944
G1 X70.272 Y29.912 E313.72658
G0 F8250 X70.223 Y29.512
;TYPE:WALL-OUTER
G1 F1500 X70.656 Y29.405 E313.74883
G1 X71.051 Y29.198 E313.77108
G1 X71.386 Y28.902 E313.79339
G1 X71.639 Y28.535 E313.81562
G1 X71.798 Y28.117 E313.83794
G1 X71.851 Y27.674 E313.8602
G1 X71.798 Y27.231 E313.88245
G1 X71.639 Y26.813 E313.90477
G1 X71.386 Y26.446 E313.92701
G1 X71.051 Y26.15 E313.94931
G1 X70.656 Y25.943 E313.97156
G1 X70.223 Y25.836 E313.99381
G1 X69.777 Y25.836 E314.01606
G1 X69.344 Y25.943 E314.03831
G1 X68.949 Y26.15 E314.06056
G1 X68.614 Y26.446 E314.08286
G1 X68.361 Y26.813 E314.1051
G1 X68.202 Y27.231 E314.12741
G1 X68.149 Y27.674 E314.14967
G1 X68.202 Y28.117 E314.17193
G1 X68.361 Y28.535 E314.19424
G1 X68.614 Y28.902 E314.21648
G1 X68.949 Y29.198 E314.23879
G1 X69.344 Y29.405 E314.26103
G1 X69.777 Y29.512 E314.28329
G1 X70.223 Y29.512 E314.30554
G0 F8250 X70.417 Y29.465
G0 X70.521 Y29.892
G1 F1500 E307.80554
G0 F8250 X71.832 Y29.296
G0 X70.736 Y28.324
G0 X114.264 Y28.324
G0 X113.168 Y29.296
G0 X114.728 Y29.912
;TYPE:WALL-INNER
G1 F1500 E314.30554
G1 X115.272 Y29.912 E314.33268
G1 X115.799 Y29.782 E314.35976
G1 X116.28 Y29.53 E314.38685
G1 X116.688 Y29.169 E314.41403
G1 X116.996 Y28.722 E314.44111
G1 X117.189 Y28.213 E314.46827
G1 X117.254 Y27.674 E314.49535
G1 X117.189 Y27.135 E314.52244
G1 X116.996 Y26.626 E314.5496
G1 X116.688 Y26.179 E314.57668
G1 X116.28 Y25.818 E314.60386
G1 X115.799 Y25.566 E314.63095
G1 X115.272 Y25.436 E314.65803
G1 X114.728 Y25.436 E314.68517
G1 X114.201 Y25.566 E314.71225
G1 X113.72 Y25.818 E314.73934
G1 X113.312 Y26.179 E314.76652
G1 X113.004 Y26.626 E314.7936
G1 X112.811 Y27.135 E314.82076
G1 X112.746 Y27.674 E314.84785
G1 X112.811 Y28.213 E314.87493
G1 X113.004 Y28.722 E314.90209
G1 X113.312 Y29.169 E314.92918
G1 X113.72 Y29.53 E314.95635
G1 X114.201 Y29.782 E314.98345
G1 X114.728 Y29.912 E315.01053
G0 F8250 X114.777 Y29.512
;TYPE:WALL-OUTER
G1 F1500 X115.223 Y29.512 E315.03278
G1 X115.656 Y29.405 E315.05503
G1 X116.051 Y29.198 E315.07728
G1 X116.386 Y28.902 E315.09958
G1 X116.639 Y28.535 E315.12182
G1 X116.798 Y28.117 E315.14413
G1 X116.851 Y27.674 E315.16639
G1 X116.798 Y27.231 E315.18865
G1 X116.639 Y26.813 E315.21096
G1 X116.386 Y26.446 E315.2332
G1 X116.051 Y26.15 E315.2555
G1 X115.656 Y25.943 E315.27775
G1 X115.223 Y25.836 E315.3
G1 X114.777 Y25.836 E315.32225
G1 X114.344 Y25.943 E315.34451
G1 X113.949 Y26.15 E315.36676
G1 X113.614 Y26.446 E315.38906
G1 X113.361 Y26.813 E315.4113
G1 X113.202 Y27.231 E315.43361
G1 X113.149 Y27.674 E315.45587
G1 X113.202 Y28.117 E315.47813
G1 X113.361 Y28.535 E315.50044
G1 X113.614 Y28.902 E315.52268
G1 X113.949 Y29.198 E315.54498
G1 X114.344 Y29.405 E315.56723
G1 X114.777 Y29.512 E315.58948
G0 F8250 X114.977 Y29.512
G0 X114.977 Y29.952
G1 F1500 E309.08948
G0 F8250 X116.187 Y29.396
G0 X117.375 Y28.26
G0 X115.953 Y27.908
G0 X145.665 Y20.347
G0 X144.23 Y20.347
G0 X144.4 Y22.274
;TYPE:WALL-INNER
G1 F1500 E315.58948
G1 X150.6 Y22.274 E315.8988
G1 X150.6 Y18.074 E316.10834
G1 X144.4 Y18.074 E316.41766
G1 X144.4 Y22.274 E316.6272
G0 F8250 X144.8 Y21.874
;TYPE:WALL-OUTER
G1 F1500 X150.2 Y21.874 E316.8966
G1 X150.2 Y18.474 E317.06623
G1 X144.8 Y18.474 E317.33564
G1 X144.8 Y21.874 E317.50526
G0 F8250 X145 Y21.874
G0 X145 Y22.314
G1 F1500 E311.00526
G0 F8250 X144.4 Y22.464
G0 X145.653 Y21.021
G0 X145.653 Y34.327
G0 X144.4 Y32.884
G0 X144.4 Y37.274
;TYPE:WALL-INNER
G1 F1500 E317.50526
G1 X150.6 Y37.274 E317.81458
G1 X150.6 Y33.074 E318.02412
G1 X144.4 Y33.074 E318.33344
G1 X144.4 Y37.274 E318.54298
G0 F8250 X144.8 Y36.874
;TYPE:WALL-OUTER
G1 F1500 X150.2 Y36.874 E318.81239
G1 X150.2 Y33.474 E318.98201
G1 X144.8 Y33.474 E319.25142
G1 X144.8 Y36.874 E319.42105
G0 F8250 X145 Y36.874
G0 X145 Y37.314
G1 F1500 E312.92105
G0 F8250 X150.796 Y37.47
G0 X150.796 Y39.364
G0 X159.4 Y39.574
;TYPE:WALL-INNER
G1 F1500 E319.42105
G1 X72.018 Y39.574 E323.78055
G1 X70.023 Y39.4 E323.88046
G1 X68.106 Y38.886 E323.97948
G1 X66.301 Y38.044 E324.07885
G1 X64.671 Y36.903 E324.17811
G1 X63.271 Y35.504 E324.27686
G1 X62.13 Y33.873 E324.37616
G1 X61.288 Y32.068 E324.47553
G1 X60.774 Y30.151 E324.57455
G1 X60.6 Y28.162 E324.67416
G1 X60.6 Y27.186 E324.72285
G1 X60.774 Y25.197 E324.82246
G1 X61.288 Y23.28 E324.92148
G1 X62.13 Y21.475 E325.02085
G1 X63.271 Y19.845 E325.12011
G1 X64.669 Y18.448 E325.21871
G1 X66.304 Y17.303 E325.3183
G1 X68.106 Y16.462 E325.41751
G1 X70.023 Y15.948 E325.51653
G1 X72.018 Y15.774 E325.61643
G1 X159.4 Y15.774 E329.97594
G1 X159.4 Y39.574 E331.16333
G0 F8250 X159.8 Y39.974
;TYPE:WALL-OUTER
G1 F1500 X72.006 Y39.974 E335.54339
G1 X69.952 Y39.795 E335.64625
G1 X67.965 Y39.262 E335.74889
G1 X66.102 Y38.393 E335.85145
G1 X64.412 Y37.21 E335.95436
G1 X62.964 Y35.763 E336.05649
G1 X61.781 Y34.072 E336.15945
G1 X60.912 Y32.209 E336.26201
G1 X60.379 Y30.222 E336.36465
G1 X60.2 Y28.174 E336.46721
G1 X60.2 Y27.174 E336.5171
G1 X60.379 Y25.126 E336.61967
G1 X60.912 Y23.139 E336.72231
G1 X61.781 Y21.276 E336.82487
G1 X62.964 Y19.586 E336.92778
G1 X64.412 Y18.139 E337.02991
G1 X66.102 Y16.955 E337.13286
G1 X67.965 Y16.086 E337.23542
G1 X69.952 Y15.553 E337.33806
G1 X72.006 Y15.374 E337.44092
G1 X159.8 Y15.374 E341.82098
G1 X159.8 Y39.974 E343.04828
G0 F8250 X159.6 Y39.974
G0 X159.36 Y39.534
G0 X159.01 Y39.184
;TYPE:SKIN
G1 F1500 X72.029 Y39.184 E347.38778
G1 X70.096 Y39.016 E347.48458
G1 X68.236 Y38.517 E347.58066
G1 X66.501 Y37.708 E347.67616
G1 X64.915 Y36.597 E347.77277
G1 X63.577 Y35.26 E347.86714
G1 X62.466 Y33.673 E347.96379
G1 X61.657 Y31.938 E348.0593
G1 X61.158 Y30.078 E348.15537
G1 X60.99 Y28.162 E348.25133
G1 X60.99 Y27.186 E348.30002
G1 X61.158 Y25.27 E348.39598
G1 X61.657 Y23.41 E348.49206
G1 X62.466 Y21.675 E348.58756
G1 X63.577 Y20.089 E348.68417
G1 X64.913 Y18.754 E348.7784
G1 X66.504 Y17.639 E348.87533
G1 X68.236 Y16.831 E348.97068
G1 X70.096 Y16.332 E349.06675
G1 X72.029 Y16.164 E349.16355
G1 X159.01 Y16.164 E353.50305
G1 X159.01 Y39.184 E354.65153
G1 F1500 E348.15153
G0 F8250 X159.29 Y39.184
G0 X159.19 Y37.414
G0 X160.665 Y37.414
G0 X149.347 Y36.021
G0 X150.79 Y37.414
G1 F1500 E354.65153
G0 F8250 X150.99 Y37.664
G1 F1500 X150.99 Y32.684 E354.89998
G1 X144.01 Y32.684 E355.24821
G1 X144.01 Y37.664 E355.49667
G1 X150.99 Y37.664 E355.8449
G1 F1500 E349.3449
G0 F8250 X150.71 Y37.414
G0 X150.71 Y32.884
G0 X149.347 Y34.327
G0 X149.347 Y21.021
G0 X150.71 Y22.464
G1 F1500 E355.8449
G0 F8250 X150.99 Y22.664
G1 F1500 X150.99 Y17.684 E356.09335
G1 X144.01 Y17.684 E356.44159
G1 X144.01 Y22.664 E356.69004
G1 X150.99 Y22.664 E357.03827
G1 F1500 E350.53827
G0 F8250 X150.71 Y22.414
G0 X146.536 Y22.444
G0 X146.536 Y21.009
G0 X115.981 Y27.674
G0 X117.446 Y27.674
G0 X117.297 Y28.241
G1 F1500 E357.03827
G0 F8250 X117.571 Y28.307
G1 F1500 X117.646 Y27.674 E357.07007
G1 X117.571 Y27.041 E357.10188
G1 X117.343 Y26.443 E357.13381
G1 X116.982 Y25.918 E357.16559
G1 X116.502 Y25.494 E357.19754
G1 X115.938 Y25.199 E357.2293
G1 X115.319 Y25.046 E357.26111
G1 X114.681 Y25.046 E357.29294
G1 X114.062 Y25.199 E357.32475
G1 X113.498 Y25.494 E357.35651
G1 X113.018 Y25.918 E357.38846
G1 X112.657 Y26.443 E357.42025
G1 X112.429 Y27.041 E357.45218
G1 X112.354 Y27.674 E357.48398
G1 X112.429 Y28.307 E357.51578
G1 X112.657 Y28.905 E357.54771
G1 X113.018 Y29.43 E357.57949
G1 X113.498 Y29.854 E357.61145
G1 X114.062 Y30.149 E357.6432
G1 X114.681 Y30.302 E357.67501
G1 X115.319 Y30.302 E357.70684
G1 X115.938 Y30.149 E357.73865
G1 X116.502 Y29.854 E357.77041
G1 X116.982 Y29.43 E357.80236
G1 X117.343 Y28.905 E357.83415
G1 X117.571 Y28.307 E357.86608
G1 F1500 E351.36608
G0 F8250 X117.297 Y28.241
G0 X116.566 Y29.062
G0 X116.187 Y29.396
G0 X115.741 Y29.63
G0 X115.251 Y29.751
G0 X114.749 Y29.751
G0 X114.259 Y29.63
G0 X113.813 Y29.396
G0 X113.507 Y29.126
G0 X112.554 Y27.674
G0 X114.019 Y27.674
G0 X70.981 Y27.674
G0 X72.446 Y27.674
G0 X72.297 Y28.241
G1 F1500 E357.86608
G0 F8250 X72.571 Y28.307
G1 F1500 X72.646 Y27.674 E357.89788
G1 X72.571 Y27.041 E357.92968
G1 X72.343 Y26.443 E357.96161
G1 X71.982 Y25.918 E357.9934
G1 X71.502 Y25.494 E358.02535
G1 X70.938 Y25.199 E358.0571
G1 X70.319 Y25.046 E358.08891
G1 X69.681 Y25.046 E358.12074
G1 X69.062 Y25.199 E358.15256
G1 X68.498 Y25.494 E358.18431
G1 X68.018 Y25.918 E358.21626
G1 X67.657 Y26.443 E358.24805
G1 X67.429 Y27.041 E358.27998
G1 X67.354 Y27.674 E358.31178
G1 X67.429 Y28.307 E358.34358
G1 X67.657 Y28.905 E358.37551
G1 X68.018 Y29.43 E358.4073
G1 X68.498 Y29.854 E358.43925
G1 X69.062 Y30.149 E358.471
G1 X69.681 Y30.302 E358.50282
G1 X70.319 Y30.302 E358.53465
G1 X70.938 Y30.149 E358.56646
G1 X71.502 Y29.854 E358.59821
G1 X71.982 Y29.43 E358.63016
G1 X72.343 Y28.905 E358.66195
G1 X72.571 Y28.307 E358.69388
G1 F1500 E352.19388
G0 F8250 X72.297 Y28.241
G0 X72.032 Y27.174
G0 X71.852 Y26.701
G0 X71.566 Y26.286
G0 X71.187 Y25.952
G0 X70.827 Y25.763
G0 X69.133 Y25.386
G0 X69.652 Y26.757
G0 X63.763 Y17.566
G0 X64.806 Y18.608
G0 X66.085 Y17.592
G1 F1500 E358.69388
G0 F8250 X66.335 Y17.952
G1 F1500 X62.775 Y21.511 E358.94502
G0 F8250 X62.417 Y21.259
G0 X61.777 Y22.494
G0 X62.173 Y22.679
G1 F1500 X67.506 Y17.346 E359.32129
G0 F8250 X67.322 Y16.95
G0 X68.379 Y16.503
G0 X68.491 Y16.926
G1 F1500 X61.752 Y23.666 E359.7968
G0 F8250 X61.545 Y24.439
G1 F1500 X69.264 Y16.719 E360.34146
G0 F8250 X70.037 Y16.512
G1 F1500 X61.337 Y25.211 E360.95525
G0 F8250 X61.266 Y25.848
G1 F1500 X70.674 Y16.44 E361.61904
G0 F8250 X71.293 Y16.387
G1 F1500 X61.212 Y26.469 E362.33034
G0 F8250 X61.157 Y27.089
G1 F1500 X71.912 Y16.334 E363.08916
G0 F8250 X72.489 Y16.323
G1 F1500 X61.149 Y27.663 E363.88926
G0 F8250 X61.154 Y28.223
G1 F1500 X73.054 Y16.323 E364.72887
G0 F8250 X73.62 Y16.323
G1 F1500 X61.2 Y28.743 E365.60517
G0 F8250 X61.246 Y29.263
G1 F1500 X74.186 Y16.323 E366.51816
G0 F8250 X74.751 Y16.323
G1 F1500 X61.292 Y29.783 E367.4678
G0 F8250 X61.373 Y30.267
G1 F1500 X75.317 Y16.323 E368.45162
G0 F8250 X75.883 Y16.323
G1 F1500 X61.492 Y30.713 E369.46695
G0 F8250 X61.613 Y31.159
G1 F1500 X76.448 Y16.323 E370.51367
G0 F8250 X77.014 Y16.323
G1 F1500 X61.732 Y31.605 E371.5919
G0 F8250 X61.874 Y32.029
G1 F1500 X67.498 Y26.404 E371.98874
G0 F8250 X67.245 Y27.224
G1 F1500 X62.054 Y32.414 E372.35496
G0 F8250 X62.235 Y32.799
G1 F1500 X67.21 Y27.824 E372.70597
G0 F8250 X67.27 Y28.33
G1 F1500 X62.414 Y33.185 E373.04855
G0 F8250 X62.595 Y33.571
G1 F1500 X67.422 Y28.743 E373.38916
G0 F8250 X67.61 Y29.121
G1 F1500 X62.825 Y33.907 E373.7268
G0 F8250 X63.058 Y34.239
G1 F1500 X67.841 Y29.456 E374.06427
G0 F8250 X68.124 Y29.738
G1 F1500 X63.291 Y34.572 E374.4053
G0 F8250 X63.524 Y34.904
G1 F1500 X68.43 Y29.999 E374.75141
G0 F8250 X68.801 Y30.193
G1 F1500 X63.768 Y35.226 E375.10651
G0 F8250 X64.051 Y35.509
G1 F1500 X69.21 Y30.349 E375.47054
G0 F8250 X69.664 Y30.462
G1 F1500 X64.333 Y35.792 E375.84664
G0 F8250 X64.616 Y36.075
G1 F1500 X70.229 Y30.462 E376.24267
G0 F8250 X70.946 Y30.31
G1 F1500 X64.899 Y36.358 E376.66935
G0 F8250 X65.212 Y36.611
G1 F1500 X85.499 Y16.323 E378.10074
G0 F8250 X84.934 Y16.323
G1 F1500 X72.613 Y28.644 E378.97006
G0 F8250 X72.777 Y27.914
G1 F1500 X84.368 Y16.323 E379.78786
G0 F8250 X83.802 Y16.323
G1 F1500 X72.769 Y27.357 E380.56634
G0 F8250 X72.681 Y26.879
G1 F1500 X83.237 Y16.323 E381.31112
G0 F8250 X82.671 Y16.323
G1 F1500 X72.525 Y26.469 E382.02698
G0 F8250 X72.312 Y26.116
G1 F1500 X82.105 Y16.323 E382.71792
G0 F8250 X81.54 Y16.323
G1 F1500 X72.076 Y25.787 E383.38566
G0 F8250 X71.775 Y25.522
G1 F1500 X80.974 Y16.323 E384.0347
G0 F8250 X80.408 Y16.323
G1 F1500 X71.446 Y25.285 E384.66702
G0 F8250 X71.075 Y25.09
G1 F1500 X79.842 Y16.323 E385.28558
G0 F8250 X79.277 Y16.323
G1 F1500 X70.639 Y24.961 E385.89503
G0 F8250 X70.149 Y24.885
G1 F1500 X78.711 Y16.323 E386.49913
G0 F8250 X78.145 Y16.323
G1 F1500 X69.557 Y24.912 E387.10509
G0 F8250 X68.691 Y25.211
G1 F1500 X77.58 Y16.323 E387.73223
G0 F8250 X77.58 Y15.884
G0 X86.065 Y15.884
G0 X86.065 Y16.323
G1 F1500 X65.544 Y36.844 E389.18009
G0 F8250 X65.877 Y37.077
G1 F1500 X86.631 Y16.323 E390.6444
G0 F8250 X87.196 Y16.323
G1 F1500 X66.21 Y37.309 E392.12508
G0 F8250 X66.542 Y37.543
G1 F1500 X87.762 Y16.323 E393.62226
G0 F8250 X88.328 Y16.323
G1 F1500 X66.922 Y37.729 E395.13257
G0 F8250 X67.308 Y37.909
G1 F1500 X88.893 Y16.323 E396.65554
G0 F8250 X89.459 Y16.323
G1 F1500 X67.694 Y38.089 E398.19122
G0 F8250 X68.079 Y38.269
G1 F1500 X90.025 Y16.323 E399.73963
G0 F8250 X90.59 Y16.323
G1 F1500 X68.492 Y38.422 E401.29879
G0 F8250 X68.938 Y38.541
G1 F1500 X91.156 Y16.323 E402.86639
G0 F8250 X91.722 Y16.323
G1 F1500 X69.384 Y38.661 E404.44246
G0 F8250 X69.831 Y38.78
G1 F1500 X92.288 Y16.323 E406.02692
G0 F8250 X92.853 Y16.323
G1 F1500 X70.302 Y38.874 E407.61802
G0 F8250 X70.823 Y38.919
G1 F1500 X93.419 Y16.323 E409.21229
G0 F8250 X93.985 Y16.323
G1 F1500 X71.343 Y38.965 E410.8098
G0 F8250 X71.864 Y39.009
G1 F1500 X94.55 Y16.323 E412.41042
G0 F8250 X95.116 Y16.323
G1 F1500 X72.415 Y39.024 E414.0121
G0 F8250 X72.981 Y39.024
G1 F1500 X95.682 Y16.323 E415.61378
G0 F8250 X96.247 Y16.323
G1 F1500 X73.546 Y39.024 E417.21546
G0 F8250 X74.112 Y39.024
G1 F1500 X96.813 Y16.323 E418.81714
G0 F8250 X97.379 Y16.323
G1 F1500 X74.678 Y39.024 E420.41881
G0 F8250 X75.243 Y39.024
G1 F1500 X97.944 Y16.323 E422.02049
G0 F8250 X98.51 Y16.323
G1 F1500 X75.809 Y39.024 E423.62217
G0 F8250 X76.375 Y39.024
G1 F1500 X99.076 Y16.323 E425.22385
G0 F8250 X99.641 Y16.323
G1 F1500 X76.94 Y39.024 E426.82553
G0 F8250 X77.506 Y39.024
G1 F1500 X100.207 Y16.323 E428.42721
G0 F8250 X100.773 Y16.323
G1 F1500 X78.072 Y39.024 E430.02888
G0 F8250 X78.638 Y39.024
G1 F1500 X101.339 Y16.323 E431.63056
G0 F8250 X101.904 Y16.323
G1 F1500 X79.203 Y39.024 E433.23224
G0 F8250 X79.769 Y39.024
G1 F1500 X102.47 Y16.323 E434.83392
G0 F8250 X103.036 Y16.323
G1 F1500 X80.335 Y39.024 E436.4356
G0 F8250 X80.9 Y39.024
G1 F1500 X103.601 Y16.323 E438.03727
G0 F8250 X104.167 Y16.323
G1 F1500 X81.466 Y39.024 E439.63895
G0 F8250 X82.032 Y39.024
G1 F1500 X104.733 Y16.323 E441.24063
G0 F8250 X105.298 Y16.323
G1 F1500 X82.597 Y39.024 E442.84231
G0 F8250 X83.163 Y39.024
G1 F1500 X105.864 Y16.323 E444.44399
G0 F8250 X106.43 Y16.323
G1 F1500 X83.729 Y39.024 E446.04567
G0 F8250 X84.294 Y39.024
G1 F1500 X106.995 Y16.323 E447.64734
G0 F8250 X107.561 Y16.323
G1 F1500 X84.86 Y39.024 E449.24902
G0 F8250 X85.426 Y39.024
G1 F1500 X108.127 Y16.323 E450.8507
G0 F8250 X108.692 Y16.323
G1 F1500 X85.991 Y39.024 E452.45238
G0 F8250 X86.557 Y39.024
G1 F1500 X109.258 Y16.323 E454.05406
G0 F8250 X109.824 Y16.323
G1 F1500 X87.123 Y39.024 E455.65573
G0 F8250 X87.689 Y39.024
G1 F1500 X110.389 Y16.323 E457.25738
G0 F8250 X110.955 Y16.323
G1 F1500 X88.254 Y39.024 E458.85906
G0 F8250 X88.82 Y39.024
G1 F1500 X111.521 Y16.323 E460.46073
G0 F8250 X112.087 Y16.323
G1 F1500 X89.386 Y39.024 E462.06241
G0 F8250 X89.951 Y39.024
G1 F1500 X112.652 Y16.323 E463.66409
G0 F8250 X113.218 Y16.323
G1 F1500 X90.517 Y39.024 E465.26577
G0 F8250 X91.083 Y39.024
G1 F1500 X113.784 Y16.323 E466.86745
G0 F8250 X114.349 Y16.323
G1 F1500 X91.648 Y39.024 E468.46912
G0 F8250 X92.214 Y39.024
G1 F1500 X114.915 Y16.323 E470.0708
G0 F8250 X115.481 Y16.323
G1 F1500 X92.78 Y39.024 E471.67248
G0 F8250 X93.345 Y39.024
G1 F1500 X116.046 Y16.323 E473.27416
G0 F8250 X116.612 Y16.323
G1 F1500 X93.911 Y39.024 E474.87584
G0 F8250 X94.477 Y39.024
G1 F1500 X117.178 Y16.323 E476.47751
G0 F8250 X117.743 Y16.323
G1 F1500 X95.042 Y39.024 E478.07919
G0 F8250 X95.608 Y39.024
G1 F1500 X118.309 Y16.323 E479.68087
G0 F8250 X118.875 Y16.323
G1 F1500 X96.174 Y39.024 E481.28255
G0 F8250 X96.739 Y39.024
G1 F1500 X119.44 Y16.323 E482.88423
G0 F8250 X120.006 Y16.323
G1 F1500 X97.305 Y39.024 E484.48591
G0 F8250 X97.871 Y39.024
G1 F1500 X120.572 Y16.323 E486.08758
G0 F8250 X121.137 Y16.323
G1 F1500 X98.437 Y39.024 E487.68923
G0 F8250 X99.002 Y39.024
G1 F1500 X121.703 Y16.323 E489.2909
G0 F8250 X122.269 Y16.323
G1 F1500 X99.568 Y39.024 E490.89258
G0 F8250 X100.134 Y39.024
G1 F1500 X112.341 Y26.817 E491.75385
G0 F8250 X112.211 Y27.512
G1 F1500 X100.699 Y39.024 E492.56609
G0 F8250 X101.265 Y39.024
G1 F1500 X112.236 Y28.053 E493.34015
G0 F8250 X112.336 Y28.519
G1 F1500 X101.831 Y39.024 E494.08133
G0 F8250 X102.396 Y39.024
G1 F1500 X112.492 Y28.928 E494.79366
G0 F8250 X112.714 Y29.272
G1 F1500 X102.962 Y39.024 E495.48172
G0 F8250 X103.528 Y39.024
G1 F1500 X112.96 Y29.592 E496.1472
G0 F8250 X113.26 Y29.858
G1 F1500 X104.093 Y39.024 E496.79394
G0 F8250 X104.659 Y39.024
G1 F1500 X113.597 Y30.086 E497.42457
G0 F8250 X113.969 Y30.28
G1 F1500 X105.225 Y39.024 E498.0415
G0 F8250 X105.79 Y39.024
G1 F1500 X114.415 Y30.399 E498.65004
G0 F8250 X114.919 Y30.461
G1 F1500 X106.356 Y39.024 E499.25421
G0 F8250 X106.922 Y39.024
G1 F1500 X115.533 Y30.413 E499.86176
G0 F8250 X116.451 Y30.061
G1 F1500 X107.488 Y39.024 E500.49415
G0 F8250 X108.053 Y39.024
G1 F1500 X130.754 Y16.323 E502.09583
G0 F8250 X130.188 Y16.323
G1 F1500 X117.381 Y29.131 E502.99947
G0 F8250 X117.743 Y28.203
G1 F1500 X129.623 Y16.323 E503.83766
G0 F8250 X129.057 Y16.323
G1 F1500 X117.794 Y27.586 E504.63233
G0 F8250 X117.736 Y27.078
G1 F1500 X128.491 Y16.323 E505.39115
G0 F8250 X127.926 Y16.323
G1 F1500 X117.595 Y26.654 E506.12006
G0 F8250 X117.416 Y26.267
G1 F1500 X127.36 Y16.323 E506.82166
G0 F8250 X126.794 Y16.323
G1 F1500 X117.185 Y25.932 E507.49963
G0 F8250 X116.91 Y25.641
G1 F1500 X126.229 Y16.323 E508.1571
G0 F8250 X125.663 Y16.323
G1 F1500 X116.61 Y25.376 E508.79584
G0 F8250 X116.242 Y25.178
G1 F1500 X125.097 Y16.323 E509.42061
G0 F8250 X124.532 Y16.323
G1 F1500 X115.843 Y25.011 E510.03363
G0 F8250 X115.389 Y24.9
G1 F1500 X123.966 Y16.323 E510.63878
G0 F8250 X123.4 Y16.323
G1 F1500 X114.837 Y24.886 E511.24295
G0 F8250 X114.144 Y25.014
G1 F1500 X122.835 Y16.323 E511.85615
G0 F8250 X122.835 Y15.884
G0 X131.32 Y15.884
G0 X131.32 Y16.323
G1 F1500 X108.619 Y39.024 E513.45782
G0 F8250 X109.185 Y39.024
G1 F1500 X131.886 Y16.323 E515.0595
G0 F8250 X132.451 Y16.323
G1 F1500 X109.75 Y39.024 E516.66118
G0 F8250 X110.316 Y39.024
G1 F1500 X133.017 Y16.323 E518.26286
G0 F8250 X133.583 Y16.323
G1 F1500 X110.882 Y39.024 E519.86454
G0 F8250 X111.447 Y39.024
G1 F1500 X134.148 Y16.323 E521.46621
G0 F8250 X134.714 Y16.323
G1 F1500 X112.013 Y39.024 E523.06789
G0 F8250 X112.579 Y39.024
G1 F1500 X135.28 Y16.323 E524.66957
G0 F8250 X135.845 Y16.323
G1 F1500 X113.144 Y39.024 E526.27125
G0 F8250 X113.71 Y39.024
G1 F1500 X136.411 Y16.323 E527.87293
G0 F8250 X136.977 Y16.323
G1 F1500 X114.276 Y39.024 E529.4746
G0 F8250 X114.841 Y39.024
G1 F1500 X137.542 Y16.323 E531.07628
G0 F8250 X138.108 Y16.323
G1 F1500 X115.407 Y39.024 E532.67796
G0 F8250 X115.973 Y39.024
G1 F1500 X138.674 Y16.323 E534.27964
G0 F8250 X139.239 Y16.323
G1 F1500 X116.538 Y39.024 E535.88132
G0 F8250 X117.104 Y39.024
G1 F1500 X139.805 Y16.323 E537.483
G0 F8250 X140.371 Y16.323
G1 F1500 X117.67 Y39.024 E539.08467
G0 F8250 X118.236 Y39.024
G1 F1500 X140.936 Y16.323 E540.68632
G0 F8250 X141.502 Y16.323
G1 F1500 X118.801 Y39.024 E542.28799
G0 F8250 X119.367 Y39.024
G1 F1500 X142.068 Y16.323 E543.88967
G0 F8250 X142.634 Y16.323
G1 F1500 X119.933 Y39.024 E545.49135
G0 F8250 X120.498 Y39.024
G1 F1500 X143.199 Y16.323 E547.09303
G0 F8250 X143.765 Y16.323
G1 F1500 X121.064 Y39.024 E548.69471
G0 F8250 X121.63 Y39.024
G1 F1500 X144.331 Y16.323 E550.29639
G0 F8250 X144.896 Y16.323
G1 F1500 X122.195 Y39.024 E551.89806
G0 F8250 X122.761 Y39.024
G1 F1500 X143.848 Y17.937 E553.38587
G0 F8250 X143.848 Y18.502
G1 F1500 X123.327 Y39.024 E554.83377
G0 F8250 X123.892 Y39.024
G1 F1500 X143.848 Y19.068 E556.24177
G0 F8250 X143.848 Y19.634
G1 F1500 X124.458 Y39.024 E557.60984
G0 F8250 X125.024 Y39.024
G1 F1500 X143.848 Y20.199 E558.93801
G0 F8250 X143.848 Y20.765
G1 F1500 X125.589 Y39.024 E560.22628
G0 F8250 X126.155 Y39.024
G1 F1500 X143.848 Y21.331 E561.47462
G0 F8250 X143.848 Y21.896
G1 F1500 X126.721 Y39.024 E562.68306
G0 F8250 X127.286 Y39.024
G1 F1500 X143.848 Y22.462 E563.8516
G0 F8250 X144.053 Y22.823
G1 F1500 X127.852 Y39.024 E564.99466
G0 F8250 X128.418 Y39.024
G1 F1500 X144.618 Y22.823 E566.1377
G0 F8250 X145.184 Y22.823
G1 F1500 X128.984 Y39.024 E567.28073
G0 F8250 X129.549 Y39.024
G1 F1500 X145.75 Y22.823 E568.4238
G0 F8250 X146.315 Y22.823
G1 F1500 X130.115 Y39.024 E569.56683
G0 F8250 X130.681 Y39.024
G1 F1500 X146.881 Y22.823 E570.70986
G0 F8250 X147.447 Y22.823
G1 F1500 X131.246 Y39.024 E571.85293
G0 F8250 X131.812 Y39.024
G1 F1500 X148.013 Y22.823 E572.996
G0 F8250 X148.578 Y22.823
G1 F1500 X132.378 Y39.024 E574.13903
G0 F8250 X132.943 Y39.024
G1 F1500 X149.144 Y22.823 E575.2821
G0 F8250 X149.71 Y22.823
G1 F1500 X133.509 Y39.024 E576.42517
G0 F8250 X134.075 Y39.024
G1 F1500 X150.275 Y22.823 E577.5682
G0 F8250 X150.841 Y22.823
G1 F1500 X134.64 Y39.024 E578.71127
G0 F8250 X135.206 Y39.024
G1 F1500 X157.907 Y16.323 E580.31295
G0 F8250 X157.341 Y16.323
G1 F1500 X151.149 Y22.515 E580.74983
G0 F8250 X151.149 Y21.95
G1 F1500 X156.776 Y16.323 E581.14684
G0 F8250 X156.21 Y16.323
G1 F1500 X151.149 Y21.384 E581.50392
G0 F8250 X151.149 Y20.818
G1 F1500 X155.644 Y16.323 E581.82107
G0 F8250 X155.079 Y16.323
G1 F1500 X151.149 Y20.252 E582.09832
G0 F8250 X151.149 Y19.687
G1 F1500 X154.513 Y16.323 E582.33566
G0 F8250 X153.947 Y16.323
G1 F1500 X151.149 Y19.121 E582.53308
G0 F8250 X151.149 Y18.555
G1 F1500 X153.382 Y16.323 E582.69059
G0 F8250 X152.816 Y16.323
G1 F1500 X151.149 Y17.99 E582.80821
G0 F8250 X151.05 Y17.524
G1 F1500 X152.25 Y16.323 E582.89291
G0 F8250 X151.685 Y16.323
G1 F1500 X150.484 Y17.524 E582.97765
G0 F8250 X149.918 Y17.524
G1 F1500 X151.119 Y16.323 E583.06238
G0 F8250 X150.553 Y16.323
G1 F1500 X149.352 Y17.524 E583.14712
G0 F8250 X148.787 Y17.524
G1 F1500 X149.987 Y16.323 E583.23182
G0 F8250 X149.422 Y16.323
G1 F1500 X148.221 Y17.524 E583.31656
G0 F8250 X147.655 Y17.524
G1 F1500 X148.856 Y16.323 E583.4013
G0 F8250 X148.29 Y16.323
G1 F1500 X147.09 Y17.524 E583.486
G0 F8250 X146.524 Y17.524
G1 F1500 X147.725 Y16.323 E583.57074
G0 F8250 X147.159 Y16.323
G1 F1500 X145.958 Y17.524 E583.65547
G0 F8250 X145.393 Y17.524
G1 F1500 X146.593 Y16.323 E583.74017
G0 F8250 X146.028 Y16.323
G1 F1500 X144.827 Y17.524 E583.82491
G0 F8250 X144.261 Y17.524
G1 F1500 X145.462 Y16.323 E583.90965
G0 F8250 X145.462 Y15.884
G0 X158.473 Y15.884
G0 X158.473 Y16.323
G1 F1500 X135.772 Y39.024 E585.51133
G0 F8250 X136.337 Y39.024
G1 F1500 X158.849 Y16.513 E587.09964
G0 F8250 X158.849 Y17.078
G1 F1500 X136.903 Y39.024 E588.64804
G0 F8250 X137.469 Y39.024
G1 F1500 X143.848 Y32.644 E589.09815
G1 X143.969 Y32.524
G1 X158.849 Y17.644 E590.14802
G0 F8250 X158.849 Y18.21
G1 F1500 X144.535 Y32.524 E591.15795
G0 F8250 X145.101 Y32.524
G1 F1500 X158.849 Y18.775 E592.12798
G0 F8250 X158.849 Y19.341
G1 F1500 X145.666 Y32.524 E593.05811
G0 F8250 X146.232 Y32.524
G1 F1500 X158.849 Y19.907 E593.94831
G0 F8250 X158.849 Y20.472
G1 F1500 X146.798 Y32.524 E594.79861
G0 F8250 X147.363 Y32.524
G1 F1500 X158.849 Y21.038 E595.609
G0 F8250 X158.849 Y21.604
G1 F1500 X147.929 Y32.524 E596.37947
G0 F8250 X148.495 Y32.524
G1 F1500 X158.849 Y22.169 E597.11004
G0 F8250 X158.849 Y22.735
G1 F1500 X149.06 Y32.524 E597.8007
G0 F8250 X149.626 Y32.524
G1 F1500 X158.849 Y23.301 E598.45143
G0 F8250 X158.849 Y23.866
G1 F1500 X150.192 Y32.524 E599.06227
G0 F8250 X150.757 Y32.524
G1 F1500 X158.849 Y24.432 E599.6332
G0 F8250 X158.849 Y24.998
G1 F1500 X151.149 Y32.698 E600.17648
G0 F8250 X151.149 Y33.263
G1 F1500 X158.849 Y25.564 E600.71972
G0 F8250 X158.849 Y26.129
G1 F1500 X151.149 Y33.829 E601.263
G0 F8250 X151.149 Y34.395
G1 F1500 X158.849 Y26.695 E601.80627
G0 F8250 X158.849 Y27.261
G1 F1500 X151.149 Y34.96 E602.34951
G0 F8250 X151.149 Y35.526
G1 F1500 X158.849 Y27.826 E602.89279
G0 F8250 X158.849 Y28.392
G1 F1500 X151.149 Y36.092 E603.43607
G0 F8250 X151.149 Y36.657
G1 F1500 X158.849 Y28.958 E603.97931
G0 F8250 X158.849 Y29.523
G1 F1500 X151.149 Y37.223 E604.52259
G0 F8250 X151.149 Y37.789
G1 F1500 X158.849 Y30.089 E605.06586
G0 F8250 X158.849 Y30.655
G1 F1500 X150.48 Y39.024 E605.65634
G0 F8250 X151.045 Y39.024
G1 F1500 X158.849 Y31.22 E606.20695
G0 F8250 X158.849 Y31.786
G1 F1500 X151.611 Y39.024 E606.71763
G0 F8250 X152.177 Y39.024
G1 F1500 X158.849 Y32.352 E607.18838
G0 F8250 X158.849 Y32.917
G1 F1500 X152.742 Y39.024 E607.61926
G0 F8250 X153.308 Y39.024
G1 F1500 X158.849 Y33.483 E608.01021
G0 F8250 X158.849 Y34.049
G1 F1500 X153.874 Y39.024 E608.36122
G0 F8250 X154.439 Y39.024
G1 F1500 X158.849 Y34.614 E608.67237
G0 F8250 X158.849 Y35.18
G1 F1500 X155.005 Y39.024 E608.94359
G0 F8250 X155.571 Y39.024
G1 F1500 X158.849 Y35.746 E609.17487
G0 F8250 X158.849 Y36.312
G1 F1500 X156.136 Y39.024 E609.36625
G0 F8250 X156.702 Y39.024
G1 F1500 X158.849 Y36.877 E609.51773
G0 F8250 X158.849 Y37.443
G1 F1500 X157.268 Y39.024 E609.62928
G0 F8250 X157.834 Y39.024
G1 F1500 X158.849 Y38.009 E609.70089
G0 F8250 X158.849 Y38.574
G1 F1500 X158.399 Y39.024 E609.73264
G1 F1500 E603.23264
G0 F8250 X158.399 Y39.464
G0 X150.71 Y39.364
G0 X150.71 Y37.464
G1 F1500 E609.73264
G0 F8250 X151.115 Y37.823
G1 F1500 X149.914 Y39.024 E609.81738
G0 F8250 X149.348 Y39.024
G1 F1500 X150.549 Y37.823 E609.90212
G0 F8250 X149.983 Y37.823
G1 F1500 X148.783 Y39.024 E609.98682
G0 F8250 X148.217 Y39.024
G1 F1500 X149.418 Y37.823 E610.07156
G0 F8250 X148.852 Y37.823
G1 F1500 X147.651 Y39.024 E610.15629
G0 F8250 X147.085 Y39.024
G1 F1500 X148.286 Y37.823 E610.24103
G0 F8250 X147.72 Y37.823
G1 F1500 X146.52 Y39.024 E610.32573
G0 F8250 X145.954 Y39.024
G1 F1500 X147.155 Y37.823 E610.41047
G0 F8250 X146.589 Y37.823
G1 F1500 X145.388 Y39.024 E610.49521
G0 F8250 X144.823 Y39.024
G1 F1500 X146.023 Y37.823 E610.57991
G0 F8250 X145.458 Y37.823
G1 F1500 X144.257 Y39.024 E610.66465
G0 F8250 X143.691 Y39.024
G1 F1500 X144.892 Y37.823 E610.74938
G0 F8250 X144.326 Y37.823
G1 F1500 X143.126 Y39.024 E610.83408
G0 F8250 X142.56 Y39.024
G1 F1500 X143.848 Y37.736 E610.92496
G0 F8250 X143.848 Y37.17
G1 F1500 X141.994 Y39.024 E611.05577
G0 F8250 X141.429 Y39.024
G1 F1500 X143.848 Y36.604 E611.22648
G0 F8250 X143.848 Y36.039
G1 F1500 X140.863 Y39.024 E611.43709
G0 F8250 X140.297 Y39.024
G1 F1500 X143.848 Y35.473 E611.68763
G0 F8250 X143.848 Y34.907
G1 F1500 X139.732 Y39.024 E611.97807
G0 F8250 X139.166 Y39.024
G1 F1500 X143.848 Y34.342 E612.30841
G0 F8250 X143.848 Y33.776
G1 F1500 X138.6 Y39.024 E612.67868
G0 F8250 X138.035 Y39.024
G1 F1500 X143.848 Y33.21 E613.08886
G0 F8250 X144.318 Y32.992
G1 F1500 E606.58886
;MESH:NONMESH
G0 F300 X144.318 Y32.992 Z0.9
G0 F8250 X144.23 Y35.347
G0 X145.665 Y35.347
G0 X70.736 Y28.324
G0 X71.832 Y29.296
G0 X70.272 Y29.912
;TIME_ELAPSED:575.956121
;LAYER:2
M106 S255
;TYPE:WALL-INNER
;MESH:realsense_camera_clamp-Body.stl
G1 F1500 E613.08886
G1 X70.799 Y29.782 E613.11594
G1 X71.28 Y29.53 E613.14303
G1 X71.688 Y29.169 E613.17021
G1 X71.996 Y28.722 E613.19729
G1 X72.189 Y28.213 E613.22445
G1 X72.254 Y27.674 E613.25154
G1 X72.189 Y27.135 E613.27862
G1 X71.996 Y26.626 E613.30578
G1 X71.688 Y26.179 E613.33286
G1 X71.28 Y25.818 E613.36004
G1 X70.799 Y25.566 E613.38713
G1 X70.272 Y25.436 E613.41421
G1 X69.728 Y25.436 E613.44135
G1 X69.201 Y25.566 E613.46843
G1 X68.72 Y25.818 E613.49552
G1 X68.312 Y26.179 E613.5227
G1 X68.004 Y26.626 E613.54979
G1 X67.811 Y27.135 E613.57694
G1 X67.746 Y27.674 E613.60403
G1 X67.811 Y28.213 E613.63111
G1 X68.004 Y28.722 E613.65827
G1 X68.312 Y29.169 E613.68536
G1 X68.72 Y29.53 E613.71253
G1 X69.201 Y29.782 E613.73963
G1 X69.728 Y29.912 E613.76671
G1 X70.272 Y29.912 E613.79385
G0 F9000 X70.223 Y29.512
;TYPE:WALL-OUTER
G1 F1500 X70.656 Y29.405 E613.8161
G1 X71.051 Y29.198 E613.83835
G1 X71.386 Y28.902 E613.86065
G1 X71.639 Y28.535 E613.88289
G1 X71.798 Y28.117 E613.9052
G1 X71.851 Y27.674 E613.92746
G1 X71.798 Y27.231 E613.94972
G1 X71.639 Y26.813 E613.97203
G1 X71.386 Y26.446 E613.99427
G1 X71.051 Y26.15 E614.01657
G1 X70.656 Y25.943 E614.03882
G1 X70.223 Y25.836 E614.06107
G1 X69.777 Y25.836 E614.08332
G1 X69.344 Y25.943 E614.10558
G1 X68.949 Y26.15 E614.12782
G1 X68.614 Y26.446 E614.15013
G1 X68.361 Y26.813 E614.17237
G1 X68.202 Y27.231 E614.19468
G1 X68.149 Y27.674 E614.21694
G1 X68.202 Y28.117 E614.2392
G1 X68.361 Y28.535 E614.26151
G1 X68.614 Y28.902 E614.28375
G1 X68.949 Y29.198 E614.30605
G1 X69.344 Y29.405 E614.3283
G1 X69.777 Y29.512 E614.35055
G1 X70.223 Y29.512 E614.3728
G0 F9000 X70.417 Y29.465
G0 X70.521 Y29.892
G1 F1500 E607.8728
G0 F9000 X71.832 Y29.296
G0 X70.736 Y28.324
G0 X114.264 Y28.324
G0 X113.168 Y29.296
G0 X114.728 Y29.912
;TYPE:WALL-INNER
G1 F1500 E614.3728
G1 X115.272 Y29.912 E614.39994
G1 X115.799 Y29.782 E614.42702
G1 X116.28 Y29.53 E614.45411
G1 X116.688 Y29.169 E614.48129
G1 X116.996 Y28.722 E614.50837
G1 X117.189 Y28.213 E614.53553
G1 X117.254 Y27.674 E614.56262
G1 X117.189 Y27.135 E614.5897
G1 X116.996 Y26.626 E614.61686
G1 X116.688 Y26.179 E614.64394
G1 X116.28 Y25.818 E614.67112
G1 X115.799 Y25.566 E614.69822
G1 X115.272 Y25.436 E614.7253
G1 X114.728 Y25.436 E614.75244
G1 X114.201 Y25.566 E614.77952
G1 X113.72 Y25.818 E614.80661
G1 X113.312 Y26.179 E614.83379
G1 X113.004 Y26.626 E614.86087
G1 X112.811 Y27.135 E614.88803
G1 X112.746 Y27.674 E614.91511
G1 X112.811 Y28.213 E614.9422
G1 X113.004 Y28.722 E614.96936
G1 X113.312 Y29.169 E614.99644
G1 X113.72 Y29.53 E615.02362
G1 X114.201 Y29.782 E615.05071
G1 X114.728 Y29.912 E615.07779
G0 F9000 X114.777 Y29.512
;TYPE:WALL-OUTER
G1 F1500 X115.223 Y29.512 E615.10004
G1 X115.656 Y29.405 E615.12229
G1 X116.051 Y29.198 E615.14454
G1 X116.386 Y28.902 E615.16684
G1 X116.639 Y28.535 E615.18908
G1 X116.798 Y28.117 E615.21139
G1 X116.851 Y27.674 E615.23365
G1 X116.798 Y27.231 E615.25591
G1 X116.639 Y26.813 E615.27822
G1 X116.386 Y26.446 E615.30046
G1 X116.051 Y26.15 E615.32277
G1 X115.656 Y25.943 E615.34501
G1 X115.223 Y25.836 E615.36727
G1 X114.777 Y25.836 E615.38952
G1 X114.344 Y25.943 E615.41177
G1 X113.949 Y26.15 E615.43402
G1 X113.614 Y26.446 E615.45632
G1 X113.361 Y26.813 E615.47856
G1 X113.202 Y27.231 E615.50087
G1 X113.149 Y27.674 E615.52313
G1 X113.202 Y28.117 E615.54539
G1 X113.361 Y28.535 E615.5677
G1 X113.614 Y28.902 E615.58994
G1 X113.949 Y29.198 E615.61224
G1 X114.344 Y29.405 E615.63449
G1 X114.777 Y29.512 E615.65674
G0 F9000 X114.977 Y29.512
G0 X114.977 Y29.952
G1 F1500 E609.15674
G0 F9000 X116.187 Y29.396
G0 X117.375 Y28.26
G0 X115.953 Y27.908
G0 X145.665 Y20.347
G0 X144.23 Y20.347
G0 X144.4 Y22.274
;TYPE:WALL-INNER
G1 F1500 E615.65674
G1 X150.6 Y22.274 E615.96606
G1 X150.6 Y18.074 E616.1756
G1 X144.4 Y18.074 E616.48492
G1 X144.4 Y22.274 E616.69446
G0 F9000 X144.8 Y21.874
;TYPE:WALL-OUTER
G1 F1500 X150.2 Y21.874 E616.96387
G1 X150.2 Y18.474 E617.13349
G1 X144.8 Y18.474 E617.4029
G1 X144.8 Y21.874 E617.57253
G0 F9000 X145 Y21.874
G0 X145 Y22.314
G1 F1500 E611.07253
G0 F9000 X144.4 Y22.464
G0 X145.653 Y21.021
G0 X145.653 Y34.327
G0 X144.4 Y32.884
G0 X144.4 Y37.274
;TYPE:WALL-INNER
G1 F1500 E617.57253
G1 X150.6 Y37.274 E617.88185
G1 X150.6 Y33.074 E618.09139
G1 X144.4 Y33.074 E618.40071
G1 X144.4 Y37.274 E618.61024
G0 F9000 X144.8 Y36.874
;TYPE:WALL-OUTER
G1 F1500 X150.2 Y36.874 E618.87965
G1 X150.2 Y33.474 E619.04928
G1 X144.8 Y33.474 E619.31869
G1 X144.8 Y36.874 E619.48831
G0 F9000 X145 Y36.874
G0 X145 Y37.314
G1 F1500 E612.98831
G0 F9000 X150.796 Y37.47
G0 X150.796 Y39.364
G0 X159.4 Y39.574
;TYPE:WALL-INNER
G1 F1500 E619.48831
G1 X72.018 Y39.574 E623.84782
G1 X70.023 Y39.4 E623.94773
G1 X68.106 Y38.886 E624.04674
G1 X66.301 Y38.044 E624.14611
G1 X64.671 Y36.903 E624.24538
G1 X63.271 Y35.504 E624.34412
G1 X62.13 Y33.873 E624.44343
G1 X61.288 Y32.068 E624.54279
G1 X60.774 Y30.151 E624.64181
G1 X60.6 Y28.162 E624.74142
G1 X60.6 Y27.186 E624.79011
G1 X60.774 Y25.197 E624.88972
G1 X61.288 Y23.28 E624.98874
G1 X62.13 Y21.475 E625.08811
G1 X63.271 Y19.845 E625.18738
G1 X64.669 Y18.448 E625.28598
G1 X66.304 Y17.303 E625.38556
G1 X68.106 Y16.462 E625.48477
G1 X70.023 Y15.948 E625.58379
G1 X72.018 Y15.774 E625.6837
G1 X159.4 Y15.774 E630.0432
G1 X159.4 Y39.574 E631.23059
G0 F9000 X159.8 Y39.974
;TYPE:WALL-OUTER
G1 F1500 X72.006 Y39.974 E635.61065
G1 X69.952 Y39.795 E635.71351
G1 X67.965 Y39.262 E635.81615
G1 X66.102 Y38.393 E635.91871
G1 X64.412 Y37.21 E636.02163
G1 X62.964 Y35.763 E636.12376
G1 X61.781 Y34.072 E636.22672
G1 X60.912 Y32.209 E636.32928
G1 X60.379 Y30.222 E636.43191
G1 X60.2 Y28.174 E636.53448
G1 X60.2 Y27.174 E636.58437
G1 X60.379 Y25.126 E636.68693
G1 X60.912 Y23.139 E636.78957
G1 X61.781 Y21.276 E636.89213
G1 X62.964 Y19.586 E636.99505
G1 X64.412 Y18.139 E637.09718
G1 X66.102 Y16.955 E637.20012
G1 X67.965 Y16.086 E637.30268
G1 X69.952 Y15.553 E637.40532
G1 X72.006 Y15.374 E637.50818
G1 X159.8 Y15.374 E641.88824
G1 X159.8 Y39.974 E643.11554
G0 F9000 X159.6 Y39.974
G0 X159.36 Y39.534
G0 X159.01 Y39.184
;TYPE:SKIN
G1 F1500 X72.029 Y39.184 E647.45504
G1 X70.096 Y39.016 E647.55184
G1 X68.236 Y38.517 E647.64792
G1 X66.501 Y37.708 E647.74343
G1 X64.915 Y36.597 E647.84004
G1 X63.577 Y35.26 E647.9344
G1 X62.466 Y33.673 E648.03105
G1 X61.657 Y31.938 E648.12656
G1 X61.158 Y30.078 E648.22264
G1 X60.99 Y28.162 E648.31859
G1 X60.99 Y27.186 E648.36729
G1 X61.158 Y25.27 E648.46324
G1 X61.657 Y23.41 E648.55932
G1 X62.466 Y21.675 E648.65483
G1 X63.577 Y20.089 E648.75144
G1 X64.913 Y18.754 E648.84566
G1 X66.504 Y17.639 E648.94259
G1 X68.236 Y16.831 E649.03794
G1 X70.096 Y16.332 E649.13402
G1 X72.029 Y16.164 E649.23082
G1 X159.01 Y16.164 E653.57032
G1 X159.01 Y39.184 E654.71879
G1 F1500 E648.21879
G0 F9000 X159.29 Y39.184
G0 X159.19 Y37.414
G0 X160.665 Y37.414
G0 X149.347 Y36.021
G0 X150.79 Y37.414
G1 F1500 E654.71879
G0 F9000 X150.99 Y37.664
G1 F1500 X150.99 Y32.684 E654.96724
G1 X144.01 Y32.684 E655.31548
G1 X144.01 Y37.664 E655.56393
G1 X150.99 Y37.664 E655.91216
G1 F1500 E649.41216
G0 F9000 X150.71 Y37.414
G0 X150.71 Y32.884
G0 X149.347 Y34.327
G0 X149.347 Y21.021
G0 X150.71 Y22.464
G1 F1500 E655.91216
G0 F9000 X150.99 Y22.664
G1 F1500 X150.99 Y17.684 E656.16062
G1 X144.01 Y17.684 E656.50885
G1 X144.01 Y22.664 E656.7573
G1 X150.99 Y22.664 E657.10554
G1 F1500 E650.60554
G0 F9000 X150.71 Y22.414
G0 X146.536 Y22.444
G0 X146.536 Y21.009
G0 X115.981 Y27.674
G0 X117.446 Y27.674
G0 X117.297 Y28.241
G1 F1500 E657.10554
G0 F9000 X117.571 Y28.307
G1 F1500 X117.646 Y27.674 E657.13734
G1 X117.571 Y27.041 E657.16914
G1 X117.343 Y26.443 E657.20107
G1 X116.982 Y25.918 E657.23286
G1 X116.502 Y25.494 E657.26481
G1 X115.938 Y25.199 E657.29656
G1 X115.319 Y25.046 E657.32837
G1 X114.681 Y25.046 E657.3602
G1 X114.062 Y25.199 E657.39202
G1 X113.498 Y25.494 E657.42377
G1 X113.018 Y25.918 E657.45572
G1 X112.657 Y26.443 E657.48751
G1 X112.429 Y27.041 E657.51944
G1 X112.354 Y27.674 E657.55124
G1 X112.429 Y28.307 E657.58304
G1 X112.657 Y28.905 E657.61497
G1 X113.018 Y29.43 E657.64676
G1 X113.498 Y29.854 E657.67871
G1 X114.062 Y30.149 E657.71046
G1 X114.681 Y30.302 E657.74228
G1 X115.319 Y30.302 E657.77411
G1 X115.938 Y30.149 E657.80592
G1 X116.502 Y29.854 E657.83767
G1 X116.982 Y29.43 E657.86962
G1 X117.343 Y28.905 E657.90141
G1 X117.571 Y28.307 E657.93334
G1 F1500 E651.43334
G0 F9000 X117.297 Y28.241
G0 X116.566 Y29.062
G0 X116.187 Y29.396
G0 X115.741 Y29.63
G0 X115.251 Y29.751
G0 X114.749 Y29.751
G0 X114.259 Y29.63
G0 X113.813 Y29.396
G0 X113.507 Y29.126
G0 X112.554 Y27.674
G0 X114.019 Y27.674
G0 X70.981 Y27.674
G0 X72.446 Y27.674
G0 X72.297 Y28.241
G1 F1500 E657.93334
G0 F9000 X72.571 Y28.307
G1 F1500 X72.646 Y27.674 E657.96514
G1 X72.571 Y27.041 E657.99694
G1 X72.343 Y26.443 E658.02887
G1 X71.982 Y25.918 E658.06066
G1 X71.502 Y25.494 E658.09261
G1 X70.938 Y25.199 E658.12437
G1 X70.319 Y25.046 E658.15618
G1 X69.681 Y25.046 E658.18801
G1 X69.062 Y25.199 E658.21982
G1 X68.498 Y25.494 E658.25157
G1 X68.018 Y25.918 E658.28353
G1 X67.657 Y26.443 E658.31531
G1 X67.429 Y27.041 E658.34724
G1 X67.354 Y27.674 E658.37904
G1 X67.429 Y28.307 E658.41085
G1 X67.657 Y28.905 E658.44277
G1 X68.018 Y29.43 E658.47456
G1 X68.498 Y29.854 E658.50651
G1 X69.062 Y30.149 E658.53827
G1 X69.681 Y30.302 E658.57008
G1 X70.319 Y30.302 E658.60191
G1 X70.938 Y30.149 E658.63372
G1 X71.502 Y29.854 E658.66548
G1 X71.982 Y29.43 E658.69743
G1 X72.343 Y28.905 E658.72921
G1 X72.571 Y28.307 E658.76114
G1 F1500 E652.26114
G0 F9000 X72.297 Y28.241
G0 X71.64 Y28.979
G0 X70.296 Y30.103
G0 X70.119 Y28.648
G0 X64.528 Y38.346
G0 X65.361 Y37.154
G0 X65.787 Y37.549
G1 F1500 E658.76114
G0 F9000 X66.04 Y37.19
G1 F1500 X62.982 Y34.132 E658.9769
G0 F9000 X62.622 Y34.383
G0 X61.853 Y33.018
G0 X62.25 Y32.834
G1 F1500 X67.337 Y37.922 E659.33585
G0 F9000 X67.152 Y38.318
G0 X68.256 Y38.81
G0 X68.369 Y38.388
G1 F1500 X61.784 Y31.802 E659.8005
G0 F9000 X61.577 Y31.03
G1 F1500 X69.142 Y38.595 E660.33425
G0 F9000 X69.915 Y38.802
G1 F1500 X61.37 Y30.257 E660.93714
G0 F9000 X61.274 Y29.595
G1 F1500 X70.576 Y38.897 E661.59345
G0 F9000 X71.195 Y38.95
G1 F1500 X61.219 Y28.975 E662.29728
G0 F9000 X61.165 Y28.355
G1 F1500 X71.814 Y39.004 E663.04862
G0 F9000 X72.399 Y39.023
G1 F1500 X61.149 Y27.773 E663.84237
G0 F9000 X61.149 Y27.208
G1 F1500 X72.964 Y39.023 E664.67598
G0 F9000 X73.53 Y39.023
G1 F1500 X61.192 Y26.685 E665.54649
G0 F9000 X61.238 Y26.165
G1 F1500 X74.096 Y39.023 E666.45369
G0 F9000 X74.661 Y39.023
G1 F1500 X61.283 Y25.645 E667.39758
G0 F9000 X61.354 Y25.15
G1 F1500 X75.227 Y39.023 E668.3764
G0 F9000 X75.793 Y39.023
G1 F1500 X61.473 Y24.704 E669.38672
G0 F9000 X61.593 Y24.258
G1 F1500 X76.359 Y39.023 E670.4285
G0 F9000 X76.924 Y39.023
G1 F1500 X61.712 Y23.811 E671.50179
G0 F9000 X61.845 Y23.379
G1 F1500 X67.662 Y29.195 E671.91218
G0 F9000 X68.025 Y28.946
G0 X67.696 Y28.173
G0 X67.258 Y28.226
G1 F1500 X62.025 Y22.993 E672.28139
G0 F9000 X62.205 Y22.607
G1 F1500 X67.201 Y27.603 E672.63389
G0 F9000 X67.26 Y27.097
G1 F1500 X62.385 Y22.222 E672.97785
G0 F9000 X62.566 Y21.836
G1 F1500 X67.398 Y26.669 E673.3188
G0 F9000 X67.575 Y26.28
G1 F1500 X62.788 Y21.493 E673.65655
G0 F9000 X63.02 Y21.16
G1 F1500 X67.805 Y25.944 E673.99413
G0 F9000 X68.076 Y25.65
G1 F1500 X63.253 Y20.827 E674.33441
G0 F9000 X63.486 Y20.494
G1 F1500 X68.377 Y25.385 E674.6795
G0 F9000 X68.742 Y25.185
G1 F1500 X63.724 Y20.166 E675.03358
G0 F9000 X64.007 Y19.883
G1 F1500 X69.138 Y25.015 E675.39564
G0 F9000 X69.592 Y24.902
G1 F1500 X64.29 Y19.6 E675.76972
G0 F9000 X64.572 Y19.318
G1 F1500 X70.14 Y24.885 E676.16254
G0 F9000 X70.828 Y25.007
G1 F1500 X64.855 Y19.035 E676.58393
G0 F9000 X65.161 Y18.775
G1 F1500 X85.41 Y39.023 E678.01257
G0 F9000 X85.975 Y39.023
G1 F1500 X65.494 Y18.542 E679.45762
G0 F9000 X65.826 Y18.309
G1 F1500 X86.541 Y39.023 E680.91914
G0 F9000 X87.107 Y39.023
G1 F1500 X66.159 Y18.075 E682.39713
G0 F9000 X66.492 Y17.843
G1 F1500 X87.672 Y39.023 E683.8915
G0 F9000 X88.238 Y39.023
G1 F1500 X66.862 Y17.647 E685.39969
G0 F9000 X67.247 Y17.467
G1 F1500 X88.804 Y39.023 E686.92062
G0 F9000 X89.369 Y39.023
G1 F1500 X67.634 Y17.288 E688.45414
G0 F9000 X68.019 Y17.107
G1 F1500 X89.935 Y39.023 E690.00043
G0 F9000 X90.501 Y39.023
G1 F1500 X68.423 Y16.945 E691.55815
G0 F9000 X68.869 Y16.826
G1 F1500 X91.066 Y39.023 E693.12427
G0 F9000 X91.632 Y39.023
G1 F1500 X69.315 Y16.706 E694.69886
G0 F9000 X69.761 Y16.586
G1 F1500 X92.198 Y39.023 E696.28191
G0 F9000 X92.763 Y39.023
G1 F1500 X70.221 Y16.481 E697.87237
G0 F9000 X70.741 Y16.435
G1 F1500 X93.329 Y39.023 E699.46607
G0 F9000 X93.895 Y39.023
G1 F1500 X71.262 Y16.39 E701.06295
G0 F9000 X71.783 Y16.346
G1 F1500 X94.46 Y39.023 E702.66294
G0 F9000 X95.026 Y39.023
G1 F1500 X72.327 Y16.324 E704.26447
G0 F9000 X72.892 Y16.324
G1 F1500 X95.592 Y39.023 E705.86605
G0 F9000 X96.158 Y39.023
G1 F1500 X73.458 Y16.324 E707.46762
G0 F9000 X74.024 Y16.324
G1 F1500 X96.723 Y39.023 E709.06916
G0 F9000 X97.289 Y39.023
G1 F1500 X74.589 Y16.324 E710.67073
G0 F9000 X75.155 Y16.324
G1 F1500 X97.855 Y39.023 E712.2723
G0 F9000 X98.42 Y39.023
G1 F1500 X75.721 Y16.324 E713.87384
G0 F9000 X76.286 Y16.324
G1 F1500 X98.986 Y39.023 E715.47541
G0 F9000 X99.552 Y39.023
G1 F1500 X76.852 Y16.324 E717.07698
G0 F9000 X77.418 Y16.324
G1 F1500 X100.117 Y39.023 E718.67852
G0 F9000 X100.683 Y39.023
G1 F1500 X77.983 Y16.324 E720.28009
G0 F9000 X78.549 Y16.324
G1 F1500 X101.249 Y39.023 E721.88166
G0 F9000 X101.814 Y39.023
G1 F1500 X79.115 Y16.324 E723.4832
G0 F9000 X79.681 Y16.324
G1 F1500 X102.38 Y39.023 E725.08474
G0 F9000 X102.946 Y39.023
G1 F1500 X80.246 Y16.324 E726.68631
G0 F9000 X80.812 Y16.324
G1 F1500 X103.511 Y39.023 E728.28785
G0 F9000 X104.077 Y39.023
G1 F1500 X81.378 Y16.324 E729.88938
G0 F9000 X81.943 Y16.324
G1 F1500 X104.643 Y39.023 E731.49096
G0 F9000 X105.209 Y39.023
G1 F1500 X82.509 Y16.324 E733.09253
G0 F9000 X83.075 Y16.324
G1 F1500 X105.774 Y39.023 E734.69407
G0 F9000 X106.34 Y39.023
G1 F1500 X83.64 Y16.324 E736.29564
G0 F9000 X84.206 Y16.324
G1 F1500 X106.906 Y39.023 E737.89721
G0 F9000 X107.471 Y39.023
G1 F1500 X84.772 Y16.324 E739.49875
G0 F9000 X85.337 Y16.324
G1 F1500 X108.037 Y39.023 E741.10032
G0 F9000 X108.603 Y39.023
G1 F1500 X85.903 Y16.324 E742.70189
G0 F9000 X86.469 Y16.324
G1 F1500 X109.168 Y39.023 E744.30343
G0 F9000 X109.734 Y39.023
G1 F1500 X87.034 Y16.324 E745.905
G0 F9000 X87.6 Y16.324
G1 F1500 X110.3 Y39.023 E747.50657
G0 F9000 X110.865 Y39.023
G1 F1500 X88.166 Y16.324 E749.10811
G0 F9000 X88.732 Y16.324
G1 F1500 X111.431 Y39.023 E750.70965
G0 F9000 X111.997 Y39.023
G1 F1500 X89.297 Y16.324 E752.31122
G0 F9000 X89.863 Y16.324
G1 F1500 X112.562 Y39.023 E753.91276
G0 F9000 X113.128 Y39.023
G1 F1500 X90.429 Y16.324 E755.51429
G0 F9000 X90.994 Y16.324
G1 F1500 X113.694 Y39.023 E757.11587
G0 F9000 X114.259 Y39.023
G1 F1500 X91.56 Y16.324 E758.7174
G0 F9000 X92.126 Y16.324
G1 F1500 X114.825 Y39.023 E760.31894
G0 F9000 X115.391 Y39.023
G1 F1500 X92.691 Y16.324 E761.92051
G0 F9000 X93.257 Y16.324
G1 F1500 X115.957 Y39.023 E763.52209
G0 F9000 X116.522 Y39.023
G1 F1500 X93.823 Y16.324 E765.12362
G0 F9000 X94.388 Y16.324
G1 F1500 X117.088 Y39.023 E766.7252
G0 F9000 X117.654 Y39.023
G1 F1500 X94.954 Y16.324 E768.32677
G0 F9000 X95.52 Y16.324
G1 F1500 X118.219 Y39.023 E769.9283
G0 F9000 X118.785 Y39.023
G1 F1500 X96.085 Y16.324 E771.52988
G0 F9000 X96.651 Y16.324
G1 F1500 X119.351 Y39.023 E773.13145
G0 F9000 X119.916 Y39.023
G1 F1500 X97.217 Y16.324 E774.73299
G0 F9000 X97.782 Y16.324
G1 F1500 X120.482 Y39.023 E776.33456
G0 F9000 X121.048 Y39.023
G1 F1500 X98.348 Y16.324 E777.93613
G0 F9000 X98.914 Y16.324
G1 F1500 X121.613 Y39.023 E779.53767
G0 F9000 X122.179 Y39.023
G1 F1500 X99.48 Y16.324 E781.13921
G0 F9000 X100.045 Y16.324
G1 F1500 X112.397 Y28.676 E782.01071
G0 F9000 X112.224 Y27.937
G1 F1500 X100.611 Y16.324 E782.83007
G0 F9000 X101.177 Y16.324
G1 F1500 X112.228 Y27.375 E783.60977
G0 F9000 X112.312 Y26.894
G1 F1500 X101.742 Y16.324 E784.35554
G0 F9000 X102.308 Y16.324
G1 F1500 X112.468 Y26.484 E785.07239
G0 F9000 X112.678 Y26.129
G1 F1500 X102.874 Y16.324 E785.76415
G0 F9000 X103.439 Y16.324
G1 F1500 X112.912 Y25.796 E786.43248
G0 F9000 X113.212 Y25.531
G1 F1500 X104.005 Y16.324 E787.08209
G0 F9000 X104.571 Y16.324
G1 F1500 X113.538 Y25.291 E787.71476
G0 F9000 X113.909 Y25.097
G1 F1500 X105.136 Y16.324 E788.33374
G0 F9000 X105.702 Y16.324
G1 F1500 X114.343 Y24.965 E788.94341
G0 F9000 X114.829 Y24.885
G1 F1500 X106.268 Y16.324 E789.54743
G0 F9000 X106.833 Y16.324
G1 F1500 X115.414 Y24.905 E790.15287
G0 F9000 X116.264 Y25.189
G1 F1500 X107.399 Y16.324 E790.77834
G0 F9000 X107.965 Y16.324
G1 F1500 X130.664 Y39.023 E792.37988
G0 F9000 X130.099 Y39.023
G1 F1500 X117.511 Y26.435 E793.26803
G0 F9000 X117.755 Y27.245
G1 F1500 X129.533 Y39.023 E794.09903
G0 F9000 X128.967 Y39.023
G1 F1500 X117.784 Y27.84 E794.88805
G0 F9000 X117.726 Y28.347
G1 F1500 X128.402 Y39.023 E795.6413
G0 F9000 X127.836 Y39.023
G1 F1500 X117.569 Y28.757 E796.36566
G0 F9000 X117.379 Y29.132
G1 F1500 X127.27 Y39.023 E797.06352
G0 F9000 X126.705 Y39.023
G1 F1500 X117.149 Y29.467 E797.73775
G0 F9000 X116.864 Y29.748
G1 F1500 X126.139 Y39.023 E798.39215
G0 F9000 X125.573 Y39.023
G1 F1500 X116.556 Y30.006 E799.02835
G0 F9000 X116.184 Y30.2
G1 F1500 X125.007 Y39.023 E799.65086
G0 F9000 X124.442 Y39.023
G1 F1500 X115.773 Y30.354 E800.26251
G0 F9000 X115.314 Y30.462
G1 F1500 X123.876 Y39.023 E800.86657
G0 F9000 X123.31 Y39.023
G1 F1500 X114.749 Y30.462 E801.47059
G0 F9000 X114.025 Y30.304
G1 F1500 X122.745 Y39.023 E802.0858
G0 F9000 X122.745 Y39.464
G0 X131.23 Y39.464
G0 X131.23 Y39.023
G1 F1500 X108.53 Y16.324 E803.68737
G0 F9000 X109.096 Y16.324
G1 F1500 X131.796 Y39.023 E805.28894
G0 F9000 X132.361 Y39.023
G1 F1500 X109.662 Y16.324 E806.89048
G0 F9000 X110.228 Y16.324
G1 F1500 X132.927 Y39.023 E808.49202
G0 F9000 X133.493 Y39.023
G1 F1500 X110.793 Y16.324 E810.09359
G0 F9000 X111.359 Y16.324
G1 F1500 X134.058 Y39.023 E811.69513
G0 F9000 X134.624 Y39.023
G1 F1500 X111.925 Y16.324 E813.29666
G0 F9000 X112.49 Y16.324
G1 F1500 X135.19 Y39.023 E814.89824
G0 F9000 X135.756 Y39.023
G1 F1500 X113.056 Y16.324 E816.49981
G0 F9000 X113.622 Y16.324
G1 F1500 X136.321 Y39.023 E818.10135
G0 F9000 X136.887 Y39.023
G1 F1500 X114.187 Y16.324 E819.70292
G0 F9000 X114.753 Y16.324
G1 F1500 X137.453 Y39.023 E821.30449
G0 F9000 X138.018 Y39.023
G1 F1500 X115.319 Y16.324 E822.90603
G0 F9000 X115.884 Y16.324
G1 F1500 X138.584 Y39.023 E824.5076
G0 F9000 X139.15 Y39.023
G1 F1500 X116.45 Y16.324 E826.10917
G0 F9000 X117.016 Y16.324
G1 F1500 X139.715 Y39.023 E827.71071
G0 F9000 X140.281 Y39.023
G1 F1500 X117.581 Y16.324 E829.31228
G0 F9000 X118.147 Y16.324
G1 F1500 X140.847 Y39.023 E830.91385
G0 F9000 X141.412 Y39.023
G1 F1500 X118.713 Y16.324 E832.51539
G0 F9000 X119.279 Y16.324
G1 F1500 X141.978 Y39.023 E834.11693
G0 F9000 X142.544 Y39.023
G1 F1500 X119.844 Y16.324 E835.7185
G0 F9000 X120.41 Y16.324
G1 F1500 X143.109 Y39.023 E837.32004
G0 F9000 X143.675 Y39.023
G1 F1500 X120.976 Y16.324 E838.92157
G0 F9000 X121.541 Y16.324
G1 F1500 X144.241 Y39.023 E840.52315
G0 F9000 X144.806 Y39.023
G1 F1500 X122.107 Y16.324 E842.12468
G0 F9000 X122.673 Y16.324
G1 F1500 X143.849 Y37.5 E843.61876
G0 F9000 X144.172 Y37.823
G1 F1500 X145.372 Y39.023 E843.70343
G0 F9000 X145.938 Y39.023
G1 F1500 X144.738 Y37.823 E843.7881
G0 F9000 X145.304 Y37.823
G1 F1500 X146.504 Y39.023 E843.87276
G0 F9000 X147.069 Y39.023
G1 F1500 X145.869 Y37.823 E843.95743
G0 F9000 X146.435 Y37.823
G1 F1500 X147.635 Y39.023 E844.0421
G0 F9000 X148.201 Y39.023
G1 F1500 X147.001 Y37.823 E844.12676
G0 F9000 X147.566 Y37.823
G1 F1500 X148.766 Y39.023 E844.21143
G0 F9000 X149.332 Y39.023
G1 F1500 X148.132 Y37.823 E844.2961
G0 F9000 X148.698 Y37.823
G1 F1500 X149.898 Y39.023 E844.38076
G0 F9000 X150.463 Y39.023
G1 F1500 X149.263 Y37.823 E844.46543
G0 F9000 X149.829 Y37.823
G1 F1500 X151.029 Y39.023 E844.5501
G0 F9000 X151.595 Y39.023
G1 F1500 X150.395 Y37.823 E844.63476
G0 F9000 X150.96 Y37.823
G1 F1500 X152.16 Y39.023 E844.71943
G0 F9000 X152.726 Y39.023
G1 F1500 X151.149 Y37.446 E844.83069
G0 F9000 X151.149 Y36.88
G1 F1500 X153.292 Y39.023 E844.98189
G0 F9000 X153.857 Y39.023
G1 F1500 X151.149 Y36.314 E845.17299
G0 F9000 X151.149 Y35.749
G1 F1500 X154.423 Y39.023 E845.40399
G0 F9000 X154.989 Y39.023
G1 F1500 X151.149 Y35.183 E845.67493
G0 F9000 X151.149 Y34.617
G1 F1500 X155.555 Y39.023 E845.98579
G0 F9000 X156.12 Y39.023
G1 F1500 X151.149 Y34.052 E846.33652
G0 F9000 X151.149 Y33.486
G1 F1500 X156.686 Y39.023 E846.72719
G0 F9000 X157.252 Y39.023
G1 F1500 X151.149 Y32.92 E847.15779
G0 F9000 X150.752 Y32.524
G1 F1500 X134.552 Y16.324 E848.30079
G0 F9000 X133.986 Y16.324
G1 F1500 X150.186 Y32.524 E849.44378
G0 F9000 X149.62 Y32.524
G1 F1500 X133.421 Y16.324 E850.58675
G0 F9000 X132.855 Y16.324
G1 F1500 X149.055 Y32.524 E851.72974
G0 F9000 X148.489 Y32.524
G1 F1500 X132.289 Y16.324 E852.87274
G0 F9000 X131.724 Y16.324
G1 F1500 X147.923 Y32.524 E854.0157
G0 F9000 X147.358 Y32.524
G1 F1500 X131.158 Y16.324 E855.1587
G0 F9000 X130.592 Y16.324
G1 F1500 X146.792 Y32.524 E856.3017
G0 F9000 X146.226 Y32.524
G1 F1500 X130.027 Y16.324 E857.44466
G0 F9000 X129.461 Y16.324
G1 F1500 X145.661 Y32.524 E858.58766
G0 F9000 X145.095 Y32.524
G1 F1500 X128.895 Y16.324 E859.73065
G0 F9000 X128.329 Y16.324
G1 F1500 X144.529 Y32.524 E860.87365
G0 F9000 X143.964 Y32.524
G1 F1500 X127.764 Y16.324 E862.01665
G0 F9000 X127.198 Y16.324
G1 F1500 X143.849 Y32.975 E863.19147
G0 F9000 X143.849 Y33.54
G1 F1500 X126.632 Y16.324 E864.40618
G0 F9000 X126.067 Y16.324
G1 F1500 X143.849 Y34.106 E865.6608
G0 F9000 X143.849 Y34.672
G1 F1500 X125.501 Y16.324 E866.95535
G0 F9000 X124.935 Y16.324
G1 F1500 X143.849 Y35.237 E868.2898
G0 F9000 X143.849 Y35.803
G1 F1500 X124.37 Y16.324 E869.66415
G0 F9000 X123.804 Y16.324
G1 F1500 X143.849 Y36.369 E871.07843
G0 F9000 X143.849 Y36.935
G1 F1500 X123.238 Y16.324 E872.53265
G0 F9000 X123.238 Y15.884
G0 X135.118 Y15.884
G0 X135.118 Y16.324
G1 F1500 X157.817 Y39.023 E874.13419
G0 F9000 X158.383 Y39.023
G1 F1500 X135.683 Y16.324 E875.73576
G0 F9000 X136.249 Y16.324
G1 F1500 X158.849 Y38.924 E877.33031
G0 F9000 X158.849 Y38.358
G1 F1500 X136.815 Y16.324 E878.88493
G0 F9000 X137.38 Y16.324
G1 F1500 X143.849 Y22.792 E879.34132
G1 X143.88 Y22.823
G1 X158.849 Y37.792 E880.39746
G0 F9000 X158.849 Y37.227
G1 F1500 X144.446 Y22.823 E881.41371
G0 F9000 X145.012 Y22.823
G1 F1500 X158.849 Y36.661 E882.39002
G0 F9000 X158.849 Y36.095
G1 F1500 X145.577 Y22.823 E883.32643
G0 F9000 X146.143 Y22.823
G1 F1500 X158.849 Y35.529 E884.2229
G0 F9000 X158.849 Y34.964
G1 F1500 X146.709 Y22.823 E885.07948
G0 F9000 X147.274 Y22.823
G1 F1500 X158.849 Y34.398 E885.89616
G0 F9000 X158.849 Y33.832
G1 F1500 X147.84 Y22.823 E886.67291
G0 F9000 X148.406 Y22.823
G1 F1500 X158.849 Y33.267 E887.40975
G0 F9000 X158.849 Y32.701
G1 F1500 X148.971 Y22.823 E888.1067
G0 F9000 X149.537 Y22.823
G1 F1500 X158.849 Y32.135 E888.76371
G0 F9000 X158.849 Y31.57
G1 F1500 X150.103 Y22.823 E889.38082
G0 F9000 X150.668 Y22.823
G1 F1500 X158.849 Y31.004 E889.95804
G0 F9000 X158.849 Y30.438
G1 F1500 X151.149 Y22.738 E890.50131
G0 F9000 X151.149 Y22.172
G1 F1500 X158.849 Y29.873 E891.04462
G0 F9000 X158.849 Y29.307
G1 F1500 X151.149 Y21.607 E891.5879
G0 F9000 X151.149 Y21.041
G1 F1500 X158.849 Y28.741 E892.13118
G0 F9000 X158.849 Y28.176
G1 F1500 X151.149 Y20.475 E892.67449
G0 F9000 X151.149 Y19.91
G1 F1500 X158.849 Y27.61 E893.21777
G0 F9000 X158.849 Y27.044
G1 F1500 X151.149 Y19.344 E893.76104
G0 F9000 X151.149 Y18.778
G1 F1500 X158.849 Y26.479 E894.30435
G0 F9000 X158.849 Y25.913
G1 F1500 X151.149 Y18.212 E894.84767
G0 F9000 X151.149 Y17.647
G1 F1500 X158.849 Y25.347 E895.39094
G0 F9000 X158.849 Y24.781
G1 F1500 X150.391 Y16.324 E895.98766
G0 F9000 X149.826 Y16.324
G1 F1500 X151.025 Y17.524 E896.0723
G0 F9000 X150.46 Y17.524
G1 F1500 X149.26 Y16.324 E896.15696
G0 F9000 X148.694 Y16.324
G1 F1500 X149.894 Y17.524 E896.24163
G0 F9000 X149.328 Y17.524
G1 F1500 X148.128 Y16.324 E896.3263
G0 F9000 X147.563 Y16.324
G1 F1500 X148.763 Y17.524 E896.41096
G0 F9000 X148.197 Y17.524
G1 F1500 X146.997 Y16.324 E896.49563
G0 F9000 X146.431 Y16.324
G1 F1500 X147.631 Y17.524 E896.58029
G0 F9000 X147.066 Y17.524
G1 F1500 X145.866 Y16.324 E896.66496
G0 F9000 X145.3 Y16.324
G1 F1500 X146.5 Y17.524 E896.74963
G0 F9000 X145.934 Y17.524
G1 F1500 X144.734 Y16.324 E896.83429
G0 F9000 X144.169 Y16.324
G1 F1500 X145.369 Y17.524 E896.91896
G0 F9000 X144.803 Y17.524
G1 F1500 X143.603 Y16.324 E897.00363
G0 F9000 X143.037 Y16.324
G1 F1500 X144.237 Y17.524 E897.08829
G0 F9000 X143.849 Y17.701
G1 F1500 X142.472 Y16.324 E897.18545
G0 F9000 X141.906 Y16.324
G1 F1500 X143.849 Y18.267 E897.32254
G0 F9000 X143.849 Y18.833
G1 F1500 X141.34 Y16.324 E897.49956
G0 F9000 X140.775 Y16.324
G1 F1500 X143.849 Y19.398 E897.71645
G0 F9000 X143.849 Y19.964
G1 F1500 X140.209 Y16.324 E897.97327
G0 F9000 X139.643 Y16.324
G1 F1500 X143.849 Y20.53 E898.27003
G0 F9000 X143.849 Y21.095
G1 F1500 X139.078 Y16.324 E898.60665
G0 F9000 X138.512 Y16.324
G1 F1500 X143.849 Y21.661 E898.9832
G0 F9000 X143.849 Y22.227
G1 F1500 X137.946 Y16.324 E899.39969
G0 F9000 X137.946 Y15.884
G0 X150.957 Y15.884
G0 X150.957 Y16.324
G1 F1500 X158.849 Y24.216 E899.95651
G0 F9000 X158.849 Y23.65
G1 F1500 X151.523 Y16.324 E900.4734
G0 F9000 X152.088 Y16.324
G1 F1500 X158.849 Y23.084 E900.95039
G0 F9000 X158.849 Y22.519
G1 F1500 X152.654 Y16.324 E901.38748
G0 F9000 X153.22 Y16.324
G1 F1500 X158.849 Y21.953 E901.78464
G0 F9000 X158.849 Y21.387
G1 F1500 X153.785 Y16.324 E902.14189
G0 F9000 X154.351 Y16.324
G1 F1500 X158.849 Y20.822 E902.45925
G0 F9000 X158.849 Y20.256
G1 F1500 X154.917 Y16.324 E902.73668
G0 F9000 X155.482 Y16.324
G1 F1500 X158.849 Y19.69 E902.9742
G0 F9000 X158.849 Y19.125
G1 F1500 X156.048 Y16.324 E903.17183
G0 F9000 X156.614 Y16.324
G1 F1500 X158.849 Y18.559 E903.32952
G0 F9000 X158.849 Y17.993
G1 F1500 X157.179 Y16.324 E903.44731
G0 F9000 X157.745 Y16.324
G1 F1500 X158.849 Y17.428 E903.5252
G0 F9000 X158.849 Y16.862
G1 F1500 X158.311 Y16.324 E903.56316
G1 F1500 E897.06316
G0 F9000 X158.311 Y15.884
G0 X159.218 Y15.956
G0 X159.218 Y39.392
G0 X84.844 Y39.464
G1 F1500 E903.56316
G0 F9000 X84.844 Y39.023
G1 F1500 X72.669 Y26.848 E904.42217
G0 F9000 X72.788 Y27.534
G1 F1500 X84.278 Y39.023 E905.23282
G0 F9000 X83.712 Y39.023
G1 F1500 X72.758 Y28.069 E906.00568
G0 F9000 X72.655 Y28.531
G1 F1500 X83.147 Y39.023 E906.74595
G0 F9000 X82.581 Y39.023
G1 F1500 X72.499 Y28.941 E907.45729
G0 F9000 X72.275 Y29.283
G1 F1500 X82.015 Y39.023 E908.1445
G0 F9000 X81.45 Y39.023
G1 F1500 X72.029 Y29.603 E908.80917
G0 F9000 X71.728 Y29.868
G1 F1500 X80.884 Y39.023 E909.45514
G0 F9000 X80.318 Y39.023
G1 F1500 X71.388 Y30.093 E910.0852
G0 F9000 X71.017 Y30.288
G1 F1500 X79.753 Y39.023 E910.70153
G0 F9000 X79.187 Y39.023
G1 F1500 X70.568 Y30.404 E911.30965
G0 F9000 X70.06 Y30.462
G1 F1500 X78.621 Y39.023 E911.91368
G0 F9000 X78.056 Y39.023
G1 F1500 X69.439 Y30.407 E912.52162
G0 F9000 X69.544 Y29.981
G0 X68.711 Y29.65
G0 X68.506 Y30.04
G1 F1500 X77.49 Y39.023 E913.15545
G0 F9000 X77.49 Y39.374
;MESH:NONMESH
G0 F300 X77.49 Y39.374 Z1.2
G0 F9000 X77.49 Y39.464
G0 X72.024 Y39.403
G0 X70.055 Y39.232
G0 X68.164 Y38.724
G0 X66.387 Y37.895
G0 X64.783 Y36.773
G0 X63.401 Y35.392
G0 X62.279 Y33.787
G0 X61.45 Y32.01
G0 X60.942 Y30.119
G0 X60.771 Y28.156
G0 X60.771 Y27.192
G0 X60.908 Y25.603
G0 X61.152 Y24.081
;TIME_ELAPSED:856.008642
;LAYER:3
;TYPE:FILL
;MESH:realsense_camera_clamp-Body.stl
G1 F6000 X76.564 Y39.494 E914.24289
G0 F9000 X75.552 Y39.494
G1 F6000 X99.192 Y15.854 E915.91082
G0 F9000 X98.179 Y15.854
G1 F6000 X121.819 Y39.494 E917.57875
G0 F9000 X120.807 Y39.494
G1 F6000 X144.447 Y15.854 E919.24668
G0 F9000 X143.434 Y15.854
G1 F6000 X145.574 Y17.993 E919.39763
G0 F9000 X147.963 Y17.994
G1 F6000 X150.103 Y15.854 E919.54862
G0 F9000 X149.091 Y15.854
G1 F6000 X159.318 Y26.081 E920.27019
G0 F9000 X159.318 Y23.609
G1 F6000 X149.934 Y32.994 E920.93231
G0 F9000 X149.26 Y32.993
G1 F6000 X132.12 Y15.854 E922.1416
G0 F9000 X133.133 Y15.854
G1 F6000 X109.493 Y39.494 E923.80953
G0 F9000 X110.505 Y39.494
G1 F6000 X86.865 Y15.854 E925.47746
G0 F9000 X87.878 Y15.854
G1 F6000 X65.997 Y37.734 E927.02125
G0 F9000 X63.041 Y35.034
G1 F6000 X68.57 Y29.504 E927.41138
G0 F9000 X69.749 Y29.751
G0 X70.251 Y29.751
G0 X70.528 Y29.684
G0 X71.83 Y29.103
G1 F6000 X82.221 Y39.494 E928.14452
G0 F9000 X81.209 Y39.494
G1 F6000 X104.849 Y15.854 E929.81245
G0 F9000 X103.836 Y15.854
G1 F6000 X113.713 Y25.73 E930.50929
G0 F9000 X114.749 Y25.597
G0 X115.251 Y25.597
G0 X115.647 Y25.694
G0 X116.934 Y26.395
G1 F6000 X127.476 Y15.854 E931.25305
G0 F9000 X126.463 Y15.854
G1 F6000 X144.319 Y33.709 E932.51286
G0 F9000 X144.572 Y37.102
G0 X145.574 Y37.353
G1 F6000 X143.434 Y39.494 E932.66388
G0 F9000 X144.447 Y39.494
G1 F6000 X120.807 Y15.854 E934.33181
G0 F9000 X121.819 Y15.854
G1 F6000 X98.179 Y39.494 E935.99974
G0 F9000 X99.192 Y39.494
G1 F6000 X75.552 Y15.854 E937.66767
G0 F9000 X76.564 Y15.854
G1 F6000 X61.153 Y31.265 E938.755
G0 F9000 X60.782 Y29.368
G1 F6000 X70.802 Y39.388 E939.46196
G0 F9000 X70.063 Y39.325
G1 F6000 X93.535 Y15.854 E941.118
G0 F9000 X92.522 Y15.854
G1 F6000 X116.162 Y39.494 E942.78593
G0 F9000 X115.15 Y39.494
G1 F6000 X138.79 Y15.854 E944.45386
G0 F9000 X137.777 Y15.854
G1 F6000 X159.318 Y37.395 E945.9737
G0 F9000 X159.318 Y34.923
G1 F6000 X154.748 Y39.494 E946.29617
G0 F9000 X155.76 Y39.494
G1 F6000 X150.679 Y34.412 E946.6547
G0 F9000 X150.428 Y37.102
G0 X147.964 Y37.354
G1 F6000 X150.103 Y39.494 E946.80565
G0 F9000 X149.091 Y39.494
G1 F6000 X159.318 Y29.266 E947.52726
G0 F9000 X159.318 Y31.738
G1 F6000 X149.934 Y22.354 E948.18935
G0 F9000 X149.261 Y22.353
G1 F6000 X132.12 Y39.494 E949.39874
G0 F9000 X133.133 Y39.494
G1 F6000 X109.493 Y15.854 E951.06667
G0 F9000 X110.505 Y15.854
G1 F6000 X86.865 Y39.494 E952.7346
G0 F9000 X87.878 Y39.494
G1 F6000 X65.999 Y17.615 E954.27828
G0 F9000 X63.04 Y20.313
G1 F6000 X68.57 Y25.842 E954.66842
G0 F9000 X69.749 Y25.597
G0 X70.251 Y25.597
G0 X70.528 Y25.664
G0 X71.831 Y26.244
G1 F6000 X82.221 Y15.854 E955.40149
G0 F9000 X81.209 Y15.854
G1 F6000 X104.849 Y39.494 E957.06942
G0 F9000 X103.836 Y39.494
G1 F6000 X113.714 Y29.616 E957.76636
G0 F9000 X114.749 Y29.751
G0 X115.251 Y29.751
G0 X115.647 Y29.654
G0 X116.934 Y28.951
G1 F6000 X127.476 Y39.494 E958.51019
G0 F9000 X126.463 Y39.494
G1 F6000 X144.319 Y21.638 E959.77003
G0 F9000 X144.572 Y22.102
G0 X150.428 Y22.102
G0 X150.679 Y20.935
G1 F6000 X155.76 Y15.854 E960.12852
G0 F9000 X154.748 Y15.854
G1 F6000 X159.318 Y20.424 E960.45096
G0 F9000 X159.318 Y17.952
G1 F6000 X137.777 Y39.494 E961.97083
G0 F9000 X138.79 Y39.494
G1 F6000 X115.15 Y15.854 E963.63876
G0 F9000 X116.162 Y15.854
G1 F6000 X92.522 Y39.494 E965.30669
G0 F9000 X93.535 Y39.494
G1 F6000 X70.064 Y16.023 E966.96269
G0 F9000 X70.803 Y15.958
G1 F6000 X60.783 Y25.978 E967.66966
G0 F9000 X69.259 Y29.63
G0 X70.272 Y29.912
;TYPE:WALL-INNER
G1 F1500 X70.799 Y29.782 E967.69674
G1 X71.28 Y29.53 E967.72383
G1 X71.688 Y29.169 E967.75101
G1 X71.996 Y28.722 E967.77809
G1 X72.189 Y28.213 E967.80525
G1 X72.254 Y27.674 E967.83234
G1 X72.189 Y27.135 E967.85942
G1 X71.996 Y26.626 E967.88658
G1 X71.688 Y26.179 E967.91366
G1 X71.28 Y25.818 E967.94084
G1 X70.799 Y25.566 E967.96793
G1 X70.272 Y25.436 E967.99501
G1 X69.728 Y25.436 E968.02215
G1 X69.201 Y25.566 E968.04923
G1 X68.72 Y25.818 E968.07632
G1 X68.312 Y26.179 E968.1035
G1 X68.004 Y26.626 E968.13059
G1 X67.811 Y27.135 E968.15774
G1 X67.746 Y27.674 E968.18483
G1 X67.811 Y28.213 E968.21192
G1 X68.004 Y28.722 E968.23907
G1 X68.312 Y29.169 E968.26616
G1 X68.72 Y29.53 E968.29334
G1 X69.201 Y29.782 E968.32043
G1 X69.728 Y29.912 E968.34751
G1 X70.272 Y29.912 E968.37465
G0 F9000 X70.223 Y29.512
;TYPE:WALL-OUTER
G1 F1500 X70.656 Y29.405 E968.3969
G1 X71.051 Y29.198 E968.41915
G1 X71.386 Y28.902 E968.44145
G1 X71.639 Y28.535 E968.46369
G1 X71.798 Y28.117 E968.486
G1 X71.851 Y27.674 E968.50826
G1 X71.798 Y27.231 E968.53052
G1 X71.639 Y26.813 E968.55283
G1 X71.386 Y26.446 E968.57507
G1 X71.051 Y26.15 E968.59737
G1 X70.656 Y25.943 E968.61962
G1 X70.223 Y25.836 E968.64187
G1 X69.777 Y25.836 E968.66412
G1 X69.344 Y25.943 E968.68638
G1 X68.949 Y26.15 E968.70863
G1 X68.614 Y26.446 E968.73093
G1 X68.361 Y26.813 E968.75317
G1 X68.202 Y27.231 E968.77548
G1 X68.149 Y27.674 E968.79774
G1 X68.202 Y28.117 E968.82
G1 X68.361 Y28.535 E968.84231
G1 X68.614 Y28.902 E968.86455
G1 X68.949 Y29.198 E968.88685
G1 X69.344 Y29.405 E968.9091
G1 X69.777 Y29.512 E968.93135
G1 X70.223 Y29.512 E968.9536
G0 F9000 X70.417 Y29.465
G0 X70.521 Y29.892
G1 F1500 E962.4536
G0 F9000 X114.728 Y29.912
;TYPE:WALL-INNER
G1 F1500 E968.9536
G1 X115.272 Y29.912 E968.98074
G1 X115.799 Y29.782 E969.00782
G1 X116.28 Y29.53 E969.03491
G1 X116.688 Y29.169 E969.06209
G1 X116.996 Y28.722 E969.08918
G1 X117.189 Y28.213 E969.11633
G1 X117.254 Y27.674 E969.14342
G1 X117.189 Y27.135 E969.1705
G1 X116.996 Y26.626 E969.19766
G1 X116.688 Y26.179 E969.22475
G1 X116.28 Y25.818 E969.25192
G1 X115.799 Y25.566 E969.27902
G1 X115.272 Y25.436 E969.3061
G1 X114.728 Y25.436 E969.33324
G1 X114.201 Y25.566 E969.36032
G1 X113.72 Y25.818 E969.38741
G1 X113.312 Y26.179 E969.41459
G1 X113.004 Y26.626 E969.44167
G1 X112.811 Y27.135 E969.46883
G1 X112.746 Y27.674 E969.49591
G1 X112.811 Y28.213 E969.523
G1 X113.004 Y28.722 E969.55016
G1 X113.312 Y29.169 E969.57724
G1 X113.72 Y29.53 E969.60442
G1 X114.201 Y29.782 E969.63151
G1 X114.728 Y29.912 E969.65859
G0 F9000 X114.777 Y29.512
;TYPE:WALL-OUTER
G1 F1500 X115.223 Y29.512 E969.68084
G1 X115.656 Y29.405 E969.70309
G1 X116.051 Y29.198 E969.72534
G1 X116.386 Y28.902 E969.74764
G1 X116.639 Y28.535 E969.76988
G1 X116.798 Y28.117 E969.7922
G1 X116.851 Y27.674 E969.81445
G1 X116.798 Y27.231 E969.83671
G1 X116.639 Y26.813 E969.85903
G1 X116.386 Y26.446 E969.88126
G1 X116.051 Y26.15 E969.90357
G1 X115.656 Y25.943 E969.92582
G1 X115.223 Y25.836 E969.94807
G1 X114.777 Y25.836 E969.97032
G1 X114.344 Y25.943 E969.99257
G1 X113.949 Y26.15 E970.01482
G1 X113.614 Y26.446 E970.03712
G1 X113.361 Y26.813 E970.05936
G1 X113.202 Y27.231 E970.08167
G1 X113.149 Y27.674 E970.10393
G1 X113.202 Y28.117 E970.12619
G1 X113.361 Y28.535 E970.1485
G1 X113.614 Y28.902 E970.17074
G1 X113.949 Y29.198 E970.19304
G1 X114.344 Y29.405 E970.21529
G1 X114.777 Y29.512 E970.23755
G0 F9000 X114.977 Y29.512
G0 X114.977 Y29.952
G1 F1500 E963.73755
G0 F9000 X144.4 Y22.274
;TYPE:WALL-INNER
G1 F1500 E970.23755
G1 X150.6 Y22.274 E970.54686
G1 X150.6 Y18.074 E970.7564
G1 X144.4 Y18.074 E971.06572
G1 X144.4 Y22.274 E971.27526
G0 F9000 X144.8 Y21.874
;TYPE:WALL-OUTER
G1 F1500 X150.2 Y21.874 E971.54467
G1 X150.2 Y18.474 E971.7143
G1 X144.8 Y18.474 E971.9837
G1 X144.8 Y21.874 E972.15333
G0 F9000 X145 Y21.874
G0 X145 Y22.314
G0 X144.4 Y37.274
;TYPE:WALL-INNER
G1 F1500 X150.6 Y37.274 E972.46265
G1 X150.6 Y33.074 E972.67219
G1 X144.4 Y33.074 E972.98151
G1 X144.4 Y37.274 E973.19105
G0 F9000 X144.8 Y36.874
;TYPE:WALL-OUTER
G1 F1500 X150.2 Y36.874 E973.46045
G1 X150.2 Y33.474 E973.63008
G1 X144.8 Y33.474 E973.89949
G1 X144.8 Y36.874 E974.06911
G0 F9000 X145 Y36.874
G0 X145 Y37.314
G0 X159.4 Y39.574
;TYPE:WALL-INNER
G1 F1500 X72.018 Y39.574 E978.42862
G1 X70.023 Y39.4 E978.52853
G1 X68.106 Y38.886 E978.62755
G1 X66.301 Y38.044 E978.72691
G1 X64.671 Y36.903 E978.82618
G1 X63.271 Y35.504 E978.92492
G1 X62.13 Y33.873 E979.02423
G1 X61.288 Y32.068 E979.12359
G1 X60.774 Y30.151 E979.22261
G1 X60.6 Y28.162 E979.32222
G1 X60.6 Y27.186 E979.37091
G1 X60.774 Y25.197 E979.47053
G1 X61.288 Y23.28 E979.56954
G1 X62.13 Y21.475 E979.66891
G1 X63.271 Y19.845 E979.76818
G1 X64.669 Y18.448 E979.86678
G1 X66.304 Y17.303 E979.96636
G1 X68.106 Y16.462 E980.06557
G1 X70.023 Y15.948 E980.16459
G1 X72.018 Y15.774 E980.2645
G1 X159.4 Y15.774 E984.624
G1 X159.4 Y39.574 E985.81139
G0 F9000 X159.8 Y39.974
;TYPE:WALL-OUTER
G1 F1500 X72.006 Y39.974 E990.19145
G1 X69.952 Y39.795 E990.29431
G1 X67.965 Y39.262 E990.39695
G1 X66.102 Y38.393 E990.49951
G1 X64.412 Y37.21 E990.60243
G1 X62.964 Y35.763 E990.70456
G1 X61.781 Y34.072 E990.80752
G1 X60.912 Y32.209 E990.91008
G1 X60.379 Y30.222 E991.01271
G1 X60.2 Y28.174 E991.11528
G1 X60.2 Y27.174 E991.16517
G1 X60.379 Y25.126 E991.26773
G1 X60.912 Y23.139 E991.37037
G1 X61.781 Y21.276 E991.47293
G1 X62.964 Y19.586 E991.57585
G1 X64.412 Y18.139 E991.67798
G1 X66.102 Y16.955 E991.78092
G1 X67.965 Y16.086 E991.88348
G1 X69.952 Y15.553 E991.98612
G1 X72.006 Y15.374 E992.08898
G1 X159.8 Y15.374 E996.46904
G1 X159.8 Y39.974 E997.69634
G0 F9000 X159.6 Y39.974
G0 X159.36 Y39.534
G0 X159.2 Y39.374
G1 F1500 E991.19634
;MESH:NONMESH
G0 F300 X159.2 Y39.374 Z1.5
G0 F9000 X61.152 Y24.081
;TIME_ELAPSED:909.383288
;LAYER:4
;TYPE:FILL
;MESH:realsense_camera_clamp-Body.stl
G1 F1500 E997.69634
G1 F6000 X76.564 Y39.494 E998.78378
G0 F9000 X75.552 Y39.494
G1 F6000 X99.192 Y15.854 E1000.45171
G0 F9000 X98.179 Y15.854
G1 F6000 X121.819 Y39.494 E1002.11964
G0 F9000 X120.807 Y39.494
G1 F6000 X144.447 Y15.854 E1003.78757
G0 F9000 X143.434 Y15.854
G1 F6000 X145.574 Y17.993 E1003.93852
G0 F9000 X147.963 Y17.994
G1 F6000 X150.103 Y15.854 E1004.08951
G0 F9000 X149.091 Y15.854
G1 F6000 X159.318 Y26.081 E1004.81108
G0 F9000 X159.318 Y23.609
G1 F6000 X149.934 Y32.994 E1005.47321
G0 F9000 X149.26 Y32.993
G1 F6000 X132.12 Y15.854 E1006.68249
G0 F9000 X133.133 Y15.854
G1 F6000 X109.493 Y39.494 E1008.35042
G0 F9000 X110.505 Y39.494
G1 F6000 X86.865 Y15.854 E1010.01835
G0 F9000 X87.878 Y15.854
G1 F6000 X65.997 Y37.734 E1011.56214
G0 F9000 X63.041 Y35.034
G1 F6000 X68.57 Y29.504 E1011.95227
G0 F9000 X69.749 Y29.751
G0 X70.251 Y29.751
G0 X70.528 Y29.684
G0 X71.83 Y29.103
G1 F6000 X82.221 Y39.494 E1012.68541
G0 F9000 X81.209 Y39.494
G1 F6000 X104.849 Y15.854 E1014.35334
G0 F9000 X103.836 Y15.854
G1 F6000 X113.713 Y25.73 E1015.05018
G0 F9000 X114.749 Y25.597
G0 X115.251 Y25.597
G0 X115.647 Y25.694
G0 X116.934 Y26.395
G1 F6000 X127.476 Y15.854 E1015.79394
G0 F9000 X126.463 Y15.854
G1 F6000 X144.319 Y33.709 E1017.05375
G0 F9000 X144.572 Y37.102
G0 X145.574 Y37.353
G1 F6000 X143.434 Y39.494 E1017.20477
G0 F9000 X144.447 Y39.494
G1 F6000 X120.807 Y15.854 E1018.8727
G0 F9000 X121.819 Y15.854
G1 F6000 X98.179 Y39.494 E1020.54063
G0 F9000 X99.192 Y39.494
G1 F6000 X75.552 Y15.854 E1022.20856
G0 F9000 X76.564 Y15.854
G1 F6000 X61.153 Y31.265 E1023.29589
G0 F9000 X60.782 Y29.368
G1 F6000 X70.802 Y39.388 E1024.00285
G0 F9000 X70.063 Y39.325
G1 F6000 X93.535 Y15.854 E1025.6589
G0 F9000 X92.522 Y15.854
G1 F6000 X116.162 Y39.494 E1027.32682
G0 F9000 X115.15 Y39.494
G1 F6000 X138.79 Y15.854 E1028.99475
G0 F9000 X137.777 Y15.854
G1 F6000 X159.318 Y37.395 E1030.51459
G0 F9000 X159.318 Y34.923
G1 F6000 X154.748 Y39.494 E1030.83706
G0 F9000 X155.76 Y39.494
G1 F6000 X150.679 Y34.412 E1031.19559
G0 F9000 X150.428 Y37.102
G0 X147.964 Y37.354
G1 F6000 X150.103 Y39.494 E1031.34654
G0 F9000 X149.091 Y39.494
G1 F6000 X159.318 Y29.266 E1032.06815
G0 F9000 X159.318 Y31.738
G1 F6000 X149.934 Y22.354 E1032.73024
G0 F9000 X149.261 Y22.353
G1 F6000 X132.12 Y39.494 E1033.93963
G0 F9000 X133.133 Y39.494
G1 F6000 X109.493 Y15.854 E1035.60756
G0 F9000 X110.505 Y15.854
G1 F6000 X86.865 Y39.494 E1037.27549
G0 F9000 X87.878 Y39.494
G1 F6000 X65.999 Y17.615 E1038.81917
G0 F9000 X63.04 Y20.313
G1 F6000 X68.57 Y25.842 E1039.20931
G0 F9000 X69.749 Y25.597
G0 X70.251 Y25.597
G0 X70.528 Y25.664
G0 X71.831 Y26.244
G1 F6000 X82.221 Y15.854 E1039.94238
G0 F9000 X81.209 Y15.854
G1 F6000 X104.849 Y39.494 E1041.61031
G0 F9000 X103.836 Y39.494
G1 F6000 X113.714 Y29.616 E1042.30725
G0 F9000 X114.749 Y29.751
G0 X115.251 Y29.751
G0 X115.647 Y29.654
G0 X116.934 Y28.951
G1 F6000 X127.476 Y39.494 E1043.05108
G0 F9000 X126.463 Y39.494
G1 F6000 X144.319 Y21.638 E1044.31092
G0 F9000 X144.572 Y22.102
G0 X150.428 Y22.102
G0 X150.679 Y20.935
G1 F6000 X155.76 Y15.854 E1044.66941
G0 F9000 X154.748 Y15.854
G1 F6000 X159.318 Y20.424 E1044.99185
G0 F9000 X159.318 Y17.952
G1 F6000 X137.777 Y39.494 E1046.51172
G0 F9000 X138.79 Y39.494
G1 F6000 X115.15 Y15.854 E1048.17965
G0 F9000 X116.162 Y15.854
G1 F6000 X92.522 Y39.494 E1049.84758
G0 F9000 X93.535 Y39.494
G1 F6000 X70.064 Y16.023 E1051.50359
G0 F9000 X70.803 Y15.958
G1 F6000 X60.783 Y25.978 E1052.21055
G0 F9000 X69.259 Y29.63
G0 X70.272 Y29.912
;TYPE:WALL-INNER
G1 F1500 X70.799 Y29.782 E1052.23763
G1 X71.28 Y29.53 E1052.26472
G1 X71.688 Y29.169 E1052.2919
G1 X71.996 Y28.722 E1052.31898
G1 X72.189 Y28.213 E1052.34614
G1 X72.254 Y27.674 E1052.37323
G1 X72.189 Y27.135 E1052.40031
G1 X71.996 Y26.626 E1052.42747
G1 X71.688 Y26.179 E1052.45455
G1 X71.28 Y25.818 E1052.48173
G1 X70.799 Y25.566 E1052.50882
G1 X70.272 Y25.436 E1052.5359
G1 X69.728 Y25.436 E1052.56304
G1 X69.201 Y25.566 E1052.59012
G1 X68.72 Y25.818 E1052.61722
G1 X68.312 Y26.179 E1052.6444
G1 X68.004 Y26.626 E1052.67148
G1 X67.811 Y27.135 E1052.69864
G1 X67.746 Y27.674 E1052.72572
G1 X67.811 Y28.213 E1052.75281
G1 X68.004 Y28.722 E1052.77997
G1 X68.312 Y29.169 E1052.80705
G1 X68.72 Y29.53 E1052.83423
G1 X69.201 Y29.782 E1052.86132
G1 X69.728 Y29.912 E1052.8884
G1 X70.272 Y29.912 E1052.91554
G0 F9000 X70.223 Y29.512
;TYPE:WALL-OUTER
G1 F1500 X70.656 Y29.405 E1052.93779
G1 X71.051 Y29.198 E1052.96004
G1 X71.386 Y28.902 E1052.98234
G1 X71.639 Y28.535 E1053.00458
G1 X71.798 Y28.117 E1053.02689
G1 X71.851 Y27.674 E1053.04915
G1 X71.798 Y27.231 E1053.07141
G1 X71.639 Y26.813 E1053.09372
G1 X71.386 Y26.446 E1053.11596
G1 X71.051 Y26.15 E1053.13826
G1 X70.656 Y25.943 E1053.16051
G1 X70.223 Y25.836 E1053.18277
G1 X69.777 Y25.836 E1053.20502
G1 X69.344 Y25.943 E1053.22727
G1 X68.949 Y26.15 E1053.24952
G1 X68.614 Y26.446 E1053.27182
G1 X68.361 Y26.813 E1053.29406
G1 X68.202 Y27.231 E1053.31637
G1 X68.149 Y27.674 E1053.33863
G1 X68.202 Y28.117 E1053.36089
G1 X68.361 Y28.535 E1053.3832
G1 X68.614 Y28.902 E1053.40544
G1 X68.949 Y29.198 E1053.42774
G1 X69.344 Y29.405 E1053.44999
G1 X69.777 Y29.512 E1053.47224
G1 X70.223 Y29.512 E1053.49449
G0 F9000 X70.417 Y29.465
G0 X70.521 Y29.892
G1 F1500 E1046.99449
G0 F9000 X114.728 Y29.912
;TYPE:WALL-INNER
G1 F1500 E1053.49449
G1 X115.272 Y29.912 E1053.52163
G1 X115.799 Y29.782 E1053.54871
G1 X116.28 Y29.53 E1053.57581
G1 X116.688 Y29.169 E1053.60298
G1 X116.996 Y28.722 E1053.63007
G1 X117.189 Y28.213 E1053.65723
G1 X117.254 Y27.674 E1053.68431
G1 X117.189 Y27.135 E1053.7114
G1 X116.996 Y26.626 E1053.73855
G1 X116.688 Y26.179 E1053.76564
G1 X116.28 Y25.818 E1053.79282
G1 X115.799 Y25.566 E1053.81991
G1 X115.272 Y25.436 E1053.84699
G1 X114.728 Y25.436 E1053.87413
G1 X114.201 Y25.566 E1053.90121
G1 X113.72 Y25.818 E1053.9283
G1 X113.312 Y26.179 E1053.95548
G1 X113.004 Y26.626 E1053.98256
G1 X112.811 Y27.135 E1054.00972
G1 X112.746 Y27.674 E1054.0368
G1 X112.811 Y28.213 E1054.06389
G1 X113.004 Y28.722 E1054.09105
G1 X113.312 Y29.169 E1054.11813
G1 X113.72 Y29.53 E1054.14531
G1 X114.201 Y29.782 E1054.1724
G1 X114.728 Y29.912 E1054.19948
G0 F9000 X114.777 Y29.512
;TYPE:WALL-OUTER
G1 F1500 X115.223 Y29.512 E1054.22173
G1 X115.656 Y29.405 E1054.24398
G1 X116.051 Y29.198 E1054.26623
G1 X116.386 Y28.902 E1054.28854
G1 X116.639 Y28.535 E1054.31078
G1 X116.798 Y28.117 E1054.33309
G1 X116.851 Y27.674 E1054.35535
G1 X116.798 Y27.231 E1054.3776
G1 X116.639 Y26.813 E1054.39992
G1 X116.386 Y26.446 E1054.42216
G1 X116.051 Y26.15 E1054.44446
G1 X115.656 Y25.943 E1054.46671
G1 X115.223 Y25.836 E1054.48896
G1 X114.777 Y25.836 E1054.51121
G1 X114.344 Y25.943 E1054.53346
G1 X113.949 Y26.15 E1054.55571
G1 X113.614 Y26.446 E1054.57801
G1 X113.361 Y26.813 E1054.60025
G1 X113.202 Y27.231 E1054.62256
G1 X113.149 Y27.674 E1054.64482
G1 X113.202 Y28.117 E1054.66708
G1 X113.361 Y28.535 E1054.68939
G1 X113.614 Y28.902 E1054.71163
G1 X113.949 Y29.198 E1054.73394
G1 X114.344 Y29.405 E1054.75618
G1 X114.777 Y29.512 E1054.77844
G0 F9000 X114.977 Y29.512
G0 X114.977 Y29.952
G1 F1500 E1048.27844
G0 F9000 X144.4 Y22.274
;TYPE:WALL-INNER
G1 F1500 E1054.77844
G1 X150.6 Y22.274 E1055.08776
G1 X150.6 Y18.074 E1055.29729
G1 X144.4 Y18.074 E1055.60661
G1 X144.4 Y22.274 E1055.81615
G0 F9000 X144.8 Y21.874
;TYPE:WALL-OUTER
G1 F1500 X150.2 Y21.874 E1056.08556
G1 X150.2 Y18.474 E1056.25519
G1 X144.8 Y18.474 E1056.52459
G1 X144.8 Y21.874 E1056.69422
G0 F9000 X145 Y21.874
G0 X145 Y22.314
G0 X144.4 Y37.274
;TYPE:WALL-INNER
G1 F1500 X150.6 Y37.274 E1057.00354
G1 X150.6 Y33.074 E1057.21308
G1 X144.4 Y33.074 E1057.5224
G1 X144.4 Y37.274 E1057.73194
G0 F9000 X144.8 Y36.874
;TYPE:WALL-OUTER
G1 F1500 X150.2 Y36.874 E1058.00134
G1 X150.2 Y33.474 E1058.17097
G1 X144.8 Y33.474 E1058.44038
G1 X144.8 Y36.874 E1058.61
G0 F9000 X145 Y36.874
G0 X145 Y37.314
G0 X159.4 Y39.574
;TYPE:WALL-INNER
G1 F1500 X72.018 Y39.574 E1062.96951
G1 X70.023 Y39.4 E1063.06942
G1 X68.106 Y38.886 E1063.16844
G1 X66.301 Y38.044 E1063.2678
G1 X64.671 Y36.903 E1063.36707
G1 X63.271 Y35.504 E1063.46581
G1 X62.13 Y33.873 E1063.56512
G1 X61.288 Y32.068 E1063.66449
G1 X60.774 Y30.151 E1063.7635
G1 X60.6 Y28.162 E1063.86311
G1 X60.6 Y27.186 E1063.91181
G1 X60.774 Y25.197 E1064.01142
G1 X61.288 Y23.28 E1064.11043
G1 X62.13 Y21.475 E1064.2098
G1 X63.271 Y19.845 E1064.30907
G1 X64.669 Y18.448 E1064.40767
G1 X66.304 Y17.303 E1064.50725
G1 X68.106 Y16.462 E1064.60646
G1 X70.023 Y15.948 E1064.70548
G1 X72.018 Y15.774 E1064.80539
G1 X159.4 Y15.774 E1069.1649
G1 X159.4 Y39.574 E1070.35228
G0 F9000 X159.8 Y39.974
;TYPE:WALL-OUTER
G1 F1500 X72.006 Y39.974 E1074.73234
G1 X69.952 Y39.795 E1074.83521
G1 X67.965 Y39.262 E1074.93784
G1 X66.102 Y38.393 E1075.0404
G1 X64.412 Y37.21 E1075.14332
G1 X62.964 Y35.763 E1075.24545
G1 X61.781 Y34.072 E1075.34841
G1 X60.912 Y32.209 E1075.45097
G1 X60.379 Y30.222 E1075.55361
G1 X60.2 Y28.174 E1075.65617
G1 X60.2 Y27.174 E1075.70606
G1 X60.379 Y25.126 E1075.80863
G1 X60.912 Y23.139 E1075.91126
G1 X61.781 Y21.276 E1076.01382
G1 X62.964 Y19.586 E1076.11674
G1 X64.412 Y18.139 E1076.21887
G1 X66.102 Y16.955 E1076.32182
G1 X67.965 Y16.086 E1076.42438
G1 X69.952 Y15.553 E1076.52701
G1 X72.006 Y15.374 E1076.62988
G1 X159.8 Y15.374 E1081.00994
G1 X159.8 Y39.974 E1082.23723
G0 F9000 X159.6 Y39.974
G0 X159.36 Y39.534
G0 X159.2 Y39.374
G1 F1500 E1075.73723
;MESH:NONMESH
G0 F300 X159.2 Y39.374 Z1.8
G0 F9000 X61.152 Y24.081
;TIME_ELAPSED:963.018498
;LAYER:5
;TYPE:FILL
;MESH:realsense_camera_clamp-Body.stl
G1 F1500 E1082.23723
G1 F6000 X76.564 Y39.494 E1083.32467
G0 F9000 X75.552 Y39.494
G1 F6000 X99.192 Y15.854 E1084.9926
G0 F9000 X98.179 Y15.854
G1 F6000 X121.819 Y39.494 E1086.66053
G0 F9000 X120.807 Y39.494
G1 F6000 X144.447 Y15.854 E1088.32846
G0 F9000 X143.434 Y15.854
G1 F6000 X145.574 Y17.993 E1088.47941
G0 F9000 X147.963 Y17.994
G1 F6000 X150.103 Y15.854 E1088.6304
G0 F9000 X149.091 Y15.854
G1 F6000 X159.318 Y26.081 E1089.35197
G0 F9000 X159.318 Y23.609
G1 F6000 X149.934 Y32.994 E1090.0141
G0 F9000 X149.26 Y32.993
G1 F6000 X132.12 Y15.854 E1091.22338
G0 F9000 X133.133 Y15.854
G1 F6000 X109.493 Y39.494 E1092.89131
G0 F9000 X110.505 Y39.494
G1 F6000 X86.865 Y15.854 E1094.55924
G0 F9000 X87.878 Y15.854
G1 F6000 X65.997 Y37.734 E1096.10303
G0 F9000 X63.041 Y35.034
G1 F6000 X68.57 Y29.504 E1096.49317
G0 F9000 X69.749 Y29.751
G0 X70.251 Y29.751
G0 X70.528 Y29.684
G0 X71.83 Y29.103
G1 F6000 X82.221 Y39.494 E1097.22631
G0 F9000 X81.209 Y39.494
G1 F6000 X104.849 Y15.854 E1098.89424
G0 F9000 X103.836 Y15.854
G1 F6000 X113.713 Y25.73 E1099.59108
G0 F9000 X114.749 Y25.597
G0 X115.251 Y25.597
G0 X115.647 Y25.694
G0 X116.934 Y26.395
G1 F6000 X127.476 Y15.854 E1100.33484
G0 F9000 X126.463 Y15.854
G1 F6000 X144.319 Y33.709 E1101.59464
G0 F9000 X144.572 Y37.102
G0 X145.574 Y37.353
G1 F6000 X143.434 Y39.494 E1101.74566
G0 F9000 X144.447 Y39.494
G1 F6000 X120.807 Y15.854 E1103.41359
G0 F9000 X121.819 Y15.854
G1 F6000 X98.179 Y39.494 E1105.08152
G0 F9000 X99.192 Y39.494
G1 F6000 X75.552 Y15.854 E1106.74945
G0 F9000 X76.564 Y15.854
G1 F6000 X61.153 Y31.265 E1107.83678
G0 F9000 X60.782 Y29.368
G1 F6000 X70.802 Y39.388 E1108.54375
G0 F9000 X70.063 Y39.325
G1 F6000 X93.535 Y15.854 E1110.19979
G0 F9000 X92.522 Y15.854
G1 F6000 X116.162 Y39.494 E1111.86772
G0 F9000 X115.15 Y39.494
G1 F6000 X138.79 Y15.854 E1113.53565
G0 F9000 X137.777 Y15.854
G1 F6000 X159.318 Y37.395 E1115.05548
G0 F9000 X159.318 Y34.923
G1 F6000 X154.748 Y39.494 E1115.37795
G0 F9000 X155.76 Y39.494
G1 F6000 X150.679 Y34.412 E1115.73648
G0 F9000 X150.428 Y37.102
G0 X147.964 Y37.354
G1 F6000 X150.103 Y39.494 E1115.88743
G0 F9000 X149.091 Y39.494
G1 F6000 X159.318 Y29.266 E1116.60904
G0 F9000 X159.318 Y31.738
G1 F6000 X149.934 Y22.354 E1117.27113
G0 F9000 X149.261 Y22.353
G1 F6000 X132.12 Y39.494 E1118.48052
G0 F9000 X133.133 Y39.494
G1 F6000 X109.493 Y15.854 E1120.14845
G0 F9000 X110.505 Y15.854
G1 F6000 X86.865 Y39.494 E1121.81638
G0 F9000 X87.878 Y39.494
G1 F6000 X65.999 Y17.615 E1123.36006
G0 F9000 X63.04 Y20.313
G1 F6000 X68.57 Y25.842 E1123.7502
G0 F9000 X69.749 Y25.597
G0 X70.251 Y25.597
G0 X70.528 Y25.664
G0 X71.831 Y26.244
G1 F6000 X82.221 Y15.854 E1124.48327
G0 F9000 X81.209 Y15.854
G1 F6000 X104.849 Y39.494 E1126.1512
G0 F9000 X103.836 Y39.494
G1 F6000 X113.714 Y29.616 E1126.84814
G0 F9000 X114.749 Y29.751
G0 X115.251 Y29.751
G0 X115.647 Y29.654
G0 X116.934 Y28.951
G1 F6000 X127.476 Y39.494 E1127.59198
G0 F9000 X126.463 Y39.494
G1 F6000 X144.319 Y21.638 E1128.85181
G0 F9000 X144.572 Y22.102
G0 X150.428 Y22.102
G0 X150.679 Y20.935
G1 F6000 X155.76 Y15.854 E1129.2103
G0 F9000 X154.748 Y15.854
G1 F6000 X159.318 Y20.424 E1129.53274
G0 F9000 X159.318 Y17.952
G1 F6000 X137.777 Y39.494 E1131.05261
G0 F9000 X138.79 Y39.494
G1 F6000 X115.15 Y15.854 E1132.72054
G0 F9000 X116.162 Y15.854
G1 F6000 X92.522 Y39.494 E1134.38847
G0 F9000 X93.535 Y39.494
G1 F6000 X70.064 Y16.023 E1136.04448
G0 F9000 X70.803 Y15.958
G1 F6000 X60.783 Y25.978 E1136.75144
G0 F9000 X69.259 Y29.63
G0 X70.272 Y29.912
;TYPE:WALL-INNER
G1 F1500 X70.799 Y29.782 E1136.77852
G1 X71.28 Y29.53 E1136.80561
G1 X71.688 Y29.169 E1136.83279
G1 X71.996 Y28.722 E1136.85988
G1 X72.189 Y28.213 E1136.88703
G1 X72.254 Y27.674 E1136.91412
G1 X72.189 Y27.135 E1136.9412
G1 X71.996 Y26.626 E1136.96836
G1 X71.688 Y26.179 E1136.99545
G1 X71.28 Y25.818 E1137.02262
G1 X70.799 Y25.566 E1137.04972
G1 X70.272 Y25.436 E1137.0768
G1 X69.728 Y25.436 E1137.10394
G1 X69.201 Y25.566 E1137.13102
G1 X68.72 Y25.818 E1137.15811
G1 X68.312 Y26.179 E1137.18529
G1 X68.004 Y26.626 E1137.21237
G1 X67.811 Y27.135 E1137.23953
G1 X67.746 Y27.674 E1137.26661
G1 X67.811 Y28.213 E1137.2937
G1 X68.004 Y28.722 E1137.32086
G1 X68.312 Y29.169 E1137.34794
G1 X68.72 Y29.53 E1137.37512
G1 X69.201 Y29.782 E1137.40221
G1 X69.728 Y29.912 E1137.42929
G1 X70.272 Y29.912 E1137.45643
G0 F9000 X70.223 Y29.512
;TYPE:WALL-OUTER
G1 F1500 X70.656 Y29.405 E1137.47868
G1 X71.051 Y29.198 E1137.50093
G1 X71.386 Y28.902 E1137.52323
G1 X71.639 Y28.535 E1137.54547
G1 X71.798 Y28.117 E1137.56778
G1 X71.851 Y27.674 E1137.59004
G1 X71.798 Y27.231 E1137.6123
G1 X71.639 Y26.813 E1137.63461
G1 X71.386 Y26.446 E1137.65685
G1 X71.051 Y26.15 E1137.67916
G1 X70.656 Y25.943 E1137.7014
G1 X70.223 Y25.836 E1137.72366
G1 X69.777 Y25.836 E1137.74591
G1 X69.344 Y25.943 E1137.76816
G1 X68.949 Y26.15 E1137.79041
G1 X68.614 Y26.446 E1137.81271
G1 X68.361 Y26.813 E1137.83495
G1 X68.202 Y27.231 E1137.85726
G1 X68.149 Y27.674 E1137.87952
G1 X68.202 Y28.117 E1137.90178
G1 X68.361 Y28.535 E1137.92409
G1 X68.614 Y28.902 E1137.94633
G1 X68.949 Y29.198 E1137.96863
G1 X69.344 Y29.405 E1137.99088
G1 X69.777 Y29.512 E1138.01313
G1 X70.223 Y29.512 E1138.03539
G0 F9000 X70.417 Y29.465
G0 X70.521 Y29.892
G1 F1500 E1131.53539
G0 F9000 X114.728 Y29.912
;TYPE:WALL-INNER
G1 F1500 E1138.03539
G1 X115.272 Y29.912 E1138.06253
G1 X115.799 Y29.782 E1138.08961
G1 X116.28 Y29.53 E1138.1167
G1 X116.688 Y29.169 E1138.14388
G1 X116.996 Y28.722 E1138.17096
G1 X117.189 Y28.213 E1138.19812
G1 X117.254 Y27.674 E1138.2252
G1 X117.189 Y27.135 E1138.25229
G1 X116.996 Y26.626 E1138.27945
G1 X116.688 Y26.179 E1138.30653
G1 X116.28 Y25.818 E1138.33371
G1 X115.799 Y25.566 E1138.3608
G1 X115.272 Y25.436 E1138.38788
G1 X114.728 Y25.436 E1138.41502
G1 X114.201 Y25.566 E1138.4421
G1 X113.72 Y25.818 E1138.46919
G1 X113.312 Y26.179 E1138.49637
G1 X113.004 Y26.626 E1138.52345
G1 X112.811 Y27.135 E1138.55061
G1 X112.746 Y27.674 E1138.5777
G1 X112.811 Y28.213 E1138.60478
G1 X113.004 Y28.722 E1138.63194
G1 X113.312 Y29.169 E1138.65902
G1 X113.72 Y29.53 E1138.6862
G1 X114.201 Y29.782 E1138.71329
G1 X114.728 Y29.912 E1138.74037
G0 F9000 X114.777 Y29.512
;TYPE:WALL-OUTER
G1 F1500 X115.223 Y29.512 E1138.76262
G1 X115.656 Y29.405 E1138.78488
G1 X116.051 Y29.198 E1138.80713
G1 X116.386 Y28.902 E1138.82943
G1 X116.639 Y28.535 E1138.85167
G1 X116.798 Y28.117 E1138.87398
G1 X116.851 Y27.674 E1138.89624
G1 X116.798 Y27.231 E1138.9185
G1 X116.639 Y26.813 E1138.94081
G1 X116.386 Y26.446 E1138.96305
G1 X116.051 Y26.15 E1138.98535
G1 X115.656 Y25.943 E1139.0076
G1 X115.223 Y25.836 E1139.02985
G1 X114.777 Y25.836 E1139.0521
G1 X114.344 Y25.943 E1139.07435
G1 X113.949 Y26.15 E1139.0966
G1 X113.614 Y26.446 E1139.11891
G1 X113.361 Y26.813 E1139.14114
G1 X113.202 Y27.231 E1139.16346
G1 X113.149 Y27.674 E1139.18572
G1 X113.202 Y28.117 E1139.20797
G1 X113.361 Y28.535 E1139.23029
G1 X113.614 Y28.902 E1139.25252
G1 X113.949 Y29.198 E1139.27483
G1 X114.344 Y29.405 E1139.29708
G1 X114.777 Y29.512 E1139.31933
G0 F9000 X114.977 Y29.512
G0 X114.977 Y29.952
G1 F1500 E1132.81933
G0 F9000 X144.4 Y22.274
;TYPE:WALL-INNER
G1 F1500 E1139.31933
G1 X150.6 Y22.274 E1139.62865
G1 X150.6 Y18.074 E1139.83819
G1 X144.4 Y18.074 E1140.14751
G1 X144.4 Y22.274 E1140.35704
G0 F9000 X144.8 Y21.874
;TYPE:WALL-OUTER
G1 F1500 X150.2 Y21.874 E1140.62645
G1 X150.2 Y18.474 E1140.79608
G1 X144.8 Y18.474 E1141.06549
G1 X144.8 Y21.874 E1141.23511
G0 F9000 X145 Y21.874
G0 X145 Y22.314
G0 X144.4 Y37.274
;TYPE:WALL-INNER
G1 F1500 X150.6 Y37.274 E1141.54443
G1 X150.6 Y33.074 E1141.75397
G1 X144.4 Y33.074 E1142.06329
G1 X144.4 Y37.274 E1142.27283
G0 F9000 X144.8 Y36.874
;TYPE:WALL-OUTER
G1 F1500 X150.2 Y36.874 E1142.54224
G1 X150.2 Y33.474 E1142.71186
G1 X144.8 Y33.474 E1142.98127
G1 X144.8 Y36.874 E1143.1509
G0 F9000 X145 Y36.874
G0 X145 Y37.314
G0 X159.4 Y39.574
;TYPE:WALL-INNER
G1 F1500 X72.018 Y39.574 E1147.5104
G1 X70.023 Y39.4 E1147.61031
G1 X68.106 Y38.886 E1147.70933
G1 X66.301 Y38.044 E1147.8087
G1 X64.671 Y36.903 E1147.90796
G1 X63.271 Y35.504 E1148.0067
G1 X62.13 Y33.873 E1148.10601
G1 X61.288 Y32.068 E1148.20538
G1 X60.774 Y30.151 E1148.30439
G1 X60.6 Y28.162 E1148.40401
G1 X60.6 Y27.186 E1148.4527
G1 X60.774 Y25.197 E1148.55231
G1 X61.288 Y23.28 E1148.65133
G1 X62.13 Y21.475 E1148.75069
G1 X63.271 Y19.845 E1148.84996
G1 X64.669 Y18.448 E1148.94856
G1 X66.304 Y17.303 E1149.04814
G1 X68.106 Y16.462 E1149.14736
G1 X70.023 Y15.948 E1149.24637
G1 X72.018 Y15.774 E1149.34628
G1 X159.4 Y15.774 E1153.70579
G1 X159.4 Y39.574 E1154.89317
G0 F9000 X159.8 Y39.974
;TYPE:WALL-OUTER
G1 F1500 X72.006 Y39.974 E1159.27323
G1 X69.952 Y39.795 E1159.3761
G1 X67.965 Y39.262 E1159.47873
G1 X66.102 Y38.393 E1159.58129
G1 X64.412 Y37.21 E1159.68421
G1 X62.964 Y35.763 E1159.78634
G1 X61.781 Y34.072 E1159.8893
G1 X60.912 Y32.209 E1159.99186
G1 X60.379 Y30.222 E1160.0945
G1 X60.2 Y28.174 E1160.19706
G1 X60.2 Y27.174 E1160.24695
G1 X60.379 Y25.126 E1160.34952
G1 X60.912 Y23.139 E1160.45215
G1 X61.781 Y21.276 E1160.55471
G1 X62.964 Y19.586 E1160.65763
G1 X64.412 Y18.139 E1160.75976
G1 X66.102 Y16.955 E1160.86271
G1 X67.965 Y16.086 E1160.96527
G1 X69.952 Y15.553 E1161.0679
G1 X72.006 Y15.374 E1161.17077
G1 X159.8 Y15.374 E1165.55083
G1 X159.8 Y39.974 E1166.77813
G0 F9000 X159.6 Y39.974
G0 X159.36 Y39.534
G0 X159.2 Y39.374
G1 F1500 E1160.27813
;MESH:NONMESH
G0 F300 X159.2 Y39.374 Z2.1
G0 F9000 X61.152 Y24.081
;TIME_ELAPSED:1016.653707
;LAYER:6
;TYPE:FILL
;MESH:realsense_camera_clamp-Body.stl
G1 F1500 E1166.77813
G1 F6000 X76.564 Y39.494 E1167.86556
G0 F9000 X75.552 Y39.494
G1 F6000 X99.192 Y15.854 E1169.53349
G0 F9000 X98.179 Y15.854
G1 F6000 X121.819 Y39.494 E1171.20142
G0 F9000 X120.807 Y39.494
G1 F6000 X144.447 Y15.854 E1172.86935
G0 F9000 X143.434 Y15.854
G1 F6000 X145.574 Y17.993 E1173.0203
G0 F9000 X147.963 Y17.994
G1 F6000 X150.103 Y15.854 E1173.17129
G0 F9000 X149.091 Y15.854
G1 F6000 X159.318 Y26.081 E1173.89286
G0 F9000 X159.318 Y23.609
G1 F6000 X149.934 Y32.994 E1174.55499
G0 F9000 X149.26 Y32.993
G1 F6000 X132.12 Y15.854 E1175.76427
G0 F9000 X133.133 Y15.854
G1 F6000 X109.493 Y39.494 E1177.4322
G0 F9000 X110.505 Y39.494
G1 F6000 X86.865 Y15.854 E1179.10013
G0 F9000 X87.878 Y15.854
G1 F6000 X65.997 Y37.734 E1180.64392
G0 F9000 X63.041 Y35.034
G1 F6000 X68.57 Y29.504 E1181.03406
G0 F9000 X69.749 Y29.751
G0 X70.251 Y29.751
G0 X70.528 Y29.684
G0 X71.83 Y29.103
G1 F6000 X82.221 Y39.494 E1181.7672
G0 F9000 X81.209 Y39.494
G1 F6000 X104.849 Y15.854 E1183.43513
G0 F9000 X103.836 Y15.854
G1 F6000 X113.713 Y25.73 E1184.13197
G0 F9000 X114.749 Y25.597
G0 X115.251 Y25.597
G0 X115.647 Y25.694
G0 X116.934 Y26.395
G1 F6000 X127.476 Y15.854 E1184.87573
G0 F9000 X126.463 Y15.854
G1 F6000 X144.319 Y33.709 E1186.13553
G0 F9000 X144.572 Y37.102
G0 X145.574 Y37.353
G1 F6000 X143.434 Y39.494 E1186.28655
G0 F9000 X144.447 Y39.494
G1 F6000 X120.807 Y15.854 E1187.95448
G0 F9000 X121.819 Y15.854
G1 F6000 X98.179 Y39.494 E1189.62241
G0 F9000 X99.192 Y39.494
G1 F6000 X75.552 Y15.854 E1191.29034
G0 F9000 X76.564 Y15.854
G1 F6000 X61.153 Y31.265 E1192.37767
G0 F9000 X60.782 Y29.368
G1 F6000 X70.802 Y39.388 E1193.08464
G0 F9000 X70.063 Y39.325
G1 F6000 X93.535 Y15.854 E1194.74068
G0 F9000 X92.522 Y15.854
G1 F6000 X116.162 Y39.494 E1196.40861
G0 F9000 X115.15 Y39.494
G1 F6000 X138.79 Y15.854 E1198.07654
G0 F9000 X137.777 Y15.854
G1 F6000 X159.318 Y37.395 E1199.59637
G0 F9000 X159.318 Y34.923
G1 F6000 X154.748 Y39.494 E1199.91885
G0 F9000 X155.76 Y39.494
G1 F6000 X150.679 Y34.412 E1200.27737
G0 F9000 X150.428 Y37.102
G0 X147.964 Y37.354
G1 F6000 X150.103 Y39.494 E1200.42833
G0 F9000 X149.091 Y39.494
G1 F6000 X159.318 Y29.266 E1201.14993
G0 F9000 X159.318 Y31.738
G1 F6000 X149.934 Y22.354 E1201.81202
G0 F9000 X149.261 Y22.353
G1 F6000 X132.12 Y39.494 E1203.02141
G0 F9000 X133.133 Y39.494
G1 F6000 X109.493 Y15.854 E1204.68934
G0 F9000 X110.505 Y15.854
G1 F6000 X86.865 Y39.494 E1206.35727
G0 F9000 X87.878 Y39.494
G1 F6000 X65.999 Y17.615 E1207.90095
G0 F9000 X63.04 Y20.313
G1 F6000 X68.57 Y25.842 E1208.29109
G0 F9000 X69.749 Y25.597
G0 X70.251 Y25.597
G0 X70.528 Y25.664
G0 X71.831 Y26.244
G1 F6000 X82.221 Y15.854 E1209.02416
G0 F9000 X81.209 Y15.854
G1 F6000 X104.849 Y39.494 E1210.69209
G0 F9000 X103.836 Y39.494
G1 F6000 X113.714 Y29.616 E1211.38904
G0 F9000 X114.749 Y29.751
G0 X115.251 Y29.751
G0 X115.647 Y29.654
G0 X116.934 Y28.951
G1 F6000 X127.476 Y39.494 E1212.13287
G0 F9000 X126.463 Y39.494
G1 F6000 X144.319 Y21.638 E1213.3927
G0 F9000 X144.572 Y22.102
G0 X150.428 Y22.102
G0 X150.679 Y20.935
G1 F6000 X155.76 Y15.854 E1213.7512
G0 F9000 X154.748 Y15.854
G1 F6000 X159.318 Y20.424 E1214.07363
G0 F9000 X159.318 Y17.952
G1 F6000 X137.777 Y39.494 E1215.5935
G0 F9000 X138.79 Y39.494
G1 F6000 X115.15 Y15.854 E1217.26143
G0 F9000 X116.162 Y15.854
G1 F6000 X92.522 Y39.494 E1218.92936
G0 F9000 X93.535 Y39.494
G1 F6000 X70.064 Y16.023 E1220.58537
G0 F9000 X70.803 Y15.958
G1 F6000 X60.783 Y25.978 E1221.29233
G0 F9000 X69.259 Y29.63
G0 X70.272 Y29.912
;TYPE:WALL-INNER
G1 F1500 X70.799 Y29.782 E1221.31941
G1 X71.28 Y29.53 E1221.34651
G1 X71.688 Y29.169 E1221.37368
G1 X71.996 Y28.722 E1221.40077
G1 X72.189 Y28.213 E1221.42793
G1 X72.254 Y27.674 E1221.45501
G1 X72.189 Y27.135 E1221.4821
G1 X71.996 Y26.626 E1221.50925
G1 X71.688 Y26.179 E1221.53634
G1 X71.28 Y25.818 E1221.56352
G1 X70.799 Y25.566 E1221.59061
G1 X70.272 Y25.436 E1221.61769
G1 X69.728 Y25.436 E1221.64483
G1 X69.201 Y25.566 E1221.67191
G1 X68.72 Y25.818 E1221.699
G1 X68.312 Y26.179 E1221.72618
G1 X68.004 Y26.626 E1221.75326
G1 X67.811 Y27.135 E1221.78042
G1 X67.746 Y27.674 E1221.8075
G1 X67.811 Y28.213 E1221.83459
G1 X68.004 Y28.722 E1221.86175
G1 X68.312 Y29.169 E1221.88883
G1 X68.72 Y29.53 E1221.91601
G1 X69.201 Y29.782 E1221.9431
G1 X69.728 Y29.912 E1221.97018
G1 X70.272 Y29.912 E1221.99732
G0 F9000 X70.223 Y29.512
;TYPE:WALL-OUTER
G1 F1500 X70.656 Y29.405 E1222.01957
G1 X71.051 Y29.198 E1222.04182
G1 X71.386 Y28.902 E1222.06413
G1 X71.639 Y28.535 E1222.08636
G1 X71.798 Y28.117 E1222.10868
G1 X71.851 Y27.674 E1222.13094
G1 X71.798 Y27.231 E1222.15319
G1 X71.639 Y26.813 E1222.17551
G1 X71.386 Y26.446 E1222.19774
G1 X71.051 Y26.15 E1222.22005
G1 X70.656 Y25.943 E1222.2423
G1 X70.223 Y25.836 E1222.26455
G1 X69.777 Y25.836 E1222.2868
G1 X69.344 Y25.943 E1222.30905
G1 X68.949 Y26.15 E1222.3313
G1 X68.614 Y26.446 E1222.3536
G1 X68.361 Y26.813 E1222.37584
G1 X68.202 Y27.231 E1222.39815
G1 X68.149 Y27.674 E1222.42041
G1 X68.202 Y28.117 E1222.44267
G1 X68.361 Y28.535 E1222.46498
G1 X68.614 Y28.902 E1222.48722
G1 X68.949 Y29.198 E1222.50953
G1 X69.344 Y29.405 E1222.53177
G1 X69.777 Y29.512 E1222.55403
G1 X70.223 Y29.512 E1222.57628
G0 F9000 X70.417 Y29.465
G0 X70.521 Y29.892
G1 F1500 E1216.07628
G0 F9000 X114.728 Y29.912
;TYPE:WALL-INNER
G1 F1500 E1222.57628
G1 X115.272 Y29.912 E1222.60342
G1 X115.799 Y29.782 E1222.6305
G1 X116.28 Y29.53 E1222.65759
G1 X116.688 Y29.169 E1222.68477
G1 X116.996 Y28.722 E1222.71185
G1 X117.189 Y28.213 E1222.73901
G1 X117.254 Y27.674 E1222.76609
G1 X117.189 Y27.135 E1222.79318
G1 X116.996 Y26.626 E1222.82034
G1 X116.688 Y26.179 E1222.84742
G1 X116.28 Y25.818 E1222.8746
G1 X115.799 Y25.566 E1222.90169
G1 X115.272 Y25.436 E1222.92877
G1 X114.728 Y25.436 E1222.95591
G1 X114.201 Y25.566 E1222.98299
G1 X113.72 Y25.818 E1223.01008
G1 X113.312 Y26.179 E1223.03726
G1 X113.004 Y26.626 E1223.06434
G1 X112.811 Y27.135 E1223.0915
G1 X112.746 Y27.674 E1223.11859
G1 X112.811 Y28.213 E1223.14567
G1 X113.004 Y28.722 E1223.17283
G1 X113.312 Y29.169 E1223.19991
G1 X113.72 Y29.53 E1223.22709
G1 X114.201 Y29.782 E1223.25418
G1 X114.728 Y29.912 E1223.28126
G0 F9000 X114.777 Y29.512
;TYPE:WALL-OUTER
G1 F1500 X115.223 Y29.512 E1223.30352
G1 X115.656 Y29.405 E1223.32577
G1 X116.051 Y29.198 E1223.34802
G1 X116.386 Y28.902 E1223.37032
G1 X116.639 Y28.535 E1223.39256
G1 X116.798 Y28.117 E1223.41487
G1 X116.851 Y27.674 E1223.43713
G1 X116.798 Y27.231 E1223.45939
G1 X116.639 Y26.813 E1223.4817
G1 X116.386 Y26.446 E1223.50394
G1 X116.051 Y26.15 E1223.52624
G1 X115.656 Y25.943 E1223.54849
G1 X115.223 Y25.836 E1223.57074
G1 X114.777 Y25.836 E1223.59299
G1 X114.344 Y25.943 E1223.61525
G1 X113.949 Y26.15 E1223.63749
G1 X113.614 Y26.446 E1223.6598
G1 X113.361 Y26.813 E1223.68204
G1 X113.202 Y27.231 E1223.70435
G1 X113.149 Y27.674 E1223.72661
G1 X113.202 Y28.117 E1223.74887
G1 X113.361 Y28.535 E1223.77118
G1 X113.614 Y28.902 E1223.79342
G1 X113.949 Y29.198 E1223.81572
G1 X114.344 Y29.405 E1223.83797
G1 X114.777 Y29.512 E1223.86022
G0 F9000 X114.977 Y29.512
G0 X114.977 Y29.952
G1 F1500 E1217.36022
G0 F9000 X144.4 Y22.274
;TYPE:WALL-INNER
G1 F1500 E1223.86022
G1 X150.6 Y22.274 E1224.16954
G1 X150.6 Y18.074 E1224.37908
G1 X144.4 Y18.074 E1224.6884
G1 X144.4 Y22.274 E1224.89794
G0 F9000 X144.8 Y21.874
;TYPE:WALL-OUTER
G1 F1500 X150.2 Y21.874 E1225.16734
G1 X150.2 Y18.474 E1225.33697
G1 X144.8 Y18.474 E1225.60638
G1 X144.8 Y21.874 E1225.776
G0 F9000 X145 Y21.874
G0 X145 Y22.314
G0 X144.4 Y37.274
;TYPE:WALL-INNER
G1 F1500 X150.6 Y37.274 E1226.08532
G1 X150.6 Y33.074 E1226.29486
G1 X144.4 Y33.074 E1226.60418
G1 X144.4 Y37.274 E1226.81372
G0 F9000 X144.8 Y36.874
;TYPE:WALL-OUTER
G1 F1500 X150.2 Y36.874 E1227.08313
G1 X150.2 Y33.474 E1227.25275
G1 X144.8 Y33.474 E1227.52216
G1 X144.8 Y36.874 E1227.69179
G0 F9000 X145 Y36.874
G0 X145 Y37.314
G0 X159.4 Y39.574
;TYPE:WALL-INNER
G1 F1500 X72.018 Y39.574 E1232.05129
G1 X70.023 Y39.4 E1232.1512
G1 X68.106 Y38.886 E1232.25022
G1 X66.301 Y38.044 E1232.34959
G1 X64.671 Y36.903 E1232.44885
G1 X63.271 Y35.504 E1232.5476
G1 X62.13 Y33.873 E1232.6469
G1 X61.288 Y32.068 E1232.74627
G1 X60.774 Y30.151 E1232.84529
G1 X60.6 Y28.162 E1232.9449
G1 X60.6 Y27.186 E1232.99359
G1 X60.774 Y25.197 E1233.0932
G1 X61.288 Y23.28 E1233.19222
G1 X62.13 Y21.475 E1233.29159
G1 X63.271 Y19.845 E1233.39085
G1 X64.669 Y18.448 E1233.48945
G1 X66.304 Y17.303 E1233.58904
G1 X68.106 Y16.462 E1233.68825
G1 X70.023 Y15.948 E1233.78726
G1 X72.018 Y15.774 E1233.88717
G1 X159.4 Y15.774 E1238.24668
G1 X159.4 Y39.574 E1239.43407
G0 F9000 X159.8 Y39.974
;TYPE:WALL-OUTER
G1 F1500 X72.006 Y39.974 E1243.81413
G1 X69.952 Y39.795 E1243.91699
G1 X67.965 Y39.262 E1244.01963
G1 X66.102 Y38.393 E1244.12219
G1 X64.412 Y37.21 E1244.2251
G1 X62.964 Y35.763 E1244.32723
G1 X61.781 Y34.072 E1244.43019
G1 X60.912 Y32.209 E1244.53275
G1 X60.379 Y30.222 E1244.63539
G1 X60.2 Y28.174 E1244.73795
G1 X60.2 Y27.174 E1244.78784
G1 X60.379 Y25.126 E1244.89041
G1 X60.912 Y23.139 E1244.99304
G1 X61.781 Y21.276 E1245.0956
G1 X62.964 Y19.586 E1245.19852
G1 X64.412 Y18.139 E1245.30065
G1 X66.102 Y16.955 E1245.4036
G1 X67.965 Y16.086 E1245.50616
G1 X69.952 Y15.553 E1245.6088
G1 X72.006 Y15.374 E1245.71166
G1 X159.8 Y15.374 E1250.09172
G1 X159.8 Y39.974 E1251.31902
G0 F9000 X159.6 Y39.974
G0 X159.36 Y39.534
G0 X159.2 Y39.374
G1 F1500 E1244.81902
;MESH:NONMESH
G0 F300 X159.2 Y39.374 Z2.4
G0 F9000 X144.572 Y37.102
G0 X115.741 Y25.718
G0 X85.579 Y18.153
;TIME_ELAPSED:1070.308877
;LAYER:7
;TYPE:FILL
;MESH:realsense_camera_clamp-Body.stl
G1 F1500 E1251.31902
G1 F6000 X87.878 Y15.854 E1251.48123
G0 F9000 X86.865 Y15.854
G1 F6000 X89.219 Y18.207 E1251.64728
G0 F9000 X89 Y18.207
G0 X89 Y20.17
G0 X89.219 Y20.17
G1 F6000 X85.579 Y23.81 E1251.9041
G0 F9000 X85.8 Y23.81
G0 X85.8 Y25.88
G0 X85.579 Y25.88
G1 F6000 X89.219 Y29.521 E1252.16096
G0 F9000 X89 Y29.521
G0 X89 Y31.483
G0 X89.219 Y31.483
G1 F6000 X87.393 Y33.309 E1252.28979
G1 X87.351 Y33.309
G1 X85.579 Y31.537 E1252.41481
G0 F9000 X85.8 Y31.537
G0 X85.8 Y29.467
G0 X85.579 Y29.467
G1 F6000 X89.219 Y25.827 E1252.67164
G0 F9000 X89 Y25.827
G0 X89 Y23.864
G0 X89.219 Y23.864
G1 F6000 X85.579 Y20.223 E1252.92849
G0 F9000 X85.8 Y20.223
G0 X89.072 Y15.956
G0 X95.928 Y15.956
G0 X96 Y19.266
G0 X95.779 Y19.266
G1 F6000 X99.192 Y15.854 E1253.16926
G0 F9000 X98.179 Y15.854
G1 F6000 X99.419 Y17.094 E1253.25675
G0 F9000 X99.2 Y17.094
G0 X96 Y19.11
G0 X95.779 Y19.11
G1 F6000 X99.419 Y22.751 E1253.51361
G0 F9000 X99.2 Y22.751
G0 X99.2 Y21.283
G0 X99.419 Y21.283
G1 F6000 X95.779 Y24.923 E1253.77043
G1 X95.779 Y24.767
G1 X99.419 Y28.408 E1254.02729
G0 F9000 X99.2 Y28.408
G0 X99.2 Y26.94
G0 X99.419 Y26.94
G1 F6000 X95.779 Y30.58 E1254.28411
G1 X95.779 Y30.423
G1 X98.665 Y33.31 E1254.48777
G1 X98.706 Y33.31
G1 X99.419 Y32.597 E1254.53807
G1 F1500 E1248.03807
G0 F9000 X99.2 Y32.597
G0 X95.928 Y15.956
G0 X72.024 Y15.945
G0 X70.055 Y16.116
G0 X68.164 Y16.623
G0 X66.389 Y17.452
G0 X64.781 Y18.578
G0 X63.401 Y19.957
G0 X62.279 Y21.561
G0 X61.45 Y23.338
G0 X60.942 Y25.229
G0 X60.771 Y27.192
G0 X60.771 Y28.156
G0 X60.942 Y30.119
G0 X61.45 Y32.01
G0 X62.279 Y33.787
G0 X63.401 Y35.392
G0 X64.783 Y36.773
G0 X66.387 Y37.895
G0 X68.164 Y38.724
G0 X70.055 Y39.232
G0 X71.649 Y39.369
G0 X86.984 Y39.404
G0 X86.984 Y40.839
G0 X70.736 Y28.324
G0 X71.832 Y29.296
G0 X70.272 Y29.912
;TYPE:WALL-INNER
G1 F1500 E1254.53807
G1 X70.799 Y29.782 E1254.56515
G1 X71.28 Y29.53 E1254.59224
G1 X71.688 Y29.169 E1254.61942
G1 X71.996 Y28.722 E1254.64651
G1 X72.189 Y28.213 E1254.67366
G1 X72.254 Y27.674 E1254.70075
G1 X72.189 Y27.135 E1254.72784
G1 X71.996 Y26.626 E1254.75499
G1 X71.688 Y26.179 E1254.78208
G1 X71.28 Y25.818 E1254.80926
G1 X70.799 Y25.566 E1254.83635
G1 X70.272 Y25.436 E1254.86343
G1 X69.728 Y25.436 E1254.89057
G1 X69.201 Y25.566 E1254.91765
G1 X68.72 Y25.818 E1254.94474
G1 X68.312 Y26.179 E1254.97192
G1 X68.004 Y26.626 E1254.999
G1 X67.811 Y27.135 E1255.02616
G1 X67.746 Y27.674 E1255.05324
G1 X67.811 Y28.213 E1255.08033
G1 X68.004 Y28.722 E1255.10749
G1 X68.312 Y29.169 E1255.13457
G1 X68.72 Y29.53 E1255.16175
G1 X69.201 Y29.782 E1255.18884
G1 X69.728 Y29.912 E1255.21592
G1 X70.272 Y29.912 E1255.24306
G0 F9000 X70.223 Y29.512
;TYPE:WALL-OUTER
G1 F1500 X70.656 Y29.405 E1255.26531
G1 X71.051 Y29.198 E1255.28756
G1 X71.386 Y28.902 E1255.30986
G1 X71.639 Y28.535 E1255.3321
G1 X71.798 Y28.117 E1255.35442
G1 X71.851 Y27.674 E1255.37667
G1 X71.798 Y27.231 E1255.39893
G1 X71.639 Y26.813 E1255.42125
G1 X71.386 Y26.446 E1255.44348
G1 X71.051 Y26.15 E1255.46579
G1 X70.656 Y25.943 E1255.48804
G1 X70.223 Y25.836 E1255.51029
G1 X69.777 Y25.836 E1255.53254
G1 X69.344 Y25.943 E1255.55479
G1 X68.949 Y26.15 E1255.57704
G1 X68.614 Y26.446 E1255.59934
G1 X68.361 Y26.813 E1255.62158
G1 X68.202 Y27.231 E1255.64389
G1 X68.149 Y27.674 E1255.66615
G1 X68.202 Y28.117 E1255.68841
G1 X68.361 Y28.535 E1255.71072
G1 X68.614 Y28.902 E1255.73296
G1 X68.949 Y29.198 E1255.75526
G1 X69.344 Y29.405 E1255.77751
G1 X69.777 Y29.512 E1255.79977
G1 X70.223 Y29.512 E1255.82202
G0 F9000 X70.417 Y29.465
G0 X70.521 Y29.892
G1 F1500 E1249.32202
G0 F9000 X71.832 Y29.296
G0 X70.736 Y28.324
G0 X114.264 Y28.324
G0 X113.168 Y29.296
G0 X114.728 Y29.912
;TYPE:WALL-INNER
G1 F1500 E1255.82202
G1 X115.272 Y29.912 E1255.84916
G1 X115.799 Y29.782 E1255.87624
G1 X116.28 Y29.53 E1255.90333
G1 X116.688 Y29.169 E1255.93051
G1 X116.996 Y28.722 E1255.95759
G1 X117.189 Y28.213 E1255.98475
G1 X117.254 Y27.674 E1256.01183
G1 X117.189 Y27.135 E1256.03892
G1 X116.996 Y26.626 E1256.06608
G1 X116.688 Y26.179 E1256.09316
G1 X116.28 Y25.818 E1256.12034
G1 X115.799 Y25.566 E1256.14743
G1 X115.272 Y25.436 E1256.17451
G1 X114.728 Y25.436 E1256.20165
G1 X114.201 Y25.566 E1256.22873
G1 X113.72 Y25.818 E1256.25582
G1 X113.312 Y26.179 E1256.283
G1 X113.004 Y26.626 E1256.31008
G1 X112.811 Y27.135 E1256.33724
G1 X112.746 Y27.674 E1256.36433
G1 X112.811 Y28.213 E1256.39141
G1 X113.004 Y28.722 E1256.41857
G1 X113.312 Y29.169 E1256.44565
G1 X113.72 Y29.53 E1256.47283
G1 X114.201 Y29.782 E1256.49992
G1 X114.728 Y29.912 E1256.527
G0 F9000 X114.777 Y29.512
;TYPE:WALL-OUTER
G1 F1500 X115.223 Y29.512 E1256.54926
G1 X115.656 Y29.405 E1256.57151
G1 X116.051 Y29.198 E1256.59376
G1 X116.386 Y28.902 E1256.61606
G1 X116.639 Y28.535 E1256.6383
G1 X116.798 Y28.117 E1256.66061
G1 X116.851 Y27.674 E1256.68287
G1 X116.798 Y27.231 E1256.70513
G1 X116.639 Y26.813 E1256.72744
G1 X116.386 Y26.446 E1256.74968
G1 X116.051 Y26.15 E1256.77198
G1 X115.656 Y25.943 E1256.79423
G1 X115.223 Y25.836 E1256.81648
G1 X114.777 Y25.836 E1256.83873
G1 X114.344 Y25.943 E1256.86099
G1 X113.949 Y26.15 E1256.88323
G1 X113.614 Y26.446 E1256.90554
G1 X113.361 Y26.813 E1256.92778
G1 X113.202 Y27.231 E1256.95009
G1 X113.149 Y27.674 E1256.97235
G1 X113.202 Y28.117 E1256.99461
G1 X113.361 Y28.535 E1257.01692
G1 X113.614 Y28.902 E1257.03916
G1 X113.949 Y29.198 E1257.06146
G1 X114.344 Y29.405 E1257.08371
G1 X114.777 Y29.512 E1257.10596
G0 F9000 X114.977 Y29.512
G0 X114.977 Y29.952
G1 F1500 E1250.60596
G0 F9000 X116.187 Y29.396
G0 X117.375 Y28.26
G0 X115.953 Y27.908
G0 X145.665 Y20.347
G0 X144.23 Y20.347
G0 X144.4 Y22.274
;TYPE:WALL-INNER
G1 F1500 E1257.10596
G1 X150.6 Y22.274 E1257.41528
G1 X150.6 Y18.074 E1257.62482
G1 X144.4 Y18.074 E1257.93414
G1 X144.4 Y22.274 E1258.14368
G0 F9000 X144.8 Y21.874
;TYPE:WALL-OUTER
G1 F1500 X150.2 Y21.874 E1258.41308
G1 X150.2 Y18.474 E1258.58271
G1 X144.8 Y18.474 E1258.85212
G1 X144.8 Y21.874 E1259.02174
G0 F9000 X145 Y21.874
G0 X145 Y22.314
G1 F1500 E1252.52174
G0 F9000 X144.4 Y22.464
G0 X145.653 Y21.021
G0 X145.653 Y34.327
G0 X144.4 Y32.884
G0 X144.4 Y37.274
;TYPE:WALL-INNER
G1 F1500 E1259.02174
G1 X150.6 Y37.274 E1259.33106
G1 X150.6 Y33.074 E1259.5406
G1 X144.4 Y33.074 E1259.84992
G1 X144.4 Y37.274 E1260.05946
G0 F9000 X144.8 Y36.874
;TYPE:WALL-OUTER
G1 F1500 X150.2 Y36.874 E1260.32887
G1 X150.2 Y33.474 E1260.49849
G1 X144.8 Y33.474 E1260.7679
G1 X144.8 Y36.874 E1260.93753
G0 F9000 X145 Y36.874
G0 X145 Y37.314
G1 F1500 E1254.43753
G0 F9000 X150.796 Y37.47
G0 X150.796 Y39.364
G0 X159.4 Y39.574
;TYPE:WALL-INNER
G1 F1500 E1260.93753
G1 X72.018 Y39.574 E1265.29703
G1 X70.023 Y39.4 E1265.39694
G1 X68.106 Y38.886 E1265.49596
G1 X66.301 Y38.044 E1265.59533
G1 X64.671 Y36.903 E1265.69459
G1 X63.271 Y35.504 E1265.79333
G1 X62.13 Y33.873 E1265.89264
G1 X61.288 Y32.068 E1265.99201
G1 X60.774 Y30.151 E1266.09103
G1 X60.6 Y28.162 E1266.19064
G1 X60.6 Y27.186 E1266.23933
G1 X60.774 Y25.197 E1266.33894
G1 X61.288 Y23.28 E1266.43796
G1 X62.13 Y21.475 E1266.53733
G1 X63.271 Y19.845 E1266.63659
G1 X64.669 Y18.448 E1266.73519
G1 X66.304 Y17.303 E1266.83478
G1 X68.106 Y16.462 E1266.93399
G1 X70.023 Y15.948 E1267.033
G1 X72.018 Y15.774 E1267.13291
G1 X159.4 Y15.774 E1271.49242
G1 X159.4 Y39.574 E1272.67981
G0 F9000 X159.8 Y39.974
;TYPE:WALL-OUTER
G1 F1500 X72.006 Y39.974 E1277.05987
G1 X69.952 Y39.795 E1277.16273
G1 X67.965 Y39.262 E1277.26536
G1 X66.102 Y38.393 E1277.36792
G1 X64.412 Y37.21 E1277.47084
G1 X62.964 Y35.763 E1277.57297
G1 X61.781 Y34.072 E1277.67593
G1 X60.912 Y32.209 E1277.77849
G1 X60.379 Y30.222 E1277.88113
G1 X60.2 Y28.174 E1277.98369
G1 X60.2 Y27.174 E1278.03358
G1 X60.379 Y25.126 E1278.13615
G1 X60.912 Y23.139 E1278.23878
G1 X61.781 Y21.276 E1278.34134
G1 X62.964 Y19.586 E1278.44426
G1 X64.412 Y18.139 E1278.54639
G1 X66.102 Y16.955 E1278.64934
G1 X67.965 Y16.086 E1278.7519
G1 X69.952 Y15.553 E1278.85454
G1 X72.006 Y15.374 E1278.9574
G1 X159.8 Y15.374 E1283.33746
G1 X159.8 Y39.974 E1284.56476
G0 F9000 X159.6 Y39.974
G0 X159.36 Y39.534
G0 X159.01 Y39.184
;TYPE:SKIN
G1 F1500 X72.029 Y39.184 E1288.90426
G1 X70.096 Y39.016 E1289.00106
G1 X68.236 Y38.517 E1289.09714
G1 X66.501 Y37.708 E1289.19264
G1 X64.915 Y36.597 E1289.28925
G1 X63.577 Y35.26 E1289.38362
G1 X62.466 Y33.673 E1289.48027
G1 X61.657 Y31.938 E1289.57577
G1 X61.158 Y30.078 E1289.67185
G1 X60.99 Y28.162 E1289.76781
G1 X60.99 Y27.186 E1289.8165
G1 X61.158 Y25.27 E1289.91246
G1 X61.657 Y23.41 E1290.00853
G1 X62.466 Y21.675 E1290.10404
G1 X63.577 Y20.089 E1290.20065
G1 X64.913 Y18.754 E1290.29488
G1 X66.504 Y17.639 E1290.3918
G1 X68.236 Y16.831 E1290.48715
G1 X70.096 Y16.332 E1290.58323
G1 X72.029 Y16.164 E1290.68003
G1 X85.51 Y16.164 E1291.3526
G1 X85.51 Y33.38 E1292.21151
G1 X89.29 Y33.38 E1292.4001
G1 X89.29 Y16.164 E1293.25901
G1 X95.71 Y16.164 E1293.5793
G1 X95.71 Y33.38 E1294.43821
G1 X99.49 Y33.38 E1294.6268
G1 X99.49 Y16.164 E1295.48571
G1 X159.01 Y16.164 E1298.45517
G1 X159.01 Y39.184 E1299.60364
G1 F1500 E1293.10364
G0 F9000 X159.29 Y39.184
G0 X159.19 Y37.414
G0 X160.665 Y37.414
G0 X149.347 Y36.021
G0 X150.79 Y37.414
G1 F1500 E1299.60364
G0 F9000 X150.99 Y37.664
G1 F1500 X150.99 Y32.684 E1299.8521
G1 X144.01 Y32.684 E1300.20033
G1 X144.01 Y37.664 E1300.44878
G1 X150.99 Y37.664 E1300.79702
G1 F1500 E1294.29702
G0 F9000 X150.71 Y37.414
G0 X150.71 Y32.884
G0 X149.347 Y34.327
G0 X149.347 Y21.021
G0 X150.71 Y22.464
G1 F1500 E1300.79702
G0 F9000 X150.99 Y22.664
G1 F1500 X150.99 Y17.684 E1301.04547
G1 X144.01 Y17.684 E1301.3937
G1 X144.01 Y22.664 E1301.64216
G1 X150.99 Y22.664 E1301.99039
G1 F1500 E1295.49039
G0 F9000 X150.71 Y22.414
G0 X146.536 Y22.444
G0 X146.536 Y21.009
G0 X115.981 Y27.674
G0 X117.446 Y27.674
G0 X117.297 Y28.241
G1 F1500 E1301.99039
G0 F9000 X117.571 Y28.307
G1 F1500 X117.646 Y27.674 E1302.02219
G1 X117.571 Y27.041 E1302.05399
G1 X117.343 Y26.443 E1302.08592
G1 X116.982 Y25.918 E1302.11771
G1 X116.502 Y25.494 E1302.14966
G1 X115.938 Y25.199 E1302.18142
G1 X115.319 Y25.046 E1302.21323
G1 X114.681 Y25.046 E1302.24506
G1 X114.062 Y25.199 E1302.27687
G1 X113.498 Y25.494 E1302.30862
G1 X113.018 Y25.918 E1302.34058
G1 X112.657 Y26.443 E1302.37236
G1 X112.429 Y27.041 E1302.40429
G1 X112.354 Y27.674 E1302.43609
G1 X112.429 Y28.307 E1302.4679
G1 X112.657 Y28.905 E1302.49982
G1 X113.018 Y29.43 E1302.53161
G1 X113.498 Y29.854 E1302.56356
G1 X114.062 Y30.149 E1302.59532
G1 X114.681 Y30.302 E1302.62713
G1 X115.319 Y30.302 E1302.65896
G1 X115.938 Y30.149 E1302.69077
G1 X116.502 Y29.854 E1302.72253
G1 X116.982 Y29.43 E1302.75448
G1 X117.343 Y28.905 E1302.78627
G1 X117.571 Y28.307 E1302.81819
G1 F1500 E1296.31819
G0 F9000 X117.297 Y28.241
G0 X116.566 Y29.062
G0 X116.187 Y29.396
G0 X115.741 Y29.63
G0 X115.251 Y29.751
G0 X114.749 Y29.751
G0 X114.259 Y29.63
G0 X113.813 Y29.396
G0 X113.507 Y29.126
G0 X112.554 Y27.674
G0 X114.019 Y27.674
G0 X70.981 Y27.674
G0 X72.446 Y27.674
G0 X72.297 Y28.241
G1 F1500 E1302.81819
G0 F9000 X72.571 Y28.307
G1 F1500 X72.646 Y27.674 E1302.85
G1 X72.571 Y27.041 E1302.8818
G1 X72.343 Y26.443 E1302.91373
G1 X71.982 Y25.918 E1302.94551
G1 X71.502 Y25.494 E1302.97747
G1 X70.938 Y25.199 E1303.00922
G1 X70.319 Y25.046 E1303.04103
G1 X69.681 Y25.046 E1303.07286
G1 X69.062 Y25.199 E1303.10467
G1 X68.498 Y25.494 E1303.13643
G1 X68.018 Y25.918 E1303.16838
G1 X67.657 Y26.443 E1303.20017
G1 X67.429 Y27.041 E1303.2321
G1 X67.354 Y27.674 E1303.2639
G1 X67.429 Y28.307 E1303.2957
G1 X67.657 Y28.905 E1303.32763
G1 X68.018 Y29.43 E1303.35942
G1 X68.498 Y29.854 E1303.39137
G1 X69.062 Y30.149 E1303.42312
G1 X69.681 Y30.302 E1303.45493
G1 X70.319 Y30.302 E1303.48676
G1 X70.938 Y30.149 E1303.51857
G1 X71.502 Y29.854 E1303.55033
G1 X71.982 Y29.43 E1303.58228
G1 X72.343 Y28.905 E1303.61407
G1 X72.571 Y28.307 E1303.646
G1 F1500 E1297.146
G0 F9000 X72.297 Y28.241
G0 X72.032 Y27.174
G0 X71.852 Y26.701
G0 X71.566 Y26.286
G0 X71.187 Y25.952
G0 X70.827 Y25.763
G0 X69.133 Y25.386
G0 X69.652 Y26.757
G0 X63.763 Y17.566
G0 X64.806 Y18.608
G0 X66.085 Y17.592
G1 F1500 E1303.646
G0 F9000 X66.335 Y17.952
G1 F1500 X62.775 Y21.511 E1303.89714
G0 F9000 X62.417 Y21.259
G0 X61.777 Y22.494
G0 X62.173 Y22.679
G1 F1500 X67.506 Y17.346 E1304.27341
G0 F9000 X67.322 Y16.95
G0 X68.379 Y16.503
G0 X68.491 Y16.926
G1 F1500 X61.752 Y23.666 E1304.74892
G0 F9000 X61.545 Y24.439
G1 F1500 X69.264 Y16.719 E1305.29357
G0 F9000 X70.037 Y16.512
G1 F1500 X61.337 Y25.211 E1305.90737
G0 F9000 X61.266 Y25.848
G1 F1500 X70.674 Y16.44 E1306.57115
G0 F9000 X71.293 Y16.387
G1 F1500 X61.212 Y26.469 E1307.28246
G0 F9000 X61.157 Y27.089
G1 F1500 X71.912 Y16.334 E1308.04128
G0 F9000 X72.488 Y16.324
G1 F1500 X61.149 Y27.663 E1308.84131
G0 F9000 X61.154 Y28.223
G1 F1500 X73.054 Y16.324 E1309.68088
G0 F9000 X73.619 Y16.324
G1 F1500 X61.2 Y28.743 E1310.55711
G0 F9000 X61.246 Y29.263
G1 F1500 X74.185 Y16.324 E1311.47003
G0 F9000 X74.751 Y16.324
G1 F1500 X61.292 Y29.783 E1312.41963
G0 F9000 X61.373 Y30.267
G1 F1500 X75.316 Y16.324 E1313.40339
G0 F9000 X75.882 Y16.324
G1 F1500 X61.492 Y30.713 E1314.41864
G0 F9000 X61.613 Y31.159
G1 F1500 X76.448 Y16.324 E1315.46533
G0 F9000 X77.013 Y16.324
G1 F1500 X61.732 Y31.605 E1316.54349
G0 F9000 X61.874 Y32.029
G1 F1500 X67.498 Y26.404 E1316.94033
G0 F9000 X67.245 Y27.224
G1 F1500 X62.054 Y32.414 E1317.30655
G0 F9000 X62.235 Y32.799
G1 F1500 X67.21 Y27.824 E1317.65756
G0 F9000 X67.27 Y28.33
G1 F1500 X62.414 Y33.185 E1318.00014
G0 F9000 X62.595 Y33.571
G1 F1500 X67.422 Y28.743 E1318.34075
G0 F9000 X67.61 Y29.121
G1 F1500 X62.825 Y33.907 E1318.67839
G0 F9000 X63.058 Y34.239
G1 F1500 X67.841 Y29.456 E1319.01586
G0 F9000 X68.124 Y29.738
G1 F1500 X63.291 Y34.572 E1319.35689
G0 F9000 X63.524 Y34.904
G1 F1500 X68.43 Y29.999 E1319.703
G0 F9000 X68.801 Y30.193
G1 F1500 X63.768 Y35.226 E1320.0581
G0 F9000 X64.051 Y35.509
G1 F1500 X69.21 Y30.349 E1320.42213
G0 F9000 X69.664 Y30.462
G1 F1500 X64.333 Y35.792 E1320.79823
G0 F9000 X64.616 Y36.075
G1 F1500 X70.229 Y30.462 E1321.19426
G0 F9000 X70.946 Y30.31
G1 F1500 X64.899 Y36.358 E1321.62094
G0 F9000 X65.212 Y36.611
G1 F1500 X85.349 Y16.474 E1323.04171
G0 F9000 X84.933 Y16.324
G1 F1500 X72.613 Y28.644 E1323.91096
G0 F9000 X72.777 Y27.914
G1 F1500 X84.367 Y16.324 E1324.72869
G0 F9000 X83.802 Y16.324
G1 F1500 X72.769 Y27.357 E1325.50713
G0 F9000 X72.681 Y26.879
G1 F1500 X83.236 Y16.324 E1326.25184
G0 F9000 X82.67 Y16.324
G1 F1500 X72.525 Y26.469 E1326.96763
G0 F9000 X72.312 Y26.116
G1 F1500 X82.104 Y16.324 E1327.65851
G0 F9000 X81.539 Y16.324
G1 F1500 X72.076 Y25.787 E1328.32617
G0 F9000 X71.775 Y25.522
G1 F1500 X80.973 Y16.324 E1328.97514
G0 F9000 X80.407 Y16.324
G1 F1500 X71.446 Y25.285 E1329.60739
G0 F9000 X71.075 Y25.09
G1 F1500 X79.842 Y16.324 E1330.22591
G0 F9000 X79.276 Y16.324
G1 F1500 X70.639 Y24.961 E1330.8353
G0 F9000 X70.149 Y24.885
G1 F1500 X78.71 Y16.324 E1331.43932
G0 F9000 X78.145 Y16.324
G1 F1500 X69.557 Y24.912 E1332.04525
G0 F9000 X68.691 Y25.211
G1 F1500 X77.579 Y16.324 E1332.67231
G0 F9000 X77.579 Y15.884
G0 X85.728 Y15.956
G0 X85.8 Y17.039
G0 X85.349 Y17.039
G1 F1500 X65.544 Y36.844 E1334.06966
G0 F9000 X65.877 Y37.077
G1 F1500 X85.349 Y17.605 E1335.44352
G0 F9000 X85.349 Y18.171
G1 F1500 X66.21 Y37.309 E1336.79384
G0 F9000 X66.542 Y37.543
G1 F1500 X85.349 Y18.736 E1338.12078
G0 F9000 X85.349 Y19.302
G1 F1500 X66.922 Y37.729 E1339.4209
G0 F9000 X67.308 Y37.909
G1 F1500 X85.349 Y19.868 E1340.69379
G0 F9000 X85.349 Y20.433
G1 F1500 X67.694 Y38.089 E1341.93948
G0 F9000 X68.079 Y38.269
G1 F1500 X85.349 Y20.999 E1343.15798
G0 F9000 X85.349 Y21.565
G1 F1500 X68.492 Y38.422 E1344.34733
G0 F9000 X68.938 Y38.541
G1 F1500 X85.349 Y22.131 E1345.50518
G0 F9000 X85.349 Y22.696
G1 F1500 X69.384 Y38.661 E1346.63159
G0 F9000 X69.831 Y38.78
G1 F1500 X85.349 Y23.262 E1347.72647
G0 F9000 X85.349 Y23.828
G1 F1500 X70.302 Y38.874 E1348.78808
G0 F9000 X70.823 Y38.919
G1 F1500 X85.349 Y24.393 E1349.81297
G0 F9000 X85.349 Y24.959
G1 F1500 X71.343 Y38.965 E1350.80117
G0 F9000 X71.864 Y39.009
G1 F1500 X85.349 Y25.525 E1351.75258
G0 F9000 X85.349 Y26.09
G1 F1500 X72.415 Y39.024 E1352.66514
G0 F9000 X72.981 Y39.024
G1 F1500 X85.349 Y26.656 E1353.53777
G0 F9000 X85.349 Y27.222
G1 F1500 X73.546 Y39.024 E1354.3705
G0 F9000 X74.112 Y39.024
G1 F1500 X85.349 Y27.787 E1355.16333
G0 F9000 X85.349 Y28.353
G1 F1500 X74.678 Y39.024 E1355.91623
G0 F9000 X75.243 Y39.024
G1 F1500 X85.349 Y28.919 E1356.62922
G0 F9000 X85.349 Y29.484
G1 F1500 X75.809 Y39.024 E1357.30232
G0 F9000 X76.375 Y39.024
G1 F1500 X85.349 Y30.05 E1357.93549
G0 F9000 X85.349 Y30.616
G1 F1500 X76.94 Y39.024 E1358.52875
G0 F9000 X77.506 Y39.024
G1 F1500 X85.349 Y31.181 E1359.08212
G0 F9000 X85.349 Y31.747
G1 F1500 X78.072 Y39.024 E1359.59555
G0 F9000 X78.638 Y39.024
G1 F1500 X85.349 Y32.313 E1360.06905
G0 F9000 X85.349 Y32.879
G1 F1500 X79.203 Y39.024 E1360.50264
G0 F9000 X79.769 Y39.024
G1 F1500 X85.349 Y33.444 E1360.89634
G0 F9000 X85.82 Y33.539
G1 F1500 X80.335 Y39.024 E1361.28334
G0 F9000 X80.9 Y39.024
G1 F1500 X86.385 Y33.539 E1361.67034
G0 F9000 X86.951 Y33.539
G1 F1500 X81.466 Y39.024 E1362.05733
G0 F9000 X82.032 Y39.024
G1 F1500 X87.517 Y33.539 E1362.44433
G0 F9000 X88.082 Y33.539
G1 F1500 X82.597 Y39.024 E1362.83133
G0 F9000 X83.163 Y39.024
G1 F1500 X88.648 Y33.539 E1363.21832
G0 F9000 X89.214 Y33.539
G1 F1500 X83.729 Y39.024 E1363.60532
G0 F9000 X84.294 Y39.024
G1 F1500 X95.549 Y27.77 E1364.39938
G0 F9000 X95.549 Y28.335
G1 F1500 X84.86 Y39.024 E1365.15355
G0 F9000 X85.426 Y39.024
G1 F1500 X95.549 Y28.901 E1365.86778
G0 F9000 X95.549 Y29.467
G1 F1500 X85.991 Y39.024 E1366.54212
G0 F9000 X86.557 Y39.024
G1 F1500 X95.549 Y30.032 E1367.17655
G0 F9000 X95.549 Y30.598
G1 F1500 X87.123 Y39.024 E1367.77105
G0 F9000 X87.689 Y39.024
G1 F1500 X95.549 Y31.164 E1368.32562
G0 F9000 X95.549 Y31.73
G1 F1500 X88.254 Y39.024 E1368.84028
G0 F9000 X88.82 Y39.024
G1 F1500 X95.549 Y32.295 E1369.31505
G0 F9000 X95.549 Y32.861
G1 F1500 X89.386 Y39.024 E1369.74988
G0 F9000 X89.951 Y39.024
G1 F1500 X95.549 Y33.427 E1370.14482
G0 F9000 X96.001 Y33.54
G1 F1500 X90.517 Y39.024 E1370.53174
G0 F9000 X91.083 Y39.024
G1 F1500 X96.567 Y33.54 E1370.91867
G0 F9000 X97.133 Y33.54
G1 F1500 X91.648 Y39.024 E1371.30563
G0 F9000 X92.214 Y39.024
G1 F1500 X97.698 Y33.54 E1371.69255
G0 F9000 X98.264 Y33.54
G1 F1500 X92.78 Y39.024 E1372.07948
G0 F9000 X93.345 Y39.024
G1 F1500 X98.83 Y33.54 E1372.46644
G0 F9000 X99.395 Y33.54
G1 F1500 X93.911 Y39.024 E1372.85337
G0 F9000 X94.477 Y39.024
G1 F1500 X117.178 Y16.323 E1374.45505
G0 F9000 X117.743 Y16.323
G1 F1500 X95.042 Y39.024 E1376.05672
G0 F9000 X95.608 Y39.024
G1 F1500 X118.309 Y16.323 E1377.6584
G0 F9000 X118.875 Y16.323
G1 F1500 X96.174 Y39.024 E1379.26008
G0 F9000 X96.739 Y39.024
G1 F1500 X119.44 Y16.323 E1380.86176
G0 F9000 X120.006 Y16.323
G1 F1500 X97.305 Y39.024 E1382.46344
G0 F9000 X97.871 Y39.024
G1 F1500 X120.572 Y16.323 E1384.06511
G0 F9000 X121.137 Y16.323
G1 F1500 X98.437 Y39.024 E1385.66676
G0 F9000 X99.002 Y39.024
G1 F1500 X121.703 Y16.323 E1387.26844
G0 F9000 X122.269 Y16.323
G1 F1500 X99.568 Y39.024 E1388.87011
G0 F9000 X100.134 Y39.024
G1 F1500 X112.341 Y26.817 E1389.73138
G0 F9000 X112.211 Y27.512
G1 F1500 X100.699 Y39.024 E1390.54362
G0 F9000 X101.265 Y39.024
G1 F1500 X112.236 Y28.053 E1391.31768
G0 F9000 X112.336 Y28.519
G1 F1500 X101.831 Y39.024 E1392.05887
G0 F9000 X102.396 Y39.024
G1 F1500 X112.492 Y28.928 E1392.77119
G0 F9000 X112.714 Y29.272
G1 F1500 X102.962 Y39.024 E1393.45925
G0 F9000 X103.528 Y39.024
G1 F1500 X112.96 Y29.592 E1394.12473
G0 F9000 X113.26 Y29.858
G1 F1500 X104.093 Y39.024 E1394.77147
G0 F9000 X104.659 Y39.024
G1 F1500 X113.597 Y30.086 E1395.4021
G0 F9000 X113.969 Y30.28
G1 F1500 X105.225 Y39.024 E1396.01903
G0 F9000 X105.79 Y39.024
G1 F1500 X114.415 Y30.399 E1396.62757
G0 F9000 X114.919 Y30.461
G1 F1500 X106.356 Y39.024 E1397.23174
G0 F9000 X106.922 Y39.024
G1 F1500 X115.533 Y30.413 E1397.83929
G0 F9000 X116.451 Y30.061
G1 F1500 X107.488 Y39.024 E1398.47168
G0 F9000 X108.053 Y39.024
G1 F1500 X130.754 Y16.323 E1400.07336
G0 F9000 X130.188 Y16.323
G1 F1500 X117.381 Y29.131 E1400.977
G0 F9000 X117.743 Y28.203
G1 F1500 X129.623 Y16.323 E1401.8152
G0 F9000 X129.057 Y16.323
G1 F1500 X117.794 Y27.586 E1402.60986
G0 F9000 X117.736 Y27.078
G1 F1500 X128.491 Y16.323 E1403.36868
G0 F9000 X127.926 Y16.323
G1 F1500 X117.595 Y26.654 E1404.09759
G0 F9000 X117.416 Y26.267
G1 F1500 X127.36 Y16.323 E1404.7992
G0 F9000 X126.794 Y16.323
G1 F1500 X117.185 Y25.932 E1405.47716
G0 F9000 X116.91 Y25.641
G1 F1500 X126.229 Y16.323 E1406.13463
G0 F9000 X125.663 Y16.323
G1 F1500 X116.61 Y25.376 E1406.77337
G0 F9000 X116.242 Y25.178
G1 F1500 X125.097 Y16.323 E1407.39814
G0 F9000 X124.532 Y16.323
G1 F1500 X115.843 Y25.011 E1408.01116
G0 F9000 X115.389 Y24.9
G1 F1500 X123.966 Y16.323 E1408.61631
G0 F9000 X123.4 Y16.323
G1 F1500 X114.837 Y24.886 E1409.22048
G0 F9000 X114.144 Y25.014
G1 F1500 X122.835 Y16.323 E1409.83368
G0 F9000 X122.835 Y15.884
G0 X116.612 Y15.884
G0 X116.612 Y16.323
G1 F1500 X99.649 Y33.286 E1411.03051
G0 F9000 X99.649 Y32.72
G1 F1500 X116.046 Y16.323 E1412.1874
G0 F9000 X115.481 Y16.323
G1 F1500 X99.649 Y32.154 E1413.3044
G0 F9000 X99.649 Y31.589
G1 F1500 X114.915 Y16.323 E1414.3815
G0 F9000 X114.349 Y16.323
G1 F1500 X99.649 Y31.023 E1415.41866
G0 F9000 X99.649 Y30.457
G1 F1500 X113.784 Y16.323 E1416.41593
G0 F9000 X113.218 Y16.323
G1 F1500 X99.649 Y29.892 E1417.3733
G0 F9000 X99.649 Y29.326
G1 F1500 X112.652 Y16.323 E1418.29073
G0 F9000 X112.087 Y16.323
G1 F1500 X99.649 Y28.76 E1419.16826
G0 F9000 X99.649 Y28.195
G1 F1500 X111.521 Y16.323 E1420.00589
G0 F9000 X110.955 Y16.323
G1 F1500 X99.649 Y27.629 E1420.80359
G0 F9000 X99.649 Y27.063
G1 F1500 X110.389 Y16.323 E1421.56136
G0 F9000 X109.824 Y16.323
G1 F1500 X99.649 Y26.498 E1422.27926
G0 F9000 X99.649 Y25.932
G1 F1500 X109.258 Y16.323 E1422.95723
G0 F9000 X108.692 Y16.323
G1 F1500 X99.649 Y25.366 E1423.59526
G0 F9000 X99.649 Y24.801
G1 F1500 X108.127 Y16.323 E1424.19343
G0 F9000 X107.561 Y16.323
G1 F1500 X99.649 Y24.235 E1424.75166
G0 F9000 X99.649 Y23.669
G1 F1500 X106.995 Y16.323 E1425.26996
G0 F9000 X106.43 Y16.323
G1 F1500 X99.649 Y23.104 E1425.7484
G0 F9000 X99.649 Y22.538
G1 F1500 X105.864 Y16.323 E1426.1869
G0 F9000 X105.298 Y16.323
G1 F1500 X99.649 Y21.972 E1426.58547
G0 F9000 X99.649 Y21.406
G1 F1500 X104.733 Y16.323 E1426.94414
G0 F9000 X104.167 Y16.323
G1 F1500 X99.649 Y20.841 E1427.26291
G0 F9000 X99.649 Y20.275
G1 F1500 X103.601 Y16.323 E1427.54174
G0 F9000 X103.036 Y16.323
G1 F1500 X99.649 Y19.709 E1427.78068
G0 F9000 X99.649 Y19.144
G1 F1500 X102.47 Y16.323 E1427.97971
G0 F9000 X101.904 Y16.323
G1 F1500 X99.649 Y18.578 E1428.13882
G0 F9000 X99.649 Y18.012
G1 F1500 X101.339 Y16.323 E1428.25802
G0 F9000 X100.773 Y16.323
G1 F1500 X99.649 Y17.447 E1428.33732
G0 F9000 X99.649 Y16.881
G1 F1500 X100.207 Y16.323 E1428.37669
G0 F9000 X100.207 Y15.884
G0 X99.678 Y15.923
G0 X96 Y16.456
G0 X95.549 Y16.456
G1 F1500 X89.449 Y22.555 E1428.80705
G0 F9000 X89.449 Y21.99
G1 F1500 X95.116 Y16.323 E1429.20688
G0 F9000 X94.55 Y16.323
G1 F1500 X89.449 Y21.424 E1429.56679
G0 F9000 X89.449 Y20.858
G1 F1500 X93.985 Y16.323 E1429.88679
G0 F9000 X93.419 Y16.323
G1 F1500 X89.449 Y20.293 E1430.1669
G0 F9000 X89.449 Y19.727
G1 F1500 X92.853 Y16.323 E1430.40707
G0 F9000 X92.288 Y16.323
G1 F1500 X89.449 Y19.161 E1430.60734
G0 F9000 X89.449 Y18.596
G1 F1500 X91.722 Y16.323 E1430.76771
G0 F9000 X91.156 Y16.323
G1 F1500 X89.449 Y18.03 E1430.88815
G0 F9000 X89.449 Y17.464
G1 F1500 X90.59 Y16.323 E1430.96865
G0 F9000 X90.025 Y16.323
G1 F1500 X89.449 Y16.899 E1431.00929
G0 F9000 X89 Y16.899
G0 X89.072 Y15.956
G0 X95.928 Y15.956
G0 X96 Y17.022
G0 X95.549 Y17.022
G1 F1500 X89.449 Y23.121 E1431.43964
G0 F9000 X89.449 Y23.687
G1 F1500 X95.549 Y17.587 E1431.87003
G0 F9000 X95.549 Y18.153
G1 F1500 X89.449 Y24.253 E1432.30042
G0 F9000 X89.449 Y24.818
G1 F1500 X95.549 Y18.719 E1432.73077
G0 F9000 X95.549 Y19.284
G1 F1500 X89.449 Y25.384 E1433.16116
G0 F9000 X89.449 Y25.95
G1 F1500 X95.549 Y19.85 E1433.59155
G0 F9000 X95.549 Y20.416
G1 F1500 X89.449 Y26.515 E1434.0219
G0 F9000 X89.449 Y27.081
G1 F1500 X95.549 Y20.981 E1434.45229
G0 F9000 X95.549 Y21.547
G1 F1500 X89.449 Y27.647 E1434.88268
G0 F9000 X89.449 Y28.212
G1 F1500 X95.549 Y22.113 E1435.31303
G0 F9000 X95.549 Y22.679
G1 F1500 X89.449 Y28.778 E1435.74338
G0 F9000 X89.449 Y29.344
G1 F1500 X95.549 Y23.244 E1436.17377
G0 F9000 X95.549 Y23.81
G1 F1500 X89.449 Y29.909 E1436.60412
G0 F9000 X89.449 Y30.475
G1 F1500 X95.549 Y24.376 E1437.03448
G0 F9000 X95.549 Y24.941
G1 F1500 X89.449 Y31.041 E1437.46486
G0 F9000 X89.449 Y31.606
G1 F1500 X95.549 Y25.507 E1437.89522
G0 F9000 X95.549 Y26.073
G1 F1500 X89.449 Y32.172 E1438.32557
G0 F9000 X89.449 Y32.738
G1 F1500 X95.549 Y26.638 E1438.75596
G0 F9000 X95.549 Y27.204
G1 F1500 X89.449 Y33.304 E1439.18635
G1 F1500 E1432.68635
G0 F9000 X89.03 Y33.12
G0 X85.728 Y15.956
G0 X72.024 Y15.945
G0 X70.055 Y16.116
G0 X68.164 Y16.623
G0 X66.389 Y17.452
G0 X64.781 Y18.578
G0 X63.401 Y19.957
G0 X62.279 Y21.561
G0 X61.45 Y23.338
G0 X60.942 Y25.229
G0 X60.771 Y27.192
G0 X60.771 Y28.156
G0 X60.942 Y30.119
G0 X61.45 Y32.01
G0 X62.279 Y33.787
G0 X63.401 Y35.392
G0 X64.783 Y36.773
G0 X66.387 Y37.895
G0 X68.164 Y38.724
G0 X70.055 Y39.232
G0 X71.649 Y39.369
G0 X108.619 Y39.464
G1 F1500 E1439.18635
G0 F9000 X108.619 Y39.024
G1 F1500 X131.32 Y16.323 E1440.78802
G0 F9000 X131.886 Y16.323
G1 F1500 X109.185 Y39.024 E1442.3897
G0 F9000 X109.75 Y39.024
G1 F1500 X132.451 Y16.323 E1443.99138
G0 F9000 X133.017 Y16.323
G1 F1500 X110.316 Y39.024 E1445.59306
G0 F9000 X110.882 Y39.024
G1 F1500 X133.583 Y16.323 E1447.19474
G0 F9000 X134.148 Y16.323
G1 F1500 X111.447 Y39.024 E1448.79641
G0 F9000 X112.013 Y39.024
G1 F1500 X134.714 Y16.323 E1450.39809
G0 F9000 X135.28 Y16.323
G1 F1500 X112.579 Y39.024 E1451.99977
G0 F9000 X113.144 Y39.024
G1 F1500 X135.845 Y16.323 E1453.60145
G0 F9000 X136.411 Y16.323
G1 F1500 X113.71 Y39.024 E1455.20313
G0 F9000 X114.276 Y39.024
G1 F1500 X136.977 Y16.323 E1456.80481
G0 F9000 X137.542 Y16.323
G1 F1500 X114.841 Y39.024 E1458.40648
G0 F9000 X115.407 Y39.024
G1 F1500 X138.108 Y16.323 E1460.00816
G0 F9000 X138.674 Y16.323
G1 F1500 X115.973 Y39.024 E1461.60984
G0 F9000 X116.538 Y39.024
G1 F1500 X139.239 Y16.323 E1463.21152
G0 F9000 X139.805 Y16.323
G1 F1500 X117.104 Y39.024 E1464.8132
G0 F9000 X117.67 Y39.024
G1 F1500 X140.371 Y16.323 E1466.41487
G0 F9000 X140.936 Y16.323
G1 F1500 X118.236 Y39.024 E1468.01652
G0 F9000 X118.801 Y39.024
G1 F1500 X141.502 Y16.323 E1469.6182
G0 F9000 X142.068 Y16.323
G1 F1500 X119.367 Y39.024 E1471.21987
G0 F9000 X119.933 Y39.024
G1 F1500 X142.634 Y16.323 E1472.82155
G0 F9000 X143.199 Y16.323
G1 F1500 X120.498 Y39.024 E1474.42323
G0 F9000 X121.064 Y39.024
G1 F1500 X143.765 Y16.323 E1476.02491
G0 F9000 X144.331 Y16.323
G1 F1500 X121.63 Y39.024 E1477.62659
G0 F9000 X122.195 Y39.024
G1 F1500 X144.896 Y16.323 E1479.22826
G0 F9000 X145.462 Y16.323
G1 F1500 X144.261 Y17.524 E1479.313
G0 F9000 X144.827 Y17.524
G1 F1500 X146.028 Y16.323 E1479.39774
G0 F9000 X146.593 Y16.323
G1 F1500 X145.393 Y17.524 E1479.48244
G0 F9000 X145.958 Y17.524
G1 F1500 X147.159 Y16.323 E1479.56718
G0 F9000 X147.725 Y16.323
G1 F1500 X146.524 Y17.524 E1479.65191
G0 F9000 X147.09 Y17.524
G1 F1500 X148.29 Y16.323 E1479.73662
G0 F9000 X148.856 Y16.323
G1 F1500 X147.655 Y17.524 E1479.82135
G0 F9000 X148.221 Y17.524
G1 F1500 X149.422 Y16.323 E1479.90609
G0 F9000 X149.987 Y16.323
G1 F1500 X148.787 Y17.524 E1479.99079
G0 F9000 X149.352 Y17.524
G1 F1500 X150.553 Y16.323 E1480.07553
G0 F9000 X151.119 Y16.323
G1 F1500 X149.918 Y17.524 E1480.16027
G0 F9000 X150.484 Y17.524
G1 F1500 X151.685 Y16.323 E1480.245
G0 F9000 X152.25 Y16.323
G1 F1500 X151.05 Y17.524 E1480.3297
G0 F9000 X151.149 Y17.99
G1 F1500 X152.816 Y16.323 E1480.44732
G0 F9000 X153.382 Y16.323
G1 F1500 X151.149 Y18.555 E1480.60484
G0 F9000 X151.149 Y19.121
G1 F1500 X153.947 Y16.323 E1480.80225
G0 F9000 X154.513 Y16.323
G1 F1500 X151.149 Y19.687 E1481.0396
G0 F9000 X151.149 Y20.252
G1 F1500 X155.079 Y16.323 E1481.31685
G0 F9000 X155.644 Y16.323
G1 F1500 X151.149 Y20.818 E1481.63399
G0 F9000 X151.149 Y21.384
G1 F1500 X156.21 Y16.323 E1481.99107
G0 F9000 X156.776 Y16.323
G1 F1500 X151.149 Y21.95 E1482.38809
G0 F9000 X151.149 Y22.515
G1 F1500 X157.341 Y16.323 E1482.82497
G0 F9000 X157.907 Y16.323
G1 F1500 X135.206 Y39.024 E1484.42665
G0 F9000 X134.64 Y39.024
G1 F1500 X150.841 Y22.823 E1485.56971
G0 F9000 X150.275 Y22.823
G1 F1500 X134.075 Y39.024 E1486.71275
G0 F9000 X133.509 Y39.024
G1 F1500 X149.71 Y22.823 E1487.85581
G0 F9000 X149.144 Y22.823
G1 F1500 X132.943 Y39.024 E1488.99888
G0 F9000 X132.378 Y39.024
G1 F1500 X148.578 Y22.823 E1490.14191
G0 F9000 X148.013 Y22.823
G1 F1500 X131.812 Y39.024 E1491.28498
G0 F9000 X131.246 Y39.024
G1 F1500 X147.447 Y22.823 E1492.42805
G0 F9000 X146.881 Y22.823
G1 F1500 X130.681 Y39.024 E1493.57108
G0 F9000 X130.115 Y39.024
G1 F1500 X146.315 Y22.823 E1494.71412
G0 F9000 X145.75 Y22.823
G1 F1500 X129.549 Y39.024 E1495.85718
G0 F9000 X128.984 Y39.024
G1 F1500 X145.184 Y22.823 E1497.00022
G0 F9000 X144.618 Y22.823
G1 F1500 X128.418 Y39.024 E1498.14325
G0 F9000 X127.852 Y39.024
G1 F1500 X144.053 Y22.823 E1499.28632
G0 F9000 X143.848 Y22.462
G1 F1500 X127.286 Y39.024 E1500.45486
G0 F9000 X126.721 Y39.024
G1 F1500 X143.848 Y21.896 E1501.66329
G0 F9000 X143.848 Y21.331
G1 F1500 X126.155 Y39.024 E1502.91163
G0 F9000 X125.589 Y39.024
G1 F1500 X143.848 Y20.765 E1504.1999
G0 F9000 X143.848 Y20.199
G1 F1500 X125.024 Y39.024 E1505.52807
G0 F9000 X124.458 Y39.024
G1 F1500 X143.848 Y19.634 E1506.89614
G0 F9000 X143.848 Y19.068
G1 F1500 X123.892 Y39.024 E1508.30415
G0 F9000 X123.327 Y39.024
G1 F1500 X143.848 Y18.502 E1509.75205
G0 F9000 X143.848 Y17.937
G1 F1500 X122.761 Y39.024 E1511.23985
G0 F9000 X122.761 Y39.464
G0 X135.772 Y39.464
G0 X135.772 Y39.024
G1 F1500 X158.473 Y16.323 E1512.84153
G0 F9000 X158.849 Y16.513
G1 F1500 X136.337 Y39.024 E1514.42984
G0 F9000 X136.903 Y39.024
G1 F1500 X158.849 Y17.078 E1515.97824
G0 F9000 X158.849 Y17.644
G1 F1500 X143.969 Y32.524 E1517.02811
G1 X143.848 Y32.644
G1 X137.469 Y39.024 E1517.47822
G0 F9000 X138.035 Y39.024
G1 F1500 X143.848 Y33.21 E1517.88839
G0 F9000 X143.848 Y33.776
G1 F1500 X138.6 Y39.024 E1518.25867
G0 F9000 X139.166 Y39.024
G1 F1500 X143.848 Y34.342 E1518.58901
G0 F9000 X143.848 Y34.907
G1 F1500 X139.732 Y39.024 E1518.87945
G0 F9000 X140.297 Y39.024
G1 F1500 X143.848 Y35.473 E1519.12999
G0 F9000 X143.848 Y36.039
G1 F1500 X140.863 Y39.024 E1519.3406
G0 F9000 X141.429 Y39.024
G1 F1500 X143.848 Y36.604 E1519.51131
G0 F9000 X143.848 Y37.17
G1 F1500 X141.994 Y39.024 E1519.64212
G0 F9000 X142.56 Y39.024
G1 F1500 X143.848 Y37.736 E1519.73299
G0 F9000 X144.326 Y37.823
G1 F1500 X143.126 Y39.024 E1519.81769
G0 F9000 X143.691 Y39.024
G1 F1500 X144.892 Y37.823 E1519.90243
G0 F9000 X145.458 Y37.823
G1 F1500 X144.257 Y39.024 E1519.98717
G0 F9000 X144.823 Y39.024
G1 F1500 X146.023 Y37.823 E1520.07187
G0 F9000 X146.589 Y37.823
G1 F1500 X145.388 Y39.024 E1520.15661
G0 F9000 X145.954 Y39.024
G1 F1500 X147.155 Y37.823 E1520.24134
G0 F9000 X147.72 Y37.823
G1 F1500 X146.52 Y39.024 E1520.32604
G0 F9000 X147.085 Y39.024
G1 F1500 X148.286 Y37.823 E1520.41078
G0 F9000 X148.852 Y37.823
G1 F1500 X147.651 Y39.024 E1520.49552
G0 F9000 X148.217 Y39.024
G1 F1500 X149.418 Y37.823 E1520.58026
G0 F9000 X149.983 Y37.823
G1 F1500 X148.783 Y39.024 E1520.66496
G0 F9000 X149.348 Y39.024
G1 F1500 X150.549 Y37.823 E1520.74969
G0 F9000 X151.115 Y37.823
G1 F1500 X149.914 Y39.024 E1520.83443
G0 F9000 X150.48 Y39.024
G1 F1500 X158.849 Y30.655 E1521.42491
G0 F9000 X158.849 Y31.22
G1 F1500 X151.045 Y39.024 E1521.97552
G0 F9000 X151.611 Y39.024
G1 F1500 X158.849 Y31.786 E1522.4862
G0 F9000 X158.849 Y32.352
G1 F1500 X152.177 Y39.024 E1522.95695
G0 F9000 X152.742 Y39.024
G1 F1500 X158.849 Y32.917 E1523.38783
G0 F9000 X158.849 Y33.483
G1 F1500 X153.308 Y39.024 E1523.77878
G0 F9000 X153.874 Y39.024
G1 F1500 X158.849 Y34.049 E1524.12979
G0 F9000 X158.849 Y34.614
G1 F1500 X154.439 Y39.024 E1524.44094
G0 F9000 X155.005 Y39.024
G1 F1500 X158.849 Y35.18 E1524.71216
G0 F9000 X158.849 Y35.746
G1 F1500 X155.571 Y39.024 E1524.94344
G0 F9000 X156.136 Y39.024
G1 F1500 X158.849 Y36.312 E1525.13482
G0 F9000 X158.849 Y36.877
G1 F1500 X156.702 Y39.024 E1525.2863
G0 F9000 X157.268 Y39.024
G1 F1500 X158.849 Y37.443 E1525.39785
G0 F9000 X158.849 Y38.009
G1 F1500 X157.834 Y39.024 E1525.46946
G0 F9000 X158.399 Y39.024
G1 F1500 X158.849 Y38.574 E1525.50121
G1 F1500 E1519.00121
G0 F9000 X159.29 Y38.574
G0 X159.19 Y37.414
G0 X160.665 Y37.414
G0 X149.347 Y36.021
G0 X150.79 Y37.414
G1 F1500 E1525.50121
G0 F9000 X151.149 Y37.789
G1 F1500 X158.849 Y30.089 E1526.04449
G0 F9000 X158.849 Y29.523
G1 F1500 X151.149 Y37.223 E1526.58777
G0 F9000 X151.149 Y36.657
G1 F1500 X158.849 Y28.958 E1527.13101
G0 F9000 X158.849 Y28.392
G1 F1500 X151.149 Y36.092 E1527.67428
G0 F9000 X151.149 Y35.526
G1 F1500 X158.849 Y27.826 E1528.21756
G0 F9000 X158.849 Y27.261
G1 F1500 X151.149 Y34.96 E1528.7608
G0 F9000 X151.149 Y34.395
G1 F1500 X158.849 Y26.695 E1529.30408
G0 F9000 X158.849 Y26.129
G1 F1500 X151.149 Y33.829 E1529.84735
G0 F9000 X151.149 Y33.263
G1 F1500 X158.849 Y25.564 E1530.3906
G0 F9000 X158.849 Y24.998
G1 F1500 X151.149 Y32.698 E1530.93387
G0 F9000 X150.757 Y32.524
G1 F1500 X158.849 Y24.432 E1531.50481
G0 F9000 X158.849 Y23.866
G1 F1500 X150.192 Y32.524 E1532.11564
G0 F9000 X149.626 Y32.524
G1 F1500 X158.849 Y23.301 E1532.76637
G0 F9000 X158.849 Y22.735
G1 F1500 X149.06 Y32.524 E1533.45704
G0 F9000 X148.495 Y32.524
G1 F1500 X158.849 Y22.169 E1534.18761
G0 F9000 X158.849 Y21.604
G1 F1500 X147.929 Y32.524 E1534.95807
G0 F9000 X147.363 Y32.524
G1 F1500 X158.849 Y21.038 E1535.76847
G0 F9000 X158.849 Y20.472
G1 F1500 X146.798 Y32.524 E1536.61877
G0 F9000 X146.232 Y32.524
G1 F1500 X158.849 Y19.907 E1537.50897
G0 F9000 X158.849 Y19.341
G1 F1500 X145.666 Y32.524 E1538.4391
G0 F9000 X145.101 Y32.524
G1 F1500 X158.849 Y18.775 E1539.40913
G0 F9000 X158.849 Y18.21
G1 F1500 X144.535 Y32.524 E1540.41906
G0 F9000 X144.318 Y32.992
G1 F1500 E1533.91906
;MESH:NONMESH
G0 F300 X144.318 Y32.992 Z2.7
G0 F9000 X144.23 Y35.347
G0 X145.665 Y35.347
G0 X93.763 Y14.509
G0 X93.763 Y15.944
G0 X89.072 Y15.956
G0 X85.8 Y18.153
G1 F1500 E1540.41906
G0 F9000 X85.579 Y18.153
;TIME_ELAPSED:1354.399613
;LAYER:8
;TYPE:FILL
;MESH:realsense_camera_clamp-Body.stl
G1 F6000 X87.878 Y15.854 E1540.58127
G0 F9000 X86.865 Y15.854
G1 F6000 X89.219 Y18.207 E1540.74732
G0 F9000 X89 Y18.207
G0 X89 Y20.17
G0 X89.219 Y20.17
G1 F6000 X85.579 Y23.81 E1541.00414
G0 F9000 X85.8 Y23.81
G0 X85.8 Y25.88
G0 X85.579 Y25.88
G1 F6000 X89.219 Y29.521 E1541.261
G0 F9000 X89 Y29.521
G0 X89 Y31.483
G0 X89.219 Y31.483
G1 F6000 X88.25 Y32.452 E1541.32936
G0 F9000 X88.25 Y32.233
G0 X86.494 Y32.233
G0 X86.494 Y32.452
G1 F6000 X85.579 Y31.537 E1541.39392
G0 F9000 X85.8 Y31.537
G0 X85.8 Y29.467
G0 X85.579 Y29.467
G1 F6000 X89.219 Y25.827 E1541.65074
G0 F9000 X89 Y25.827
G0 X89 Y23.864
G0 X89.219 Y23.864
G1 F6000 X85.579 Y20.223 E1541.9076
G0 F9000 X85.8 Y20.223
G0 X89.072 Y15.956
G0 X95.928 Y15.956
G0 X96 Y19.266
G0 X95.779 Y19.266
G1 F6000 X99.192 Y15.854 E1542.14837
G0 F9000 X98.179 Y15.854
G1 F6000 X99.419 Y17.094 E1542.23586
G0 F9000 X99.2 Y17.094
G0 X96 Y19.11
G0 X95.779 Y19.11
G1 F6000 X99.419 Y22.751 E1542.49272
G0 F9000 X99.2 Y22.751
G0 X99.2 Y21.283
G0 X99.419 Y21.283
G1 F6000 X95.779 Y24.923 E1542.74954
G1 X95.779 Y24.767
G1 X99.419 Y28.408 E1543.0064
G0 F9000 X99.2 Y28.408
G0 X99.2 Y26.94
G0 X99.419 Y26.94
G1 F6000 X95.779 Y30.58 E1543.26322
G1 X95.779 Y30.423
G1 X97.808 Y32.453 E1543.40641
G1 F1500 E1536.90641
G0 F9000 X97.808 Y32.233
G0 X95.928 Y15.956
G0 X72.024 Y15.945
G0 X70.055 Y16.116
G0 X68.164 Y16.623
G0 X66.389 Y17.452
G0 X64.781 Y18.578
G0 X63.401 Y19.957
G0 X62.279 Y21.561
G0 X61.45 Y23.338
G0 X60.942 Y25.229
G0 X60.771 Y27.192
G0 X60.771 Y28.156
G0 X60.942 Y30.119
G0 X61.45 Y32.01
G0 X62.279 Y33.787
G0 X63.401 Y35.392
G0 X64.783 Y36.773
G0 X66.387 Y37.895
G0 X68.164 Y38.724
G0 X70.055 Y39.232
G0 X71.649 Y39.369
G0 X86.984 Y39.404
G0 X86.984 Y40.839
G0 X70.736 Y28.324
G0 X71.832 Y29.296
G0 X70.272 Y29.912
;TYPE:WALL-INNER
G1 F1500 E1543.40641
G1 X70.799 Y29.782 E1543.43349
G1 X71.28 Y29.53 E1543.46058
G1 X71.688 Y29.169 E1543.48776
G1 X71.996 Y28.722 E1543.51484
G1 X72.189 Y28.213 E1543.542
G1 X72.254 Y27.674 E1543.56909
G1 X72.189 Y27.135 E1543.59617
G1 X71.996 Y26.626 E1543.62333
G1 X71.688 Y26.179 E1543.65041
G1 X71.28 Y25.818 E1543.67759
G1 X70.799 Y25.566 E1543.70468
G1 X70.272 Y25.436 E1543.73176
G1 X69.728 Y25.436 E1543.7589
G1 X69.201 Y25.566 E1543.78598
G1 X68.72 Y25.818 E1543.81307
G1 X68.312 Y26.179 E1543.84025
G1 X68.004 Y26.626 E1543.86734
G1 X67.811 Y27.135 E1543.89449
G1 X67.746 Y27.674 E1543.92158
G1 X67.811 Y28.213 E1543.94867
G1 X68.004 Y28.722 E1543.97582
G1 X68.312 Y29.169 E1544.00291
G1 X68.72 Y29.53 E1544.03009
G1 X69.201 Y29.782 E1544.05718
G1 X69.728 Y29.912 E1544.08426
G1 X70.272 Y29.912 E1544.1114
G0 F9000 X70.223 Y29.512
;TYPE:WALL-OUTER
G1 F1500 X70.656 Y29.405 E1544.13365
G1 X71.051 Y29.198 E1544.1559
G1 X71.386 Y28.902 E1544.1782
G1 X71.639 Y28.535 E1544.20044
G1 X71.798 Y28.117 E1544.22275
G1 X71.851 Y27.674 E1544.24501
G1 X71.798 Y27.231 E1544.26727
G1 X71.639 Y26.813 E1544.28958
G1 X71.386 Y26.446 E1544.31182
G1 X71.051 Y26.15 E1544.33412
G1 X70.656 Y25.943 E1544.35637
G1 X70.223 Y25.836 E1544.37862
G1 X69.777 Y25.836 E1544.40088
G1 X69.344 Y25.943 E1544.42313
G1 X68.949 Y26.15 E1544.44538
G1 X68.614 Y26.446 E1544.46768
G1 X68.361 Y26.813 E1544.48992
G1 X68.202 Y27.231 E1544.51223
G1 X68.149 Y27.674 E1544.53449
G1 X68.202 Y28.117 E1544.55675
G1 X68.361 Y28.535 E1544.57906
G1 X68.614 Y28.902 E1544.6013
G1 X68.949 Y29.198 E1544.6236
G1 X69.344 Y29.405 E1544.64585
G1 X69.777 Y29.512 E1544.6681
G1 X70.223 Y29.512 E1544.69035
G0 F9000 X70.417 Y29.465
G0 X70.521 Y29.892
G1 F1500 E1538.19035
G0 F9000 X71.832 Y29.296
G0 X70.736 Y28.324
G0 X114.264 Y28.324
G0 X113.168 Y29.296
G0 X114.728 Y29.912
;TYPE:WALL-INNER
G1 F1500 E1544.69035
G1 X115.272 Y29.912 E1544.71749
G1 X115.799 Y29.782 E1544.74457
G1 X116.28 Y29.53 E1544.77166
G1 X116.688 Y29.169 E1544.79884
G1 X116.996 Y28.722 E1544.82593
G1 X117.189 Y28.213 E1544.85308
G1 X117.254 Y27.674 E1544.88017
G1 X117.189 Y27.135 E1544.90726
G1 X116.996 Y26.626 E1544.93441
G1 X116.688 Y26.179 E1544.9615
G1 X116.28 Y25.818 E1544.98868
G1 X115.799 Y25.566 E1545.01577
G1 X115.272 Y25.436 E1545.04285
G1 X114.728 Y25.436 E1545.06999
G1 X114.201 Y25.566 E1545.09707
G1 X113.72 Y25.818 E1545.12416
G1 X113.312 Y26.179 E1545.15134
G1 X113.004 Y26.626 E1545.17842
G1 X112.811 Y27.135 E1545.20558
G1 X112.746 Y27.674 E1545.23266
G1 X112.811 Y28.213 E1545.25975
G1 X113.004 Y28.722 E1545.28691
G1 X113.312 Y29.169 E1545.31399
G1 X113.72 Y29.53 E1545.34117
G1 X114.201 Y29.782 E1545.36826
G1 X114.728 Y29.912 E1545.39534
G0 F9000 X114.777 Y29.512
;TYPE:WALL-OUTER
G1 F1500 X115.223 Y29.512 E1545.41759
G1 X115.656 Y29.405 E1545.43984
G1 X116.051 Y29.198 E1545.46209
G1 X116.386 Y28.902 E1545.4844
G1 X116.639 Y28.535 E1545.50663
G1 X116.798 Y28.117 E1545.52895
G1 X116.851 Y27.674 E1545.55121
G1 X116.798 Y27.231 E1545.57346
G1 X116.639 Y26.813 E1545.59578
G1 X116.386 Y26.446 E1545.61801
G1 X116.051 Y26.15 E1545.64032
G1 X115.656 Y25.943 E1545.66257
G1 X115.223 Y25.836 E1545.68482
G1 X114.777 Y25.836 E1545.70707
G1 X114.344 Y25.943 E1545.72932
G1 X113.949 Y26.15 E1545.75157
G1 X113.614 Y26.446 E1545.77387
G1 X113.361 Y26.813 E1545.79611
G1 X113.202 Y27.231 E1545.81842
G1 X113.149 Y27.674 E1545.84068
G1 X113.202 Y28.117 E1545.86294
G1 X113.361 Y28.535 E1545.88525
G1 X113.614 Y28.902 E1545.90749
G1 X113.949 Y29.198 E1545.9298
G1 X114.344 Y29.405 E1545.95204
G1 X114.777 Y29.512 E1545.9743
G0 F9000 X114.977 Y29.512
G0 X114.977 Y29.952
G1 F1500 E1539.4743
G0 F9000 X116.187 Y29.396
G0 X117.375 Y28.26
G0 X115.953 Y27.908
G0 X145.665 Y20.347
G0 X144.23 Y20.347
G0 X144.4 Y22.274
;TYPE:WALL-INNER
G1 F1500 E1545.9743
G1 X150.6 Y22.274 E1546.28362
G1 X150.6 Y18.074 E1546.49315
G1 X144.4 Y18.074 E1546.80247
G1 X144.4 Y22.274 E1547.01201
G0 F9000 X144.8 Y21.874
;TYPE:WALL-OUTER
G1 F1500 X150.2 Y21.874 E1547.28142
G1 X150.2 Y18.474 E1547.45105
G1 X144.8 Y18.474 E1547.72045
G1 X144.8 Y21.874 E1547.89008
G0 F9000 X145 Y21.874
G0 X145 Y22.314
G1 F1500 E1541.39008
G0 F9000 X144.4 Y22.464
G0 X145.653 Y21.021
G0 X145.653 Y34.327
G0 X144.4 Y32.884
G0 X144.4 Y37.274
;TYPE:WALL-INNER
G1 F1500 E1547.89008
G1 X150.6 Y37.274 E1548.1994
G1 X150.6 Y33.074 E1548.40894
G1 X144.4 Y33.074 E1548.71826
G1 X144.4 Y37.274 E1548.9278
G0 F9000 X144.8 Y36.874
;TYPE:WALL-OUTER
G1 F1500 X150.2 Y36.874 E1549.1972
G1 X150.2 Y33.474 E1549.36683
G1 X144.8 Y33.474 E1549.63624
G1 X144.8 Y36.874 E1549.80586
G0 F9000 X145 Y36.874
G0 X145 Y37.314
G1 F1500 E1543.30586
G0 F9000 X150.796 Y37.47
G0 X150.796 Y39.364
G0 X159.4 Y39.574
;TYPE:WALL-INNER
G1 F1500 E1549.80586
G1 X72.018 Y39.574 E1554.16537
G1 X70.023 Y39.4 E1554.26528
G1 X68.106 Y38.886 E1554.3643
G1 X66.301 Y38.044 E1554.46366
G1 X64.671 Y36.903 E1554.56293
G1 X63.271 Y35.504 E1554.66167
G1 X62.13 Y33.873 E1554.76098
G1 X61.288 Y32.068 E1554.86034
G1 X60.774 Y30.151 E1554.95936
G1 X60.6 Y28.162 E1555.05897
G1 X60.6 Y27.186 E1555.10767
G1 X60.774 Y25.197 E1555.20728
G1 X61.288 Y23.28 E1555.30629
G1 X62.13 Y21.475 E1555.40566
G1 X63.271 Y19.845 E1555.50493
G1 X64.669 Y18.448 E1555.60353
G1 X66.304 Y17.303 E1555.70311
G1 X68.106 Y16.462 E1555.80232
G1 X70.023 Y15.948 E1555.90134
G1 X72.018 Y15.774 E1556.00125
G1 X159.4 Y15.774 E1560.36076
G1 X159.4 Y39.574 E1561.54814
G0 F9000 X159.8 Y39.974
;TYPE:WALL-OUTER
G1 F1500 X72.006 Y39.974 E1565.9282
G1 X69.952 Y39.795 E1566.03107
G1 X67.965 Y39.262 E1566.1337
G1 X66.102 Y38.393 E1566.23626
G1 X64.412 Y37.21 E1566.33918
G1 X62.964 Y35.763 E1566.44131
G1 X61.781 Y34.072 E1566.54427
G1 X60.912 Y32.209 E1566.64683
G1 X60.379 Y30.222 E1566.74946
G1 X60.2 Y28.174 E1566.85203
G1 X60.2 Y27.174 E1566.90192
G1 X60.379 Y25.126 E1567.00448
G1 X60.912 Y23.139 E1567.10712
G1 X61.781 Y21.276 E1567.20968
G1 X62.964 Y19.586 E1567.3126
G1 X64.412 Y18.139 E1567.41473
G1 X66.102 Y16.955 E1567.51768
G1 X67.965 Y16.086 E1567.62024
G1 X69.952 Y15.553 E1567.72287
G1 X72.006 Y15.374 E1567.82573
G1 X159.8 Y15.374 E1572.20579
G1 X159.8 Y39.974 E1573.43309
G0 F9000 X159.6 Y39.974
G0 X159.36 Y39.534
G0 X159.01 Y39.184
;TYPE:SKIN
G1 F1500 X72.029 Y39.184 E1577.77259
G1 X70.096 Y39.016 E1577.86939
G1 X68.236 Y38.517 E1577.96547
G1 X66.501 Y37.708 E1578.06098
G1 X64.915 Y36.597 E1578.15759
G1 X63.577 Y35.26 E1578.25196
G1 X62.466 Y33.673 E1578.3486
G1 X61.657 Y31.938 E1578.44411
G1 X61.158 Y30.078 E1578.54019
G1 X60.99 Y28.162 E1578.63614
G1 X60.99 Y27.186 E1578.68484
G1 X61.158 Y25.27 E1578.78079
G1 X61.657 Y23.41 E1578.87687
G1 X62.466 Y21.675 E1578.97238
G1 X63.577 Y20.089 E1579.06899
G1 X64.913 Y18.754 E1579.16321
G1 X66.504 Y17.639 E1579.26014
G1 X68.236 Y16.831 E1579.35549
G1 X70.096 Y16.332 E1579.45157
G1 X72.029 Y16.164 E1579.54837
G1 X85.51 Y16.164 E1580.22094
G1 X85.51 Y32.523 E1581.03709
G1 X89.29 Y32.523 E1581.22568
G1 X89.29 Y16.164 E1582.04183
G1 X95.71 Y16.164 E1582.36213
G1 X95.71 Y32.523 E1583.17828
G1 X99.49 Y32.523 E1583.36687
G1 X99.49 Y16.164 E1584.18302
G1 X159.01 Y16.164 E1587.15248
G1 X159.01 Y39.184 E1588.30096
G1 F1500 E1581.80096
G0 F9000 X159.29 Y39.184
G0 X159.19 Y37.414
G0 X160.665 Y37.414
G0 X149.347 Y36.021
G0 X150.79 Y37.414
G1 F1500 E1588.30096
G0 F9000 X150.99 Y37.664
G1 F1500 X150.99 Y32.684 E1588.54941
G1 X144.01 Y32.684 E1588.89764
G1 X144.01 Y37.664 E1589.1461
G1 X150.99 Y37.664 E1589.49433
G1 F1500 E1582.99433
G0 F9000 X150.71 Y37.414
G0 X150.71 Y32.884
G0 X149.347 Y34.327
G0 X149.347 Y21.021
G0 X150.71 Y22.464
G1 F1500 E1589.49433
G0 F9000 X150.99 Y22.664
G1 F1500 X150.99 Y17.684 E1589.74278
G1 X144.01 Y17.684 E1590.09102
G1 X144.01 Y22.664 E1590.33947
G1 X150.99 Y22.664 E1590.6877
G1 F1500 E1584.1877
G0 F9000 X150.71 Y22.414
G0 X146.536 Y22.444
G0 X146.536 Y21.009
G0 X115.981 Y27.674
G0 X117.446 Y27.674
G0 X117.297 Y28.241
G1 F1500 E1590.6877
G0 F9000 X117.571 Y28.307
G1 F1500 X117.646 Y27.674 E1590.71951
G1 X117.571 Y27.041 E1590.75131
G1 X117.343 Y26.443 E1590.78324
G1 X116.982 Y25.918 E1590.81502
G1 X116.502 Y25.494 E1590.84698
G1 X115.938 Y25.199 E1590.87873
G1 X115.319 Y25.046 E1590.91054
G1 X114.681 Y25.046 E1590.94237
G1 X114.062 Y25.199 E1590.97418
G1 X113.498 Y25.494 E1591.00594
G1 X113.018 Y25.918 E1591.03789
G1 X112.657 Y26.443 E1591.06968
G1 X112.429 Y27.041 E1591.10161
G1 X112.354 Y27.674 E1591.13341
G1 X112.429 Y28.307 E1591.16521
G1 X112.657 Y28.905 E1591.19714
G1 X113.018 Y29.43 E1591.22892
G1 X113.498 Y29.854 E1591.26088
G1 X114.062 Y30.149 E1591.29263
G1 X114.681 Y30.302 E1591.32444
G1 X115.319 Y30.302 E1591.35627
G1 X115.938 Y30.149 E1591.38808
G1 X116.502 Y29.854 E1591.41984
G1 X116.982 Y29.43 E1591.45179
G1 X117.343 Y28.905 E1591.48358
G1 X117.571 Y28.307 E1591.51551
G1 F1500 E1585.01551
G0 F9000 X117.297 Y28.241
G0 X116.566 Y29.062
G0 X116.187 Y29.396
G0 X115.741 Y29.63
G0 X115.251 Y29.751
G0 X114.749 Y29.751
G0 X114.259 Y29.63
G0 X113.813 Y29.396
G0 X113.507 Y29.126
G0 X112.554 Y27.674
G0 X114.019 Y27.674
G0 X70.981 Y27.674
G0 X72.446 Y27.674
G0 X72.297 Y28.241
G1 F1500 E1591.51551
G0 F9000 X72.571 Y28.307
G1 F1500 X72.646 Y27.674 E1591.54731
G1 X72.571 Y27.041 E1591.57911
G1 X72.343 Y26.443 E1591.61104
G1 X71.982 Y25.918 E1591.64283
G1 X71.502 Y25.494 E1591.67478
G1 X70.938 Y25.199 E1591.70653
G1 X70.319 Y25.046 E1591.73834
G1 X69.681 Y25.046 E1591.77017
G1 X69.062 Y25.199 E1591.80199
G1 X68.498 Y25.494 E1591.83374
G1 X68.018 Y25.918 E1591.86569
G1 X67.657 Y26.443 E1591.89748
G1 X67.429 Y27.041 E1591.92941
G1 X67.354 Y27.674 E1591.96121
G1 X67.429 Y28.307 E1591.99301
G1 X67.657 Y28.905 E1592.02494
G1 X68.018 Y29.43 E1592.05673
G1 X68.498 Y29.854 E1592.08868
G1 X69.062 Y30.149 E1592.12044
G1 X69.681 Y30.302 E1592.15225
G1 X70.319 Y30.302 E1592.18408
G1 X70.938 Y30.149 E1592.21589
G1 X71.502 Y29.854 E1592.24764
G1 X71.982 Y29.43 E1592.27959
G1 X72.343 Y28.905 E1592.31138
G1 X72.571 Y28.307 E1592.34331
G1 F1500 E1585.84331
G0 F9000 X72.297 Y28.241
G0 X71.64 Y28.979
G0 X70.296 Y30.103
G0 X70.119 Y28.648
G0 X64.528 Y38.346
G0 X65.361 Y37.154
G0 X65.787 Y37.549
G1 F1500 E1592.34331
G0 F9000 X66.04 Y37.19
G1 F1500 X62.982 Y34.132 E1592.55907
G0 F9000 X62.622 Y34.383
G0 X61.853 Y33.018
G0 X62.25 Y32.834
G1 F1500 X67.337 Y37.922 E1592.91802
G0 F9000 X67.152 Y38.318
G0 X68.256 Y38.81
G0 X68.369 Y38.388
G1 F1500 X61.784 Y31.802 E1593.38266
G0 F9000 X61.577 Y31.03
G1 F1500 X69.142 Y38.595 E1593.91641
G0 F9000 X69.915 Y38.802
G1 F1500 X61.37 Y30.257 E1594.51931
G0 F9000 X61.274 Y29.595
G1 F1500 X70.576 Y38.897 E1595.17562
G0 F9000 X71.195 Y38.95
G1 F1500 X61.219 Y28.975 E1595.87944
G0 F9000 X61.165 Y28.355
G1 F1500 X71.814 Y39.004 E1596.63079
G0 F9000 X72.399 Y39.023
G1 F1500 X61.149 Y27.773 E1597.42453
G0 F9000 X61.149 Y27.208
G1 F1500 X72.964 Y39.023 E1598.25815
G0 F9000 X73.53 Y39.023
G1 F1500 X61.192 Y26.685 E1599.12866
G0 F9000 X61.238 Y26.165
G1 F1500 X74.096 Y39.023 E1600.03586
G0 F9000 X74.661 Y39.023
G1 F1500 X61.283 Y25.645 E1600.97975
G0 F9000 X61.354 Y25.15
G1 F1500 X75.227 Y39.023 E1601.95857
G0 F9000 X75.793 Y39.023
G1 F1500 X61.473 Y24.704 E1602.96888
G0 F9000 X61.593 Y24.258
G1 F1500 X76.359 Y39.023 E1604.01067
G0 F9000 X76.924 Y39.023
G1 F1500 X61.712 Y23.811 E1605.08396
G0 F9000 X61.845 Y23.379
G1 F1500 X67.662 Y29.195 E1605.49434
G0 F9000 X68.025 Y28.946
G0 X67.696 Y28.173
G0 X67.258 Y28.226
G1 F1500 X62.025 Y22.993 E1605.86356
G0 F9000 X62.205 Y22.607
G1 F1500 X67.201 Y27.603 E1606.21605
G0 F9000 X67.26 Y27.097
G1 F1500 X62.385 Y22.222 E1606.56001
G0 F9000 X62.566 Y21.836
G1 F1500 X67.398 Y26.669 E1606.90097
G0 F9000 X67.575 Y26.28
G1 F1500 X62.788 Y21.493 E1607.23872
G0 F9000 X63.02 Y21.16
G1 F1500 X67.805 Y25.944 E1607.57629
G0 F9000 X68.076 Y25.65
G1 F1500 X63.253 Y20.827 E1607.91658
G0 F9000 X63.486 Y20.494
G1 F1500 X68.377 Y25.385 E1608.26167
G0 F9000 X68.742 Y25.185
G1 F1500 X63.724 Y20.166 E1608.61575
G0 F9000 X64.007 Y19.883
G1 F1500 X69.138 Y25.015 E1608.97781
G0 F9000 X69.592 Y24.902
G1 F1500 X64.29 Y19.6 E1609.35189
G0 F9000 X64.572 Y19.318
G1 F1500 X70.14 Y24.885 E1609.74471
G0 F9000 X70.828 Y25.007
G1 F1500 X64.855 Y19.035 E1610.1661
G0 F9000 X65.161 Y18.775
G1 F1500 X85.41 Y39.023 E1611.59474
G0 F9000 X85.975 Y39.023
G1 F1500 X65.494 Y18.542 E1613.03979
G0 F9000 X65.826 Y18.309
G1 F1500 X86.541 Y39.023 E1614.50131
G0 F9000 X87.107 Y39.023
G1 F1500 X66.159 Y18.075 E1615.9793
G0 F9000 X66.492 Y17.843
G1 F1500 X87.672 Y39.023 E1617.47366
G0 F9000 X88.238 Y39.023
G1 F1500 X66.862 Y17.647 E1618.98186
G0 F9000 X67.247 Y17.467
G1 F1500 X88.804 Y39.023 E1620.50278
G0 F9000 X89.369 Y39.023
G1 F1500 X67.634 Y17.288 E1622.0363
G0 F9000 X68.019 Y17.107
G1 F1500 X89.935 Y39.023 E1623.5826
G0 F9000 X90.501 Y39.023
G1 F1500 X68.423 Y16.945 E1625.14032
G0 F9000 X68.869 Y16.826
G1 F1500 X91.066 Y39.023 E1626.70644
G0 F9000 X91.632 Y39.023
G1 F1500 X69.315 Y16.706 E1628.28102
G0 F9000 X69.761 Y16.586
G1 F1500 X85.349 Y32.174 E1629.38084
G0 F9000 X85.349 Y31.609
G1 F1500 X70.221 Y16.481 E1630.4482
G0 F9000 X70.741 Y16.435
G1 F1500 X85.349 Y31.043 E1631.47887
G0 F9000 X85.349 Y30.477
G1 F1500 X71.262 Y16.39 E1632.47279
G0 F9000 X71.783 Y16.346
G1 F1500 X85.349 Y29.912 E1633.42994
G0 F9000 X85.349 Y29.346
G1 F1500 X72.327 Y16.324 E1634.34872
G0 F9000 X72.892 Y16.324
G1 F1500 X85.349 Y28.78 E1635.22759
G0 F9000 X85.349 Y28.214
G1 F1500 X73.458 Y16.324 E1636.06653
G0 F9000 X74.024 Y16.324
G1 F1500 X85.349 Y27.649 E1636.86557
G0 F9000 X85.349 Y27.083
G1 F1500 X74.589 Y16.324 E1637.62471
G0 F9000 X75.155 Y16.324
G1 F1500 X85.349 Y26.517 E1638.34392
G0 F9000 X85.349 Y25.952
G1 F1500 X75.721 Y16.324 E1639.02322
G0 F9000 X76.286 Y16.324
G1 F1500 X85.349 Y25.386 E1639.66263
G0 F9000 X85.349 Y24.82
G1 F1500 X76.852 Y16.324 E1640.26211
G0 F9000 X77.418 Y16.324
G1 F1500 X85.349 Y24.255 E1640.82168
G0 F9000 X85.349 Y23.689
G1 F1500 X77.983 Y16.324 E1641.34136
G0 F9000 X78.549 Y16.324
G1 F1500 X85.349 Y23.123 E1641.8211
G0 F9000 X85.349 Y22.558
G1 F1500 X79.115 Y16.324 E1642.26094
G0 F9000 X79.681 Y16.324
G1 F1500 X85.349 Y21.992 E1642.66085
G0 F9000 X85.349 Y21.426
G1 F1500 X80.246 Y16.324 E1643.02086
G0 F9000 X80.812 Y16.324
G1 F1500 X85.349 Y20.861 E1643.34097
G0 F9000 X85.349 Y20.295
G1 F1500 X81.378 Y16.324 E1643.62114
G0 F9000 X81.943 Y16.324
G1 F1500 X85.349 Y19.729 E1643.86142
G0 F9000 X85.349 Y19.164
G1 F1500 X82.509 Y16.324 E1644.0618
G0 F9000 X83.075 Y16.324
G1 F1500 X85.349 Y18.598 E1644.22224
G0 F9000 X85.349 Y18.032
G1 F1500 X83.64 Y16.324 E1644.34278
G0 F9000 X84.206 Y16.324
G1 F1500 X85.349 Y17.466 E1644.42339
G0 F9000 X85.349 Y16.901
G1 F1500 X84.772 Y16.324 E1644.4641
G0 F9000 X84.772 Y15.884
G0 X85.313 Y15.923
G0 X89 Y16.475
G0 X89.449 Y16.475
G1 F1500 X95.549 Y22.575 E1644.89449
G0 F9000 X95.549 Y22.01
G1 F1500 X89.863 Y16.324 E1645.29567
G0 F9000 X90.429 Y16.324
G1 F1500 X95.549 Y21.444 E1645.65691
G0 F9000 X95.549 Y20.878
G1 F1500 X90.994 Y16.324 E1645.97826
G0 F9000 X91.56 Y16.324
G1 F1500 X95.549 Y20.313 E1646.2597
G0 F9000 X95.549 Y19.747
G1 F1500 X92.126 Y16.324 E1646.50121
G0 F9000 X92.691 Y16.324
G1 F1500 X95.549 Y19.181 E1646.70283
G0 F9000 X95.549 Y18.616
G1 F1500 X93.257 Y16.324 E1646.86454
G0 F9000 X93.823 Y16.324
G1 F1500 X95.549 Y18.05 E1646.98632
G0 F9000 X95.549 Y17.484
G1 F1500 X94.388 Y16.324 E1647.0682
G0 F9000 X94.954 Y16.324
G1 F1500 X95.549 Y16.918 E1647.11014
G0 F9000 X96 Y16.918
G0 X99.2 Y17.058
G0 X99.649 Y17.058
G1 F1500 X121.613 Y39.023 E1648.65986
G0 F9000 X121.048 Y39.023
G1 F1500 X99.649 Y17.624 E1650.16967
G0 F9000 X99.649 Y18.19
G1 F1500 X120.482 Y39.023 E1651.63955
G0 F9000 X119.916 Y39.023
G1 F1500 X99.649 Y18.756 E1653.0695
G0 F9000 X99.649 Y19.321
G1 F1500 X119.351 Y39.023 E1654.45958
G0 F9000 X118.785 Y39.023
G1 F1500 X99.649 Y19.887 E1655.80973
G0 F9000 X99.649 Y20.453
G1 F1500 X118.219 Y39.023 E1657.11994
G0 F9000 X117.654 Y39.023
G1 F1500 X99.649 Y21.018 E1658.39029
G0 F9000 X99.649 Y21.584
G1 F1500 X117.088 Y39.023 E1659.62071
G0 F9000 X116.522 Y39.023
G1 F1500 X99.649 Y22.15 E1660.81119
G0 F9000 X99.649 Y22.715
G1 F1500 X115.957 Y39.023 E1661.96181
G0 F9000 X115.391 Y39.023
G1 F1500 X99.649 Y23.281 E1663.07249
G0 F9000 X99.649 Y23.847
G1 F1500 X114.825 Y39.023 E1664.14324
G0 F9000 X114.259 Y39.023
G1 F1500 X99.649 Y24.412 E1665.17409
G0 F9000 X99.649 Y24.978
G1 F1500 X113.694 Y39.023 E1666.16504
G0 F9000 X113.128 Y39.023
G1 F1500 X99.649 Y25.544 E1667.11606
G0 F9000 X99.649 Y26.109
G1 F1500 X112.562 Y39.023 E1668.02717
G0 F9000 X111.997 Y39.023
G1 F1500 X99.649 Y26.675 E1668.89839
G0 F9000 X99.649 Y27.241
G1 F1500 X111.431 Y39.023 E1669.72967
G0 F9000 X110.865 Y39.023
G1 F1500 X99.649 Y27.806 E1670.52106
G0 F9000 X99.649 Y28.372
G1 F1500 X110.3 Y39.023 E1671.27254
G0 F9000 X109.734 Y39.023
G1 F1500 X99.649 Y28.938 E1671.9841
G0 F9000 X99.649 Y29.504
G1 F1500 X109.168 Y39.023 E1672.65571
G0 F9000 X108.603 Y39.023
G1 F1500 X99.649 Y30.069 E1673.28747
G0 F9000 X99.649 Y30.635
G1 F1500 X108.037 Y39.023 E1673.87928
G0 F9000 X107.471 Y39.023
G1 F1500 X99.649 Y31.201 E1674.43117
G0 F9000 X99.649 Y31.766
G1 F1500 X106.906 Y39.023 E1674.94319
G0 F9000 X106.34 Y39.023
G1 F1500 X99.649 Y32.332 E1675.41528
G0 F9000 X99.434 Y32.683
G1 F1500 X105.774 Y39.023 E1675.8626
G0 F9000 X105.209 Y39.023
G1 F1500 X98.868 Y32.683 E1676.30995
G0 F9000 X98.302 Y32.683
G1 F1500 X104.643 Y39.023 E1676.75731
G0 F9000 X104.077 Y39.023
G1 F1500 X97.737 Y32.683 E1677.20463
G0 F9000 X97.171 Y32.683
G1 F1500 X103.511 Y39.023 E1677.65195
G0 F9000 X102.946 Y39.023
G1 F1500 X96.605 Y32.683 E1678.09931
G0 F9000 X96.039 Y32.683
G1 F1500 X102.38 Y39.023 E1678.54667
G0 F9000 X101.814 Y39.023
G1 F1500 X89.449 Y26.657 E1679.41912
G0 F9000 X89.449 Y26.092
G1 F1500 X95.549 Y32.192 E1679.84951
G0 F9000 X95.549 Y31.626
G1 F1500 X89.449 Y25.526 E1680.27989
G0 F9000 X89.449 Y24.96
G1 F1500 X95.549 Y31.061 E1680.71032
G0 F9000 X95.549 Y30.495
G1 F1500 X89.449 Y24.395 E1681.14071
G0 F9000 X89.449 Y23.829
G1 F1500 X95.549 Y29.929 E1681.57109
G0 F9000 X95.549 Y29.364
G1 F1500 X89.449 Y23.263 E1682.00152
G0 F9000 X89.449 Y22.698
G1 F1500 X95.549 Y28.798 E1682.4319
G0 F9000 X95.549 Y28.232
G1 F1500 X89.449 Y22.132 E1682.86229
G0 F9000 X89.449 Y21.566
G1 F1500 X95.549 Y27.666 E1683.29268
G0 F9000 X95.549 Y27.101
G1 F1500 X89.449 Y21.001 E1683.72307
G0 F9000 X89.449 Y20.435
G1 F1500 X95.549 Y26.535 E1684.15346
G0 F9000 X95.549 Y25.969
G1 F1500 X89.449 Y19.869 E1684.58384
G0 F9000 X89.449 Y19.304
G1 F1500 X95.549 Y25.404 E1685.01423
G0 F9000 X95.549 Y24.838
G1 F1500 X89.449 Y18.738 E1685.44462
G0 F9000 X89.449 Y18.172
G1 F1500 X95.549 Y24.272 E1685.87501
G0 F9000 X95.549 Y23.707
G1 F1500 X89.449 Y17.606 E1686.30543
G0 F9000 X89.449 Y17.041
G1 F1500 X95.549 Y23.141 E1686.73582
G0 F9000 X96 Y23.141
G0 X95.928 Y15.956
G0 X89.072 Y15.956
G0 X89 Y27.223
G0 X89.449 Y27.223
G1 F1500 X101.249 Y39.023 E1687.56837
G0 F9000 X100.683 Y39.023
G1 F1500 X89.449 Y27.789 E1688.36099
G0 F9000 X89.449 Y28.354
G1 F1500 X100.117 Y39.023 E1689.11371
G0 F9000 X99.552 Y39.023
G1 F1500 X89.449 Y28.92 E1689.82653
G0 F9000 X89.449 Y29.486
G1 F1500 X98.986 Y39.023 E1690.49942
G0 F9000 X98.42 Y39.023
G1 F1500 X89.449 Y30.052 E1691.13237
G0 F9000 X89.449 Y30.617
G1 F1500 X97.855 Y39.023 E1691.72546
G0 F9000 X97.289 Y39.023
G1 F1500 X89.449 Y31.183 E1692.27862
G0 F9000 X89.449 Y31.749
G1 F1500 X96.723 Y39.023 E1692.79184
G0 F9000 X96.158 Y39.023
G1 F1500 X89.449 Y32.314 E1693.26519
G0 F9000 X89.251 Y32.683
G1 F1500 X95.592 Y39.023 E1693.71255
G0 F9000 X95.026 Y39.023
G1 F1500 X88.686 Y32.683 E1694.15987
G0 F9000 X88.12 Y32.683
G1 F1500 X94.46 Y39.023 E1694.60719
G0 F9000 X93.895 Y39.023
G1 F1500 X87.554 Y32.683 E1695.05455
G0 F9000 X86.988 Y32.683
G1 F1500 X93.329 Y39.023 E1695.5019
G0 F9000 X92.763 Y39.023
G1 F1500 X86.423 Y32.683 E1695.94923
G0 F9000 X85.857 Y32.683
G1 F1500 X92.198 Y39.023 E1696.39658
G0 F9000 X92.198 Y39.464
G0 X84.844 Y39.464
G0 X84.844 Y39.023
G1 F1500 X72.669 Y26.848 E1697.25559
G0 F9000 X72.788 Y27.534
G1 F1500 X84.278 Y39.023 E1698.06624
G0 F9000 X83.712 Y39.023
G1 F1500 X72.758 Y28.069 E1698.8391
G0 F9000 X72.655 Y28.531
G1 F1500 X83.147 Y39.023 E1699.57937
G0 F9000 X82.581 Y39.023
G1 F1500 X72.499 Y28.941 E1700.29071
G0 F9000 X72.275 Y29.283
G1 F1500 X82.015 Y39.023 E1700.97792
G0 F9000 X81.45 Y39.023
G1 F1500 X72.029 Y29.603 E1701.64259
G0 F9000 X71.728 Y29.868
G1 F1500 X80.884 Y39.023 E1702.28856
G0 F9000 X80.318 Y39.023
G1 F1500 X71.388 Y30.093 E1702.91862
G0 F9000 X71.017 Y30.288
G1 F1500 X79.753 Y39.023 E1703.53495
G0 F9000 X79.187 Y39.023
G1 F1500 X70.568 Y30.404 E1704.14307
G0 F9000 X70.06 Y30.462
G1 F1500 X78.621 Y39.023 E1704.7471
G0 F9000 X78.056 Y39.023
G1 F1500 X69.439 Y30.407 E1705.35504
G0 F9000 X69.544 Y29.981
G0 X68.711 Y29.65
G0 X68.506 Y30.04
G1 F1500 X77.49 Y39.023 E1705.98887
G1 F1500 E1699.48887
G0 F9000 X77.49 Y39.464
G0 X72.024 Y39.403
G0 X70.055 Y39.232
G0 X68.164 Y38.724
G0 X66.387 Y37.895
G0 X64.783 Y36.773
G0 X63.401 Y35.392
G0 X62.279 Y33.787
G0 X61.45 Y32.01
G0 X60.942 Y30.119
G0 X60.771 Y28.156
G0 X60.771 Y27.192
G0 X60.942 Y25.229
G0 X61.45 Y23.338
G0 X62.279 Y21.561
G0 X63.401 Y19.957
G0 X64.781 Y18.578
G0 X66.389 Y17.452
G0 X68.164 Y16.623
G0 X70.055 Y16.116
G0 X72.024 Y15.945
G0 X95.928 Y15.956
G0 X99.2 Y16.493
G1 F1500 E1705.98887
G0 F9000 X99.649 Y16.493
G1 F1500 X122.179 Y39.023 E1707.57848
G0 F9000 X122.745 Y39.023
G1 F1500 X114.025 Y30.304 E1708.19369
G0 F9000 X114.749 Y30.462
G1 F1500 X123.31 Y39.023 E1708.79772
G0 F9000 X123.876 Y39.023
G1 F1500 X115.314 Y30.462 E1709.40178
G0 F9000 X115.773 Y30.354
G1 F1500 X124.442 Y39.023 E1710.01342
G0 F9000 X125.007 Y39.023
G1 F1500 X116.184 Y30.2 E1710.63593
G0 F9000 X116.556 Y30.006
G1 F1500 X125.573 Y39.023 E1711.27213
G0 F9000 X126.139 Y39.023
G1 F1500 X116.864 Y29.748 E1711.92653
G0 F9000 X117.149 Y29.467
G1 F1500 X126.705 Y39.023 E1712.60076
G0 F9000 X127.27 Y39.023
G1 F1500 X117.379 Y29.132 E1713.29862
G0 F9000 X117.569 Y28.757
G1 F1500 X127.836 Y39.023 E1714.02298
G0 F9000 X128.402 Y39.023
G1 F1500 X117.726 Y28.347 E1714.77623
G0 F9000 X117.784 Y27.84
G1 F1500 X128.967 Y39.023 E1715.56525
G0 F9000 X129.533 Y39.023
G1 F1500 X117.755 Y27.245 E1716.39625
G0 F9000 X117.511 Y26.435
G1 F1500 X130.099 Y39.023 E1717.2844
G0 F9000 X130.664 Y39.023
G1 F1500 X107.965 Y16.324 E1718.88594
G0 F9000 X108.53 Y16.324
G1 F1500 X131.23 Y39.023 E1720.48751
G0 F9000 X131.796 Y39.023
G1 F1500 X109.096 Y16.324 E1722.08908
G0 F9000 X109.662 Y16.324
G1 F1500 X132.361 Y39.023 E1723.69062
G0 F9000 X132.927 Y39.023
G1 F1500 X110.228 Y16.324 E1725.29216
G0 F9000 X110.793 Y16.324
G1 F1500 X133.493 Y39.023 E1726.89373
G0 F9000 X134.058 Y39.023
G1 F1500 X111.359 Y16.324 E1728.49527
G0 F9000 X111.925 Y16.324
G1 F1500 X134.624 Y39.023 E1730.0968
G0 F9000 X135.19 Y39.023
G1 F1500 X112.49 Y16.324 E1731.69838
G0 F9000 X113.056 Y16.324
G1 F1500 X135.756 Y39.023 E1733.29995
G0 F9000 X136.321 Y39.023
G1 F1500 X113.622 Y16.324 E1734.90149
G0 F9000 X114.187 Y16.324
G1 F1500 X136.887 Y39.023 E1736.50306
G0 F9000 X137.453 Y39.023
G1 F1500 X114.753 Y16.324 E1738.10463
G0 F9000 X115.319 Y16.324
G1 F1500 X138.018 Y39.023 E1739.70617
G0 F9000 X138.584 Y39.023
G1 F1500 X115.884 Y16.324 E1741.30774
G0 F9000 X116.45 Y16.324
G1 F1500 X139.15 Y39.023 E1742.90931
G0 F9000 X139.715 Y39.023
G1 F1500 X117.016 Y16.324 E1744.51085
G0 F9000 X117.581 Y16.324
G1 F1500 X140.281 Y39.023 E1746.11242
G0 F9000 X140.847 Y39.023
G1 F1500 X118.147 Y16.324 E1747.71399
G0 F9000 X118.713 Y16.324
G1 F1500 X141.412 Y39.023 E1749.31553
G0 F9000 X141.978 Y39.023
G1 F1500 X119.279 Y16.324 E1750.91707
G0 F9000 X119.844 Y16.324
G1 F1500 X142.544 Y39.023 E1752.51864
G0 F9000 X143.109 Y39.023
G1 F1500 X120.41 Y16.324 E1754.12018
G0 F9000 X120.976 Y16.324
G1 F1500 X143.675 Y39.023 E1755.72172
G0 F9000 X144.241 Y39.023
G1 F1500 X121.541 Y16.324 E1757.32329
G0 F9000 X122.107 Y16.324
G1 F1500 X144.806 Y39.023 E1758.92482
G0 F9000 X145.372 Y39.023
G1 F1500 X144.172 Y37.823 E1759.00949
G0 F9000 X143.849 Y37.5
G1 F1500 X122.673 Y16.324 E1760.50357
G0 F9000 X123.238 Y16.324
G1 F1500 X143.849 Y36.935 E1761.95779
G0 F9000 X143.849 Y36.369
G1 F1500 X123.804 Y16.324 E1763.37207
G0 F9000 X124.37 Y16.324
G1 F1500 X143.849 Y35.803 E1764.74642
G0 F9000 X143.849 Y35.237
G1 F1500 X124.935 Y16.324 E1766.08087
G0 F9000 X125.501 Y16.324
G1 F1500 X143.849 Y34.672 E1767.37542
G0 F9000 X143.849 Y34.106
G1 F1500 X126.067 Y16.324 E1768.63004
G0 F9000 X126.632 Y16.324
G1 F1500 X143.849 Y33.54 E1769.84475
G0 F9000 X143.849 Y32.975
G1 F1500 X127.198 Y16.324 E1771.01957
G0 F9000 X127.764 Y16.324
G1 F1500 X143.964 Y32.524 E1772.16257
G0 F9000 X144.529 Y32.524
G1 F1500 X128.329 Y16.324 E1773.30557
G0 F9000 X128.895 Y16.324
G1 F1500 X145.095 Y32.524 E1774.44857
G0 F9000 X145.661 Y32.524
G1 F1500 X129.461 Y16.324 E1775.59156
G0 F9000 X130.027 Y16.324
G1 F1500 X146.226 Y32.524 E1776.73452
G0 F9000 X146.792 Y32.524
G1 F1500 X130.592 Y16.324 E1777.87752
G0 F9000 X131.158 Y16.324
G1 F1500 X147.358 Y32.524 E1779.02052
G0 F9000 X147.923 Y32.524
G1 F1500 X131.724 Y16.324 E1780.16348
G0 F9000 X132.289 Y16.324
G1 F1500 X148.489 Y32.524 E1781.30648
G0 F9000 X149.055 Y32.524
G1 F1500 X132.855 Y16.324 E1782.44948
G0 F9000 X133.421 Y16.324
G1 F1500 X149.62 Y32.524 E1783.59244
G0 F9000 X150.186 Y32.524
G1 F1500 X133.986 Y16.324 E1784.73544
G0 F9000 X134.552 Y16.324
G1 F1500 X150.752 Y32.524 E1785.87843
G0 F9000 X151.149 Y32.92
G1 F1500 X157.252 Y39.023 E1786.30903
G0 F9000 X157.817 Y39.023
G1 F1500 X135.118 Y16.324 E1787.91057
G0 F9000 X135.683 Y16.324
G1 F1500 X158.383 Y39.023 E1789.51214
G0 F9000 X158.849 Y38.924
G1 F1500 X136.249 Y16.324 E1791.1067
G0 F9000 X136.815 Y16.324
G1 F1500 X158.849 Y38.358 E1792.66131
G0 F9000 X158.849 Y37.792
G1 F1500 X143.88 Y22.823 E1793.71746
G1 X143.849 Y22.792
G1 X137.38 Y16.324 E1794.17384
G0 F9000 X137.946 Y16.324
G1 F1500 X143.849 Y22.227 E1794.59033
G0 F9000 X143.849 Y21.661
G1 F1500 X138.512 Y16.324 E1794.96689
G0 F9000 X139.078 Y16.324
G1 F1500 X143.849 Y21.095 E1795.30351
G0 F9000 X143.849 Y20.53
G1 F1500 X139.643 Y16.324 E1795.60026
G0 F9000 X140.209 Y16.324
G1 F1500 X143.849 Y19.964 E1795.85708
G0 F9000 X143.849 Y19.398
G1 F1500 X140.775 Y16.324 E1796.07397
G0 F9000 X141.34 Y16.324
G1 F1500 X143.849 Y18.833 E1796.251
G0 F9000 X143.849 Y18.267
G1 F1500 X141.906 Y16.324 E1796.38808
G0 F9000 X142.472 Y16.324
G1 F1500 X143.849 Y17.701 E1796.48524
G0 F9000 X144.237 Y17.524
G1 F1500 X143.037 Y16.324 E1796.56991
G0 F9000 X143.603 Y16.324
G1 F1500 X144.803 Y17.524 E1796.65457
G0 F9000 X145.369 Y17.524
G1 F1500 X144.169 Y16.324 E1796.73924
G0 F9000 X144.734 Y16.324
G1 F1500 X145.934 Y17.524 E1796.82391
G0 F9000 X146.5 Y17.524
G1 F1500 X145.3 Y16.324 E1796.90857
G0 F9000 X145.866 Y16.324
G1 F1500 X147.066 Y17.524 E1796.99324
G0 F9000 X147.631 Y17.524
G1 F1500 X146.431 Y16.324 E1797.0779
G0 F9000 X146.997 Y16.324
G1 F1500 X148.197 Y17.524 E1797.16257
G0 F9000 X148.763 Y17.524
G1 F1500 X147.563 Y16.324 E1797.24724
G0 F9000 X148.128 Y16.324
G1 F1500 X149.328 Y17.524 E1797.3319
G0 F9000 X149.894 Y17.524
G1 F1500 X148.694 Y16.324 E1797.41657
G0 F9000 X149.26 Y16.324
G1 F1500 X150.46 Y17.524 E1797.50124
G0 F9000 X151.025 Y17.524
G1 F1500 X149.826 Y16.324 E1797.58587
G0 F9000 X150.391 Y16.324
G1 F1500 X158.849 Y24.781 E1798.18259
G0 F9000 X158.849 Y24.216
G1 F1500 X150.957 Y16.324 E1798.73941
G0 F9000 X151.523 Y16.324
G1 F1500 X158.849 Y23.65 E1799.2563
G0 F9000 X158.849 Y23.084
G1 F1500 X152.088 Y16.324 E1799.73329
G0 F9000 X152.654 Y16.324
G1 F1500 X158.849 Y22.519 E1800.17038
G0 F9000 X158.849 Y21.953
G1 F1500 X153.22 Y16.324 E1800.56754
G0 F9000 X153.785 Y16.324
G1 F1500 X158.849 Y21.387 E1800.9248
G0 F9000 X158.849 Y20.822
G1 F1500 X154.351 Y16.324 E1801.24216
G0 F9000 X154.917 Y16.324
G1 F1500 X158.849 Y20.256 E1801.51958
G0 F9000 X158.849 Y19.69
G1 F1500 X155.482 Y16.324 E1801.7571
G0 F9000 X156.048 Y16.324
G1 F1500 X158.849 Y19.125 E1801.95473
G0 F9000 X158.849 Y18.559
G1 F1500 X156.614 Y16.324 E1802.11242
G0 F9000 X157.179 Y16.324
G1 F1500 X158.849 Y17.993 E1802.23021
G0 F9000 X158.849 Y17.428
G1 F1500 X157.745 Y16.324 E1802.30811
G0 F9000 X158.311 Y16.324
G1 F1500 X158.849 Y16.862 E1802.34606
G1 F1500 E1795.84606
G0 F9000 X159.29 Y16.862
G0 X159.19 Y17.964
G0 X160.665 Y17.964
G0 X149.347 Y19.327
G0 X150.79 Y17.964
G1 F1500 E1802.34606
G0 F9000 X151.149 Y17.647
G1 F1500 X158.849 Y25.347 E1802.88934
G0 F9000 X158.849 Y25.913
G1 F1500 X151.149 Y18.212 E1803.43265
G0 F9000 X151.149 Y18.778
G1 F1500 X158.849 Y26.479 E1803.97597
G0 F9000 X158.849 Y27.044
G1 F1500 X151.149 Y19.344 E1804.51924
G0 F9000 X151.149 Y19.91
G1 F1500 X158.849 Y27.61 E1805.06252
G0 F9000 X158.849 Y28.176
G1 F1500 X151.149 Y20.475 E1805.60583
G0 F9000 X151.149 Y21.041
G1 F1500 X158.849 Y28.741 E1806.14911
G0 F9000 X158.849 Y29.307
G1 F1500 X151.149 Y21.607 E1806.69238
G0 F9000 X151.149 Y22.172
G1 F1500 X158.849 Y29.873 E1807.2357
G0 F9000 X158.849 Y30.438
G1 F1500 X151.149 Y22.738 E1807.77897
G0 F9000 X150.668 Y22.823
G1 F1500 X158.849 Y31.004 E1808.35619
G0 F9000 X158.849 Y31.57
G1 F1500 X150.103 Y22.823 E1808.9733
G0 F9000 X149.537 Y22.823
G1 F1500 X158.849 Y32.135 E1809.63031
G0 F9000 X158.849 Y32.701
G1 F1500 X148.971 Y22.823 E1810.32726
G0 F9000 X148.406 Y22.823
G1 F1500 X158.849 Y33.267 E1811.0641
G0 F9000 X158.849 Y33.832
G1 F1500 X147.84 Y22.823 E1811.84085
G0 F9000 X147.274 Y22.823
G1 F1500 X158.849 Y34.398 E1812.65753
G0 F9000 X158.849 Y34.964
G1 F1500 X146.709 Y22.823 E1813.5141
G0 F9000 X146.143 Y22.823
G1 F1500 X158.849 Y35.529 E1814.41058
G0 F9000 X158.849 Y36.095
G1 F1500 X145.577 Y22.823 E1815.34699
G0 F9000 X145.012 Y22.823
G1 F1500 X158.849 Y36.661 E1816.3233
G0 F9000 X158.849 Y37.227
G1 F1500 X144.446 Y22.823 E1817.33955
G1 F1500 E1810.83955
G0 F9000 X144.446 Y22.384
G0 X150.71 Y22.464
G0 X149.347 Y21.021
G0 X149.347 Y34.327
G0 X150.71 Y32.884
G0 X150.71 Y33.486
G1 F1500 E1817.33955
G0 F9000 X151.149 Y33.486
G1 F1500 X156.686 Y39.023 E1817.73021
G0 F9000 X156.12 Y39.023
G1 F1500 X151.149 Y34.052 E1818.08094
G0 F9000 X151.149 Y34.617
G1 F1500 X155.555 Y39.023 E1818.39181
G0 F9000 X154.989 Y39.023
G1 F1500 X151.149 Y35.183 E1818.66274
G0 F9000 X151.149 Y35.749
G1 F1500 X154.423 Y39.023 E1818.89374
G0 F9000 X153.857 Y39.023
G1 F1500 X151.149 Y36.314 E1819.08484
G0 F9000 X151.149 Y36.88
G1 F1500 X153.292 Y39.023 E1819.23604
G0 F9000 X152.726 Y39.023
G1 F1500 X151.149 Y37.446 E1819.34731
G0 F9000 X150.96 Y37.823
G1 F1500 X152.16 Y39.023 E1819.43197
G0 F9000 X151.595 Y39.023
G1 F1500 X150.395 Y37.823 E1819.51664
G0 F9000 X149.829 Y37.823
G1 F1500 X151.029 Y39.023 E1819.60131
G0 F9000 X150.463 Y39.023
G1 F1500 X149.263 Y37.823 E1819.68597
G0 F9000 X148.698 Y37.823
G1 F1500 X149.898 Y39.023 E1819.77064
G0 F9000 X149.332 Y39.023
G1 F1500 X148.132 Y37.823 E1819.8553
G0 F9000 X147.566 Y37.823
G1 F1500 X148.766 Y39.023 E1819.93997
G0 F9000 X148.201 Y39.023
G1 F1500 X147.001 Y37.823 E1820.02464
G0 F9000 X146.435 Y37.823
G1 F1500 X147.635 Y39.023 E1820.1093
G0 F9000 X147.069 Y39.023
G1 F1500 X145.869 Y37.823 E1820.19397
G0 F9000 X145.304 Y37.823
G1 F1500 X146.504 Y39.023 E1820.27864
G0 F9000 X145.938 Y39.023
G1 F1500 X144.738 Y37.823 E1820.3633
G1 F1500 E1813.8633
G0 F9000 X144.738 Y37.384
G0 X144.604 Y37.157
G0 X144.23 Y35.347
G0 X145.665 Y35.347
G0 X115.869 Y27.217
G0 X117.166 Y26.537
G0 X116.059 Y25.577
G1 F1500 E1820.3633
G0 F9000 X116.264 Y25.189
G1 F1500 X107.399 Y16.324 E1820.98878
G0 F9000 X106.833 Y16.324
G1 F1500 X115.414 Y24.905 E1821.59421
G0 F9000 X114.829 Y24.885
G1 F1500 X106.268 Y16.324 E1822.19824
G0 F9000 X105.702 Y16.324
G1 F1500 X114.343 Y24.965 E1822.80791
G0 F9000 X113.909 Y25.097
G1 F1500 X105.136 Y16.324 E1823.42689
G0 F9000 X104.571 Y16.324
G1 F1500 X113.538 Y25.291 E1824.05956
G0 F9000 X113.212 Y25.531
G1 F1500 X104.005 Y16.324 E1824.70916
G0 F9000 X103.439 Y16.324
G1 F1500 X112.912 Y25.796 E1825.3775
G0 F9000 X112.678 Y26.129
G1 F1500 X102.874 Y16.324 E1826.06926
G0 F9000 X102.308 Y16.324
G1 F1500 X112.468 Y26.484 E1826.7861
G0 F9000 X112.312 Y26.894
G1 F1500 X101.742 Y16.324 E1827.53187
G0 F9000 X101.177 Y16.324
G1 F1500 X112.228 Y27.375 E1828.31158
G0 F9000 X112.224 Y27.937
G1 F1500 X100.611 Y16.324 E1829.13094
G0 F9000 X100.045 Y16.324
G1 F1500 X112.397 Y28.676 E1830.00244
G0 F9000 X112.725 Y28.551
G1 F1500 E1823.50244
;MESH:NONMESH
G0 F300 X112.725 Y28.551 Z3
G0 F9000 X112.81 Y28.521
G0 X112.554 Y27.674
G0 X114.019 Y27.674
G0 X91.626 Y14.509
G0 X91.626 Y15.944
G0 X89.072 Y15.956
G0 X85.8 Y18.152
G1 F1500 E1830.00244
G0 F9000 X85.579 Y18.152
;TIME_ELAPSED:1640.263881
;LAYER:9
;TYPE:FILL
;MESH:realsense_camera_clamp-Body.stl
G1 F6000 X87.878 Y15.854 E1830.16461
G0 F9000 X86.865 Y15.854
G1 F6000 X89.219 Y18.207 E1830.33067
G0 F9000 X89 Y18.207
G0 X89 Y20.17
G0 X89.219 Y20.17
G1 F6000 X85.579 Y23.809 E1830.58745
G0 F9000 X85.8 Y23.809
G0 X85.8 Y25.88
G0 X85.579 Y25.88
G1 F6000 X89.219 Y29.521 E1830.84431
G0 F9000 X89 Y29.521
G0 X89 Y31.483
G0 X89.219 Y31.483
G1 F6000 X88.783 Y31.919 E1830.87507
G0 F9000 X88.783 Y31.699
G0 X85.96 Y31.699
G0 X85.96 Y31.918
G1 F6000 X85.579 Y31.537 E1830.90195
G0 F9000 X85.8 Y31.537
G0 X85.8 Y29.466
G0 X85.579 Y29.466
G1 F6000 X89.219 Y25.827 E1831.15874
G0 F9000 X89 Y25.827
G0 X89 Y23.864
G0 X89.219 Y23.864
G1 F6000 X85.579 Y20.223 E1831.4156
G0 F9000 X85.8 Y20.223
G0 X89.072 Y15.956
G0 X95.928 Y15.956
G0 X96 Y19.266
G0 X95.779 Y19.266
G1 F6000 X99.192 Y15.854 E1831.65637
G0 F9000 X98.179 Y15.854
G1 F6000 X99.419 Y17.094 E1831.74385
G0 F9000 X99.2 Y17.094
G0 X96 Y19.11
G0 X95.779 Y19.11
G1 F6000 X99.419 Y22.751 E1832.00071
G0 F9000 X99.2 Y22.751
G0 X99.2 Y21.283
G0 X99.419 Y21.283
G1 F6000 X95.779 Y24.923 E1832.25753
G1 X95.779 Y24.767
G1 X99.419 Y28.408 E1832.51439
G0 F9000 X99.2 Y28.408
G0 X99.2 Y26.94
G0 X99.419 Y26.94
G1 F6000 X95.779 Y30.58 E1832.77121
G1 X95.779 Y30.423
G1 X97.273 Y31.918 E1832.87666
G1 F1500 E1826.37666
G0 F9000 X97.273 Y31.699
G0 X95.928 Y15.956
G0 X72.024 Y15.945
G0 X70.055 Y16.116
G0 X68.164 Y16.623
G0 X66.389 Y17.452
G0 X64.781 Y18.578
G0 X63.401 Y19.957
G0 X62.279 Y21.561
G0 X61.45 Y23.338
G0 X60.942 Y25.229
G0 X60.771 Y27.192
G0 X60.771 Y28.156
G0 X60.942 Y30.119
G0 X61.45 Y32.01
G0 X62.279 Y33.787
G0 X63.401 Y35.392
G0 X64.783 Y36.773
G0 X66.387 Y37.895
G0 X68.164 Y38.724
G0 X70.055 Y39.232
G0 X71.649 Y39.369
G0 X86.984 Y39.404
G0 X86.984 Y40.839
G0 X70.736 Y28.324
G0 X71.832 Y29.296
G0 X70.272 Y29.912
;TYPE:WALL-INNER
G1 F1500 E1832.87666
G1 X70.799 Y29.782 E1832.90374
G1 X71.28 Y29.53 E1832.93083
G1 X71.688 Y29.169 E1832.95801
G1 X71.996 Y28.722 E1832.98509
G1 X72.189 Y28.213 E1833.01225
G1 X72.254 Y27.674 E1833.03933
G1 X72.189 Y27.135 E1833.06642
G1 X71.996 Y26.626 E1833.09358
G1 X71.688 Y26.179 E1833.12066
G1 X71.28 Y25.818 E1833.14784
G1 X70.799 Y25.566 E1833.17493
G1 X70.272 Y25.436 E1833.20201
G1 X69.728 Y25.436 E1833.22915
G1 X69.201 Y25.566 E1833.25623
G1 X68.72 Y25.818 E1833.28332
G1 X68.312 Y26.179 E1833.3105
G1 X68.004 Y26.626 E1833.33758
G1 X67.811 Y27.135 E1833.36474
G1 X67.746 Y27.674 E1833.39183
G1 X67.811 Y28.213 E1833.41891
G1 X68.004 Y28.722 E1833.44607
G1 X68.312 Y29.169 E1833.47315
G1 X68.72 Y29.53 E1833.50033
G1 X69.201 Y29.782 E1833.52742
G1 X69.728 Y29.912 E1833.5545
G1 X70.272 Y29.912 E1833.58164
G0 F9000 X70.223 Y29.512
;TYPE:WALL-OUTER
G1 F1500 X70.656 Y29.405 E1833.6039
G1 X71.051 Y29.198 E1833.62615
G1 X71.386 Y28.902 E1833.64845
G1 X71.639 Y28.535 E1833.67069
G1 X71.798 Y28.117 E1833.693
G1 X71.851 Y27.674 E1833.71526
G1 X71.798 Y27.231 E1833.73752
G1 X71.639 Y26.813 E1833.75983
G1 X71.386 Y26.446 E1833.78207
G1 X71.051 Y26.15 E1833.80437
G1 X70.656 Y25.943 E1833.82662
G1 X70.223 Y25.836 E1833.84887
G1 X69.777 Y25.836 E1833.87112
G1 X69.344 Y25.943 E1833.89337
G1 X68.949 Y26.15 E1833.91562
G1 X68.614 Y26.446 E1833.93793
G1 X68.361 Y26.813 E1833.96017
G1 X68.202 Y27.231 E1833.98248
G1 X68.149 Y27.674 E1834.00474
G1 X68.202 Y28.117 E1834.02699
G1 X68.361 Y28.535 E1834.04931
G1 X68.614 Y28.902 E1834.07155
G1 X68.949 Y29.198 E1834.09385
G1 X69.344 Y29.405 E1834.1161
G1 X69.777 Y29.512 E1834.13835
G1 X70.223 Y29.512 E1834.1606
G0 F9000 X70.417 Y29.465
G0 X70.521 Y29.892
G1 F1500 E1827.6606
G0 F9000 X71.832 Y29.296
G0 X70.736 Y28.324
G0 X114.264 Y28.324
G0 X113.168 Y29.296
G0 X114.728 Y29.912
;TYPE:WALL-INNER
G1 F1500 E1834.1606
G1 X115.272 Y29.912 E1834.18774
G1 X115.799 Y29.782 E1834.21482
G1 X116.28 Y29.53 E1834.24191
G1 X116.688 Y29.169 E1834.26909
G1 X116.996 Y28.722 E1834.29617
G1 X117.189 Y28.213 E1834.32333
G1 X117.254 Y27.674 E1834.35042
G1 X117.189 Y27.135 E1834.3775
G1 X116.996 Y26.626 E1834.40466
G1 X116.688 Y26.179 E1834.43174
G1 X116.28 Y25.818 E1834.45892
G1 X115.799 Y25.566 E1834.48601
G1 X115.272 Y25.436 E1834.51309
G1 X114.728 Y25.436 E1834.54023
G1 X114.201 Y25.566 E1834.56731
G1 X113.72 Y25.818 E1834.59441
G1 X113.312 Y26.179 E1834.62158
G1 X113.004 Y26.626 E1834.64867
G1 X112.811 Y27.135 E1834.67583
G1 X112.746 Y27.674 E1834.70291
G1 X112.811 Y28.213 E1834.73
G1 X113.004 Y28.722 E1834.75716
G1 X113.312 Y29.169 E1834.78424
G1 X113.72 Y29.53 E1834.81142
G1 X114.201 Y29.782 E1834.83851
G1 X114.728 Y29.912 E1834.86559
G0 F9000 X114.777 Y29.512
;TYPE:WALL-OUTER
G1 F1500 X115.223 Y29.512 E1834.88784
G1 X115.656 Y29.405 E1834.91009
G1 X116.051 Y29.198 E1834.93234
G1 X116.386 Y28.902 E1834.95464
G1 X116.639 Y28.535 E1834.97688
G1 X116.798 Y28.117 E1834.99919
G1 X116.851 Y27.674 E1835.02145
G1 X116.798 Y27.231 E1835.04371
G1 X116.639 Y26.813 E1835.06602
G1 X116.386 Y26.446 E1835.08826
G1 X116.051 Y26.15 E1835.11056
G1 X115.656 Y25.943 E1835.13281
G1 X115.223 Y25.836 E1835.15507
G1 X114.777 Y25.836 E1835.17732
G1 X114.344 Y25.943 E1835.19957
G1 X113.949 Y26.15 E1835.22182
G1 X113.614 Y26.446 E1835.24412
G1 X113.361 Y26.813 E1835.26636
G1 X113.202 Y27.231 E1835.28867
G1 X113.149 Y27.674 E1835.31093
G1 X113.202 Y28.117 E1835.33319
G1 X113.361 Y28.535 E1835.3555
G1 X113.614 Y28.902 E1835.37774
G1 X113.949 Y29.198 E1835.40004
G1 X114.344 Y29.405 E1835.42229
G1 X114.777 Y29.512 E1835.44454
G0 F9000 X114.977 Y29.512
G0 X114.977 Y29.952
G1 F1500 E1828.94454
G0 F9000 X116.187 Y29.396
G0 X117.375 Y28.26
G0 X115.953 Y27.908
G0 X145.665 Y20.347
G0 X144.23 Y20.347
G0 X144.4 Y22.274
;TYPE:WALL-INNER
G1 F1500 E1835.44454
G1 X150.6 Y22.274 E1835.75386
G1 X150.6 Y18.074 E1835.9634
G1 X144.4 Y18.074 E1836.27272
G1 X144.4 Y22.274 E1836.48226
G0 F9000 X144.8 Y21.874
;TYPE:WALL-OUTER
G1 F1500 X150.2 Y21.874 E1836.75167
G1 X150.2 Y18.474 E1836.92129
G1 X144.8 Y18.474 E1837.1907
G1 X144.8 Y21.874 E1837.36033
G0 F9000 X145 Y21.874
G0 X145 Y22.314
G1 F1500 E1830.86033
G0 F9000 X144.4 Y22.464
G0 X145.653 Y21.021
G0 X145.653 Y34.327
G0 X144.4 Y32.884
G0 X144.4 Y37.274
;TYPE:WALL-INNER
G1 F1500 E1837.36033
G1 X150.6 Y37.274 E1837.66965
G1 X150.6 Y33.074 E1837.87919
G1 X144.4 Y33.074 E1838.1885
G1 X144.4 Y37.274 E1838.39804
G0 F9000 X144.8 Y36.874
;TYPE:WALL-OUTER
G1 F1500 X150.2 Y36.874 E1838.66745
G1 X150.2 Y33.474 E1838.83708
G1 X144.8 Y33.474 E1839.10648
G1 X144.8 Y36.874 E1839.27611
G0 F9000 X145 Y36.874
G0 X145 Y37.314
G1 F1500 E1832.77611
G0 F9000 X150.796 Y37.47
G0 X150.796 Y39.364
G0 X159.4 Y39.574
;TYPE:WALL-INNER
G1 F1500 E1839.27611
G1 X72.018 Y39.574 E1843.63562
G1 X70.023 Y39.4 E1843.73553
G1 X68.106 Y38.886 E1843.83454
G1 X66.301 Y38.044 E1843.93391
G1 X64.671 Y36.903 E1844.03318
G1 X63.271 Y35.504 E1844.13192
G1 X62.13 Y33.873 E1844.23122
G1 X61.288 Y32.068 E1844.33059
G1 X60.774 Y30.151 E1844.42961
G1 X60.6 Y28.162 E1844.52922
G1 X60.6 Y27.186 E1844.57791
G1 X60.774 Y25.197 E1844.67752
G1 X61.288 Y23.28 E1844.77654
G1 X62.13 Y21.475 E1844.87591
G1 X63.271 Y19.845 E1844.97517
G1 X64.669 Y18.448 E1845.07378
G1 X66.304 Y17.303 E1845.17336
G1 X68.106 Y16.462 E1845.27257
G1 X70.023 Y15.948 E1845.37159
G1 X72.018 Y15.774 E1845.4715
G1 X159.4 Y15.774 E1849.831
G1 X159.4 Y39.574 E1851.01839
G0 F9000 X159.8 Y39.974
;TYPE:WALL-OUTER
G1 F1500 X72.006 Y39.974 E1855.39845
G1 X69.952 Y39.795 E1855.50131
G1 X67.965 Y39.262 E1855.60395
G1 X66.102 Y38.393 E1855.70651
G1 X64.412 Y37.21 E1855.80943
G1 X62.964 Y35.763 E1855.91156
G1 X61.781 Y34.072 E1856.01452
G1 X60.912 Y32.209 E1856.11708
G1 X60.379 Y30.222 E1856.21971
G1 X60.2 Y28.174 E1856.32228
G1 X60.2 Y27.174 E1856.37217
G1 X60.379 Y25.126 E1856.47473
G1 X60.912 Y23.139 E1856.57737
G1 X61.781 Y21.276 E1856.67993
G1 X62.964 Y19.586 E1856.78285
G1 X64.412 Y18.139 E1856.88498
G1 X66.102 Y16.955 E1856.98792
G1 X67.965 Y16.086 E1857.09048
G1 X69.952 Y15.553 E1857.19312
G1 X72.006 Y15.374 E1857.29598
G1 X159.8 Y15.374 E1861.67604
G1 X159.8 Y39.974 E1862.90334
G0 F9000 X159.6 Y39.974
G0 X159.36 Y39.534
G0 X159.01 Y39.184
;TYPE:SKIN
G1 F1500 X72.029 Y39.184 E1867.24284
G1 X70.096 Y39.016 E1867.33964
G1 X68.236 Y38.517 E1867.43572
G1 X66.501 Y37.708 E1867.53123
G1 X64.915 Y36.597 E1867.62783
G1 X63.577 Y35.26 E1867.7222
G1 X62.466 Y33.673 E1867.81885
G1 X61.657 Y31.938 E1867.91436
G1 X61.158 Y30.078 E1868.01044
G1 X60.99 Y28.162 E1868.10639
G1 X60.99 Y27.186 E1868.15509
G1 X61.158 Y25.27 E1868.25104
G1 X61.657 Y23.41 E1868.34712
G1 X62.466 Y21.675 E1868.44263
G1 X63.577 Y20.089 E1868.53923
G1 X64.913 Y18.754 E1868.63346
G1 X66.504 Y17.639 E1868.73039
G1 X68.236 Y16.831 E1868.82574
G1 X70.096 Y16.332 E1868.92182
G1 X72.029 Y16.164 E1869.01862
G1 X85.51 Y16.164 E1869.69119
G1 X85.51 Y31.989 E1870.4807
G1 X89.29 Y31.989 E1870.66928
G1 X89.29 Y16.164 E1871.4588
G1 X95.71 Y16.164 E1871.77909
G1 X95.71 Y31.989 E1872.5686
G1 X99.49 Y31.989 E1872.75719
G1 X99.49 Y16.164 E1873.5467
G1 X159.01 Y16.164 E1876.51617
G1 X159.01 Y39.184 E1877.66464
G1 F1500 E1871.16464
G0 F9000 X159.29 Y39.184
G0 X159.19 Y37.414
G0 X160.665 Y37.414
G0 X149.347 Y36.021
G0 X150.79 Y37.414
G1 F1500 E1877.66464
G0 F9000 X150.99 Y37.664
G1 F1500 X150.99 Y32.684 E1877.91309
G1 X144.01 Y32.684 E1878.26133
G1 X144.01 Y37.664 E1878.50978
G1 X150.99 Y37.664 E1878.85801
G1 F1500 E1872.35801
G0 F9000 X150.71 Y37.414
G0 X150.71 Y32.884
G0 X149.347 Y34.327
G0 X149.347 Y21.021
G0 X150.71 Y22.464
G1 F1500 E1878.85801
G0 F9000 X150.99 Y22.664
G1 F1500 X150.99 Y17.684 E1879.10647
G1 X144.01 Y17.684 E1879.4547
G1 X144.01 Y22.664 E1879.70315
G1 X150.99 Y22.664 E1880.05139
G1 F1500 E1873.55139
G0 F9000 X150.71 Y22.414
G0 X146.536 Y22.444
G0 X146.536 Y21.009
G0 X115.981 Y27.674
G0 X117.446 Y27.674
G0 X117.297 Y28.241
G1 F1500 E1880.05139
G0 F9000 X117.571 Y28.307
G1 F1500 X117.646 Y27.674 E1880.08319
G1 X117.571 Y27.041 E1880.11499
G1 X117.343 Y26.443 E1880.14692
G1 X116.982 Y25.918 E1880.1787
G1 X116.502 Y25.494 E1880.21066
G1 X115.938 Y25.199 E1880.24241
G1 X115.319 Y25.046 E1880.27422
G1 X114.681 Y25.046 E1880.30605
G1 X114.062 Y25.199 E1880.33786
G1 X113.498 Y25.494 E1880.36962
G1 X113.018 Y25.918 E1880.40157
G1 X112.657 Y26.443 E1880.43336
G1 X112.429 Y27.041 E1880.46529
G1 X112.354 Y27.674 E1880.49709
G1 X112.429 Y28.307 E1880.52889
G1 X112.657 Y28.905 E1880.56082
G1 X113.018 Y29.43 E1880.59261
G1 X113.498 Y29.854 E1880.62456
G1 X114.062 Y30.149 E1880.65631
G1 X114.681 Y30.302 E1880.68812
G1 X115.319 Y30.302 E1880.71995
G1 X115.938 Y30.149 E1880.75177
G1 X116.502 Y29.854 E1880.78352
G1 X116.982 Y29.43 E1880.81547
G1 X117.343 Y28.905 E1880.84726
G1 X117.571 Y28.307 E1880.87919
G1 F1500 E1874.37919
G0 F9000 X117.297 Y28.241
G0 X116.566 Y29.062
G0 X116.187 Y29.396
G0 X115.741 Y29.63
G0 X115.251 Y29.751
G0 X114.749 Y29.751
G0 X114.259 Y29.63
G0 X113.813 Y29.396
G0 X113.507 Y29.126
G0 X112.554 Y27.674
G0 X114.019 Y27.674
G0 X70.981 Y27.674
G0 X72.446 Y27.674
G0 X72.297 Y28.241
G1 F1500 E1880.87919
G0 F9000 X72.571 Y28.307
G1 F1500 X72.646 Y27.674 E1880.91099
G1 X72.571 Y27.041 E1880.94279
G1 X72.343 Y26.443 E1880.97472
G1 X71.982 Y25.918 E1881.00651
G1 X71.502 Y25.494 E1881.03846
G1 X70.938 Y25.199 E1881.07022
G1 X70.319 Y25.046 E1881.10203
G1 X69.681 Y25.046 E1881.13386
G1 X69.062 Y25.199 E1881.16567
G1 X68.498 Y25.494 E1881.19742
G1 X68.018 Y25.918 E1881.22937
G1 X67.657 Y26.443 E1881.26116
G1 X67.429 Y27.041 E1881.29309
G1 X67.354 Y27.674 E1881.32489
G1 X67.429 Y28.307 E1881.35669
G1 X67.657 Y28.905 E1881.38862
G1 X68.018 Y29.43 E1881.42041
G1 X68.498 Y29.854 E1881.45236
G1 X69.062 Y30.149 E1881.48412
G1 X69.681 Y30.302 E1881.51593
G1 X70.319 Y30.302 E1881.54776
G1 X70.938 Y30.149 E1881.57957
G1 X71.502 Y29.854 E1881.61132
G1 X71.982 Y29.43 E1881.64328
G1 X72.343 Y28.905 E1881.67506
G1 X72.571 Y28.307 E1881.70699
G1 F1500 E1875.20699
G0 F9000 X72.297 Y28.241
G0 X72.032 Y27.174
G0 X71.852 Y26.701
G0 X71.566 Y26.286
G0 X71.187 Y25.952
G0 X70.827 Y25.763
G0 X69.133 Y25.386
G0 X69.652 Y26.757
G0 X63.763 Y17.566
G0 X64.806 Y18.608
G0 X66.085 Y17.592
G1 F1500 E1881.70699
G0 F9000 X66.335 Y17.952
G1 F1500 X62.775 Y21.511 E1881.95813
G0 F9000 X62.417 Y21.259
G0 X61.777 Y22.494
G0 X62.173 Y22.679
G1 F1500 X67.506 Y17.346 E1882.33441
G0 F9000 X67.322 Y16.95
G0 X68.379 Y16.503
G0 X68.491 Y16.926
G1 F1500 X61.752 Y23.666 E1882.80991
G0 F9000 X61.545 Y24.439
G1 F1500 X69.264 Y16.719 E1883.35457
G0 F9000 X70.037 Y16.512
G1 F1500 X61.337 Y25.211 E1883.96836
G0 F9000 X61.266 Y25.848
G1 F1500 X70.674 Y16.44 E1884.63215
G0 F9000 X71.293 Y16.387
G1 F1500 X61.212 Y26.469 E1885.34345
G0 F9000 X61.157 Y27.089
G1 F1500 X71.912 Y16.334 E1886.10228
G0 F9000 X72.488 Y16.324
G1 F1500 X61.149 Y27.663 E1886.9023
G0 F9000 X61.154 Y28.223
G1 F1500 X73.054 Y16.324 E1887.74188
G0 F9000 X73.619 Y16.324
G1 F1500 X61.2 Y28.743 E1888.61811
G0 F9000 X61.246 Y29.263
G1 F1500 X74.185 Y16.324 E1889.53102
G0 F9000 X74.751 Y16.324
G1 F1500 X61.292 Y29.783 E1890.48063
G0 F9000 X61.373 Y30.267
G1 F1500 X75.316 Y16.324 E1891.46438
G0 F9000 X75.882 Y16.324
G1 F1500 X61.492 Y30.713 E1892.47964
G0 F9000 X61.613 Y31.159
G1 F1500 X76.448 Y16.324 E1893.52633
G0 F9000 X77.013 Y16.324
G1 F1500 X61.732 Y31.605 E1894.60448
G0 F9000 X61.874 Y32.029
G1 F1500 X67.498 Y26.404 E1895.00132
G0 F9000 X67.245 Y27.224
G1 F1500 X62.054 Y32.414 E1895.36754
G0 F9000 X62.235 Y32.799
G1 F1500 X67.21 Y27.824 E1895.71855
G0 F9000 X67.27 Y28.33
G1 F1500 X62.414 Y33.185 E1896.06114
G0 F9000 X62.595 Y33.571
G1 F1500 X67.422 Y28.743 E1896.40174
G0 F9000 X67.61 Y29.121
G1 F1500 X62.825 Y33.907 E1896.73939
G0 F9000 X63.058 Y34.239
G1 F1500 X67.841 Y29.456 E1897.07685
G0 F9000 X68.124 Y29.738
G1 F1500 X63.291 Y34.572 E1897.41788
G0 F9000 X63.524 Y34.904
G1 F1500 X68.43 Y29.999 E1897.76399
G0 F9000 X68.801 Y30.193
G1 F1500 X63.768 Y35.226 E1898.1191
G0 F9000 X64.051 Y35.509
G1 F1500 X69.21 Y30.349 E1898.48313
G0 F9000 X69.664 Y30.462
G1 F1500 X64.333 Y35.792 E1898.85922
G0 F9000 X64.616 Y36.075
G1 F1500 X70.229 Y30.462 E1899.25525
G0 F9000 X70.946 Y30.31
G1 F1500 X64.899 Y36.358 E1899.68193
G0 F9000 X65.212 Y36.611
G1 F1500 X85.349 Y16.474 E1901.10271
G0 F9000 X84.933 Y16.324
G1 F1500 X72.613 Y28.644 E1901.97195
G0 F9000 X72.777 Y27.914
G1 F1500 X84.367 Y16.324 E1902.78969
G0 F9000 X83.802 Y16.324
G1 F1500 X72.769 Y27.357 E1903.56813
G0 F9000 X72.681 Y26.879
G1 F1500 X83.236 Y16.324 E1904.31284
G0 F9000 X82.67 Y16.324
G1 F1500 X72.525 Y26.469 E1905.02862
G0 F9000 X72.312 Y26.116
G1 F1500 X82.104 Y16.324 E1905.7195
G0 F9000 X81.539 Y16.324
G1 F1500 X72.076 Y25.787 E1906.38717
G0 F9000 X71.775 Y25.522
G1 F1500 X80.973 Y16.324 E1907.03613
G0 F9000 X80.407 Y16.324
G1 F1500 X71.446 Y25.285 E1907.66838
G0 F9000 X71.075 Y25.09
G1 F1500 X79.842 Y16.324 E1908.28691
G0 F9000 X79.276 Y16.324
G1 F1500 X70.639 Y24.961 E1908.89629
G0 F9000 X70.149 Y24.885
G1 F1500 X78.71 Y16.324 E1909.50032
G0 F9000 X78.145 Y16.324
G1 F1500 X69.557 Y24.912 E1910.10625
G0 F9000 X68.691 Y25.211
G1 F1500 X77.579 Y16.324 E1910.73331
G0 F9000 X77.579 Y15.884
G0 X85.728 Y15.956
G0 X85.8 Y17.039
G0 X85.349 Y17.039
G1 F1500 X65.544 Y36.844 E1912.13066
G0 F9000 X65.877 Y37.077
G1 F1500 X85.349 Y17.605 E1913.50451
G0 F9000 X85.349 Y18.171
G1 F1500 X66.21 Y37.309 E1914.85484
G0 F9000 X66.542 Y37.543
G1 F1500 X85.349 Y18.736 E1916.18177
G0 F9000 X85.349 Y19.302
G1 F1500 X66.922 Y37.729 E1917.4819
G0 F9000 X67.308 Y37.909
G1 F1500 X85.349 Y19.868 E1918.75479
G0 F9000 X85.349 Y20.433
G1 F1500 X67.694 Y38.089 E1920.00048
G0 F9000 X68.079 Y38.269
G1 F1500 X85.349 Y20.999 E1921.21897
G0 F9000 X85.349 Y21.565
G1 F1500 X68.492 Y38.422 E1922.40832
G0 F9000 X68.938 Y38.541
G1 F1500 X85.349 Y22.131 E1923.56617
G0 F9000 X85.349 Y22.696
G1 F1500 X69.384 Y38.661 E1924.69259
G0 F9000 X69.831 Y38.78
G1 F1500 X85.349 Y23.262 E1925.78747
G0 F9000 X85.349 Y23.828
G1 F1500 X70.302 Y38.874 E1926.84908
G0 F9000 X70.823 Y38.919
G1 F1500 X85.349 Y24.393 E1927.87397
G0 F9000 X85.349 Y24.959
G1 F1500 X71.343 Y38.965 E1928.86217
G0 F9000 X71.864 Y39.009
G1 F1500 X85.349 Y25.525 E1929.81357
G0 F9000 X85.349 Y26.09
G1 F1500 X72.415 Y39.024 E1930.72613
G0 F9000 X72.981 Y39.024
G1 F1500 X85.349 Y26.656 E1931.59876
G0 F9000 X85.349 Y27.222
G1 F1500 X73.546 Y39.024 E1932.43149
G0 F9000 X74.112 Y39.024
G1 F1500 X85.349 Y27.787 E1933.22432
G0 F9000 X85.349 Y28.353
G1 F1500 X74.678 Y39.024 E1933.97722
G0 F9000 X75.243 Y39.024
G1 F1500 X85.349 Y28.919 E1934.69022
G0 F9000 X85.349 Y29.484
G1 F1500 X75.809 Y39.024 E1935.36332
G0 F9000 X76.375 Y39.024
G1 F1500 X85.349 Y30.05 E1935.99648
G0 F9000 X85.349 Y30.616
G1 F1500 X76.94 Y39.024 E1936.58975
G0 F9000 X77.506 Y39.024
G1 F1500 X85.349 Y31.181 E1937.14311
G0 F9000 X85.349 Y31.747
G1 F1500 X78.072 Y39.024 E1937.65654
G0 F9000 X78.638 Y39.024
G1 F1500 X85.513 Y32.149 E1938.14161
G0 F9000 X86.078 Y32.149
G1 F1500 X79.203 Y39.024 E1938.62668
G0 F9000 X79.769 Y39.024
G1 F1500 X86.644 Y32.149 E1939.11175
G0 F9000 X87.21 Y32.149
G1 F1500 X80.335 Y39.024 E1939.59682
G0 F9000 X80.9 Y39.024
G1 F1500 X87.775 Y32.149 E1940.08189
G0 F9000 X88.341 Y32.149
G1 F1500 X81.466 Y39.024 E1940.56695
G0 F9000 X82.032 Y39.024
G1 F1500 X88.907 Y32.149 E1941.05202
G0 F9000 X89.449 Y31.607
G1 F1500 X95.549 Y25.507 E1941.48241
G0 F9000 X95.549 Y24.941
G1 F1500 X89.449 Y31.041 E1941.9128
G0 F9000 X89.449 Y30.476
G1 F1500 X95.549 Y24.376 E1942.34319
G0 F9000 X95.549 Y23.81
G1 F1500 X89.449 Y29.91 E1942.77357
G0 F9000 X89.449 Y29.344
G1 F1500 X95.549 Y23.244 E1943.20396
G0 F9000 X95.549 Y22.679
G1 F1500 X89.449 Y28.779 E1943.63435
G0 F9000 X89.449 Y28.213
G1 F1500 X95.549 Y22.113 E1944.06474
G0 F9000 X95.549 Y21.547
G1 F1500 X89.449 Y27.647 E1944.49513
G0 F9000 X89.449 Y27.082
G1 F1500 X95.549 Y20.981 E1944.92555
G0 F9000 X95.549 Y20.416
G1 F1500 X89.449 Y26.516 E1945.35594
G0 F9000 X89.449 Y25.95
G1 F1500 X95.549 Y19.85 E1945.78633
G0 F9000 X95.549 Y19.284
G1 F1500 X89.449 Y25.385 E1946.21675
G0 F9000 X89.449 Y24.819
G1 F1500 X95.549 Y18.719 E1946.64714
G0 F9000 X95.549 Y18.153
G1 F1500 X89.449 Y24.253 E1947.07752
G0 F9000 X89.449 Y23.688
G1 F1500 X95.549 Y17.587 E1947.50795
G0 F9000 X95.549 Y17.022
G1 F1500 X89.449 Y23.122 E1947.93834
G0 F9000 X89.449 Y22.556
G1 F1500 X95.549 Y16.456 E1948.36872
G0 F9000 X95.116 Y16.323
G1 F1500 X89.449 Y21.991 E1948.7686
G0 F9000 X89.449 Y21.425
G1 F1500 X94.55 Y16.323 E1949.12853
G0 F9000 X93.985 Y16.323
G1 F1500 X89.449 Y20.859 E1949.44857
G0 F9000 X89.449 Y20.293
G1 F1500 X93.419 Y16.323 E1949.72868
G0 F9000 X92.853 Y16.323
G1 F1500 X89.449 Y19.728 E1949.96888
G0 F9000 X89.449 Y19.162
G1 F1500 X92.288 Y16.323 E1950.16919
G0 F9000 X91.722 Y16.323
G1 F1500 X89.449 Y18.596 E1950.32956
G0 F9000 X89.449 Y18.031
G1 F1500 X91.156 Y16.323 E1950.45004
G0 F9000 X90.59 Y16.323
G1 F1500 X89.449 Y17.465 E1950.53058
G0 F9000 X89.449 Y16.899
G1 F1500 X90.025 Y16.323 E1950.57122
G0 F9000 X90.025 Y15.884
G0 X95.928 Y15.956
G0 X99.2 Y16.881
G0 X99.649 Y16.881
G1 F1500 X100.207 Y16.323 E1950.61059
G0 F9000 X100.773 Y16.323
G1 F1500 X99.649 Y17.447 E1950.68989
G0 F9000 X99.649 Y18.012
G1 F1500 X101.339 Y16.323 E1950.80909
G0 F9000 X101.904 Y16.323
G1 F1500 X99.649 Y18.578 E1950.9682
G0 F9000 X99.649 Y19.144
G1 F1500 X102.47 Y16.323 E1951.16723
G0 F9000 X103.036 Y16.323
G1 F1500 X99.649 Y19.709 E1951.40617
G0 F9000 X99.649 Y20.275
G1 F1500 X103.601 Y16.323 E1951.685
G0 F9000 X104.167 Y16.323
G1 F1500 X99.649 Y20.841 E1952.00377
G0 F9000 X99.649 Y21.406
G1 F1500 X104.733 Y16.323 E1952.36244
G0 F9000 X105.298 Y16.323
G1 F1500 X99.649 Y21.972 E1952.76101
G0 F9000 X99.649 Y22.538
G1 F1500 X105.864 Y16.323 E1953.19951
G0 F9000 X106.43 Y16.323
G1 F1500 X99.649 Y23.104 E1953.67795
G0 F9000 X99.649 Y23.669
G1 F1500 X106.995 Y16.323 E1954.19625
G0 F9000 X107.561 Y16.323
G1 F1500 X99.649 Y24.235 E1954.75448
G0 F9000 X99.649 Y24.801
G1 F1500 X108.127 Y16.323 E1955.35265
G0 F9000 X108.692 Y16.323
G1 F1500 X99.649 Y25.366 E1955.99068
G0 F9000 X99.649 Y25.932
G1 F1500 X109.258 Y16.323 E1956.66865
G0 F9000 X109.824 Y16.323
G1 F1500 X99.649 Y26.498 E1957.38655
G0 F9000 X99.649 Y27.063
G1 F1500 X110.389 Y16.323 E1958.14432
G0 F9000 X110.955 Y16.323
G1 F1500 X99.649 Y27.629 E1958.94201
G0 F9000 X99.649 Y28.195
G1 F1500 X111.521 Y16.323 E1959.77965
G0 F9000 X112.087 Y16.323
G1 F1500 X99.649 Y28.76 E1960.65718
G0 F9000 X99.649 Y29.326
G1 F1500 X112.652 Y16.323 E1961.57461
G0 F9000 X113.218 Y16.323
G1 F1500 X99.649 Y29.892 E1962.53198
G0 F9000 X99.649 Y30.457
G1 F1500 X113.784 Y16.323 E1963.52924
G0 F9000 X114.349 Y16.323
G1 F1500 X99.649 Y31.023 E1964.56641
G0 F9000 X99.649 Y31.589
G1 F1500 X114.915 Y16.323 E1965.64351
G0 F9000 X115.481 Y16.323
G1 F1500 X92.78 Y39.024 E1967.24519
G0 F9000 X93.345 Y39.024
G1 F1500 X116.046 Y16.323 E1968.84686
G0 F9000 X116.612 Y16.323
G1 F1500 X93.911 Y39.024 E1970.44854
G0 F9000 X94.477 Y39.024
G1 F1500 X117.178 Y16.323 E1972.05022
G0 F9000 X117.743 Y16.323
G1 F1500 X95.042 Y39.024 E1973.6519
G0 F9000 X95.608 Y39.024
G1 F1500 X118.309 Y16.323 E1975.25358
G0 F9000 X118.875 Y16.323
G1 F1500 X96.174 Y39.024 E1976.85526
G0 F9000 X96.739 Y39.024
G1 F1500 X119.44 Y16.323 E1978.45693
G0 F9000 X120.006 Y16.323
G1 F1500 X97.305 Y39.024 E1980.05861
G0 F9000 X97.871 Y39.024
G1 F1500 X120.572 Y16.323 E1981.66029
G0 F9000 X121.137 Y16.323
G1 F1500 X98.437 Y39.024 E1983.26193
G0 F9000 X99.002 Y39.024
G1 F1500 X121.703 Y16.323 E1984.86361
G0 F9000 X122.269 Y16.323
G1 F1500 X99.568 Y39.024 E1986.46529
G0 F9000 X100.134 Y39.024
G1 F1500 X112.341 Y26.817 E1987.32656
G0 F9000 X112.211 Y27.512
G1 F1500 X100.699 Y39.024 E1988.13879
G0 F9000 X101.265 Y39.024
G1 F1500 X112.236 Y28.053 E1988.91286
G0 F9000 X112.336 Y28.519
G1 F1500 X101.831 Y39.024 E1989.65404
G0 F9000 X102.396 Y39.024
G1 F1500 X112.492 Y28.928 E1990.36637
G0 F9000 X112.714 Y29.272
G1 F1500 X102.962 Y39.024 E1991.05442
G0 F9000 X103.528 Y39.024
G1 F1500 X112.96 Y29.592 E1991.7199
G0 F9000 X113.26 Y29.858
G1 F1500 X104.093 Y39.024 E1992.36665
G0 F9000 X104.659 Y39.024
G1 F1500 X113.597 Y30.086 E1992.99727
G0 F9000 X113.969 Y30.28
G1 F1500 X105.225 Y39.024 E1993.61421
G0 F9000 X105.79 Y39.024
G1 F1500 X114.415 Y30.399 E1994.22275
G0 F9000 X114.919 Y30.461
G1 F1500 X106.356 Y39.024 E1994.82692
G0 F9000 X106.922 Y39.024
G1 F1500 X115.533 Y30.413 E1995.43447
G0 F9000 X116.451 Y30.061
G1 F1500 X107.488 Y39.024 E1996.06686
G0 F9000 X108.053 Y39.024
G1 F1500 X130.754 Y16.323 E1997.66853
G0 F9000 X130.188 Y16.323
G1 F1500 X117.381 Y29.131 E1998.57217
G0 F9000 X117.743 Y28.203
G1 F1500 X129.623 Y16.323 E1999.41037
G0 F9000 X129.057 Y16.323
G1 F1500 X117.794 Y27.586 E2000.20504
G0 F9000 X117.736 Y27.078
G1 F1500 X128.491 Y16.323 E2000.96386
G0 F9000 X127.926 Y16.323
G1 F1500 X117.595 Y26.654 E2001.69277
G0 F9000 X117.416 Y26.267
G1 F1500 X127.36 Y16.323 E2002.39437
G0 F9000 X126.794 Y16.323
G1 F1500 X117.185 Y25.932 E2003.07234
G0 F9000 X116.91 Y25.641
G1 F1500 X126.229 Y16.323 E2003.72981
G0 F9000 X125.663 Y16.323
G1 F1500 X116.61 Y25.376 E2004.36855
G0 F9000 X116.242 Y25.178
G1 F1500 X125.097 Y16.323 E2004.99331
G0 F9000 X124.532 Y16.323
G1 F1500 X115.843 Y25.011 E2005.60633
G0 F9000 X115.389 Y24.9
G1 F1500 X123.966 Y16.323 E2006.21149
G0 F9000 X123.4 Y16.323
G1 F1500 X114.837 Y24.886 E2006.81565
G0 F9000 X114.144 Y25.014
G1 F1500 X122.835 Y16.323 E2007.42885
G0 F9000 X122.835 Y15.884
G0 X131.32 Y15.884
G0 X131.32 Y16.323
G1 F1500 X108.619 Y39.024 E2009.03053
G0 F9000 X109.185 Y39.024
G1 F1500 X131.886 Y16.323 E2010.63221
G0 F9000 X132.451 Y16.323
G1 F1500 X109.75 Y39.024 E2012.23389
G0 F9000 X110.316 Y39.024
G1 F1500 X133.017 Y16.323 E2013.83556
G0 F9000 X133.583 Y16.323
G1 F1500 X110.882 Y39.024 E2015.43724
G0 F9000 X111.447 Y39.024
G1 F1500 X134.148 Y16.323 E2017.03892
G0 F9000 X134.714 Y16.323
G1 F1500 X112.013 Y39.024 E2018.6406
G0 F9000 X112.579 Y39.024
G1 F1500 X135.28 Y16.323 E2020.24228
G0 F9000 X135.845 Y16.323
G1 F1500 X113.144 Y39.024 E2021.84395
G0 F9000 X113.71 Y39.024
G1 F1500 X136.411 Y16.323 E2023.44563
G0 F9000 X136.977 Y16.323
G1 F1500 X114.276 Y39.024 E2025.04731
G0 F9000 X114.841 Y39.024
G1 F1500 X137.542 Y16.323 E2026.64899
G0 F9000 X138.108 Y16.323
G1 F1500 X115.407 Y39.024 E2028.25067
G0 F9000 X115.973 Y39.024
G1 F1500 X138.674 Y16.323 E2029.85234
G0 F9000 X139.239 Y16.323
G1 F1500 X116.538 Y39.024 E2031.45402
G0 F9000 X117.104 Y39.024
G1 F1500 X139.805 Y16.323 E2033.0557
G0 F9000 X140.371 Y16.323
G1 F1500 X117.67 Y39.024 E2034.65738
G0 F9000 X118.236 Y39.024
G1 F1500 X140.936 Y16.323 E2036.25902
G0 F9000 X141.502 Y16.323
G1 F1500 X118.801 Y39.024 E2037.8607
G0 F9000 X119.367 Y39.024
G1 F1500 X142.068 Y16.323 E2039.46238
G0 F9000 X142.634 Y16.323
G1 F1500 X119.933 Y39.024 E2041.06406
G0 F9000 X120.498 Y39.024
G1 F1500 X143.199 Y16.323 E2042.66573
G0 F9000 X143.765 Y16.323
G1 F1500 X121.064 Y39.024 E2044.26741
G0 F9000 X121.63 Y39.024
G1 F1500 X144.331 Y16.323 E2045.86909
G0 F9000 X144.896 Y16.323
G1 F1500 X122.195 Y39.024 E2047.47077
G0 F9000 X122.761 Y39.024
G1 F1500 X143.848 Y17.937 E2048.95857
G0 F9000 X143.848 Y18.502
G1 F1500 X123.327 Y39.024 E2050.40647
G0 F9000 X123.892 Y39.024
G1 F1500 X143.848 Y19.068 E2051.81448
G0 F9000 X143.848 Y19.634
G1 F1500 X124.458 Y39.024 E2053.18255
G0 F9000 X125.024 Y39.024
G1 F1500 X143.848 Y20.199 E2054.51072
G0 F9000 X143.848 Y20.765
G1 F1500 X125.589 Y39.024 E2055.79899
G0 F9000 X126.155 Y39.024
G1 F1500 X143.848 Y21.331 E2057.04732
G0 F9000 X143.848 Y21.896
G1 F1500 X126.721 Y39.024 E2058.25576
G0 F9000 X127.286 Y39.024
G1 F1500 X143.848 Y22.462 E2059.4243
G0 F9000 X144.053 Y22.823
G1 F1500 X127.852 Y39.024 E2060.56737
G0 F9000 X128.418 Y39.024
G1 F1500 X144.618 Y22.823 E2061.7104
G0 F9000 X145.184 Y22.823
G1 F1500 X128.984 Y39.024 E2062.85343
G0 F9000 X129.549 Y39.024
G1 F1500 X145.75 Y22.823 E2063.9965
G0 F9000 X146.315 Y22.823
G1 F1500 X130.115 Y39.024 E2065.13954
G0 F9000 X130.681 Y39.024
G1 F1500 X146.881 Y22.823 E2066.28257
G0 F9000 X147.447 Y22.823
G1 F1500 X131.246 Y39.024 E2067.42564
G0 F9000 X131.812 Y39.024
G1 F1500 X148.013 Y22.823 E2068.5687
G0 F9000 X148.578 Y22.823
G1 F1500 X132.378 Y39.024 E2069.71174
G0 F9000 X132.943 Y39.024
G1 F1500 X149.144 Y22.823 E2070.8548
G0 F9000 X149.71 Y22.823
G1 F1500 X133.509 Y39.024 E2071.99787
G0 F9000 X134.075 Y39.024
G1 F1500 X150.275 Y22.823 E2073.14091
G0 F9000 X150.841 Y22.823
G1 F1500 X134.64 Y39.024 E2074.28397
G0 F9000 X135.206 Y39.024
G1 F1500 X157.907 Y16.323 E2075.88565
G0 F9000 X157.341 Y16.323
G1 F1500 X151.149 Y22.515 E2076.32253
G0 F9000 X151.149 Y21.95
G1 F1500 X156.776 Y16.323 E2076.71955
G0 F9000 X156.21 Y16.323
G1 F1500 X151.149 Y21.384 E2077.07663
G0 F9000 X151.149 Y20.818
G1 F1500 X155.644 Y16.323 E2077.39377
G0 F9000 X155.079 Y16.323
G1 F1500 X151.149 Y20.252 E2077.67102
G0 F9000 X151.149 Y19.687
G1 F1500 X154.513 Y16.323 E2077.90837
G0 F9000 X153.947 Y16.323
G1 F1500 X151.149 Y19.121 E2078.10578
G0 F9000 X151.149 Y18.555
G1 F1500 X153.382 Y16.323 E2078.2633
G0 F9000 X152.816 Y16.323
G1 F1500 X151.149 Y17.99 E2078.38091
G0 F9000 X151.05 Y17.524
G1 F1500 X152.25 Y16.323 E2078.46562
G0 F9000 X151.685 Y16.323
G1 F1500 X150.484 Y17.524 E2078.55035
G0 F9000 X149.918 Y17.524
G1 F1500 X151.119 Y16.323 E2078.63509
G0 F9000 X150.553 Y16.323
G1 F1500 X149.352 Y17.524 E2078.71983
G0 F9000 X148.787 Y17.524
G1 F1500 X149.987 Y16.323 E2078.80453
G0 F9000 X149.422 Y16.323
G1 F1500 X148.221 Y17.524 E2078.88927
G0 F9000 X147.655 Y17.524
G1 F1500 X148.856 Y16.323 E2078.974
G0 F9000 X148.29 Y16.323
G1 F1500 X147.09 Y17.524 E2079.0587
G0 F9000 X146.524 Y17.524
G1 F1500 X147.725 Y16.323 E2079.14344
G0 F9000 X147.159 Y16.323
G1 F1500 X145.958 Y17.524 E2079.22818
G0 F9000 X145.393 Y17.524
G1 F1500 X146.593 Y16.323 E2079.31288
G0 F9000 X146.028 Y16.323
G1 F1500 X144.827 Y17.524 E2079.39762
G0 F9000 X144.261 Y17.524
G1 F1500 X145.462 Y16.323 E2079.48235
G0 F9000 X145.462 Y15.884
G0 X158.473 Y15.884
G0 X158.473 Y16.323
G1 F1500 X135.772 Y39.024 E2081.08403
G0 F9000 X136.337 Y39.024
G1 F1500 X158.849 Y16.513 E2082.67234
G0 F9000 X158.849 Y17.078
G1 F1500 X136.903 Y39.024 E2084.22075
G0 F9000 X137.469 Y39.024
G1 F1500 X143.848 Y32.644 E2084.67086
G1 X143.969 Y32.524
G1 X158.849 Y17.644 E2085.72072
G0 F9000 X158.849 Y18.21
G1 F1500 X144.535 Y32.524 E2086.73065
G0 F9000 X145.101 Y32.524
G1 F1500 X158.849 Y18.775 E2087.70068
G0 F9000 X158.849 Y19.341
G1 F1500 X145.666 Y32.524 E2088.63081
G0 F9000 X146.232 Y32.524
G1 F1500 X158.849 Y19.907 E2089.52101
G0 F9000 X158.849 Y20.472
G1 F1500 X146.798 Y32.524 E2090.37131
G0 F9000 X147.363 Y32.524
G1 F1500 X158.849 Y21.038 E2091.18171
G0 F9000 X158.849 Y21.604
G1 F1500 X147.929 Y32.524 E2091.95218
G0 F9000 X148.495 Y32.524
G1 F1500 X158.849 Y22.169 E2092.68274
G0 F9000 X158.849 Y22.735
G1 F1500 X149.06 Y32.524 E2093.37341
G0 F9000 X149.626 Y32.524
G1 F1500 X158.849 Y23.301 E2094.02414
G0 F9000 X158.849 Y23.866
G1 F1500 X150.192 Y32.524 E2094.63497
G0 F9000 X150.757 Y32.524
G1 F1500 X158.849 Y24.432 E2095.20591
G0 F9000 X158.849 Y24.998
G1 F1500 X151.149 Y32.698 E2095.74918
G0 F9000 X151.149 Y33.263
G1 F1500 X158.849 Y25.564 E2096.29243
G0 F9000 X158.849 Y26.129
G1 F1500 X151.149 Y33.829 E2096.8357
G0 F9000 X151.149 Y34.395
G1 F1500 X158.849 Y26.695 E2097.37898
G0 F9000 X158.849 Y27.261
G1 F1500 X151.149 Y34.96 E2097.92222
G0 F9000 X151.149 Y35.526
G1 F1500 X158.849 Y27.826 E2098.4655
G0 F9000 X158.849 Y28.392
G1 F1500 X151.149 Y36.092 E2099.00877
G0 F9000 X151.149 Y36.657
G1 F1500 X158.849 Y28.958 E2099.55201
G0 F9000 X158.849 Y29.523
G1 F1500 X151.149 Y37.223 E2100.09529
G0 F9000 X151.149 Y37.789
G1 F1500 X158.849 Y30.089 E2100.63857
G0 F9000 X158.849 Y30.655
G1 F1500 X150.48 Y39.024 E2101.22905
G0 F9000 X151.045 Y39.024
G1 F1500 X158.849 Y31.22 E2101.77966
G0 F9000 X158.849 Y31.786
G1 F1500 X151.611 Y39.024 E2102.29034
G0 F9000 X152.177 Y39.024
G1 F1500 X158.849 Y32.352 E2102.76109
G0 F9000 X158.849 Y32.917
G1 F1500 X152.742 Y39.024 E2103.19197
G0 F9000 X153.308 Y39.024
G1 F1500 X158.849 Y33.483 E2103.58292
G0 F9000 X158.849 Y34.049
G1 F1500 X153.874 Y39.024 E2103.93393
G0 F9000 X154.439 Y39.024
G1 F1500 X158.849 Y34.614 E2104.24508
G0 F9000 X158.849 Y35.18
G1 F1500 X155.005 Y39.024 E2104.51629
G0 F9000 X155.571 Y39.024
G1 F1500 X158.849 Y35.746 E2104.74757
G0 F9000 X158.849 Y36.312
G1 F1500 X156.136 Y39.024 E2104.93896
G0 F9000 X156.702 Y39.024
G1 F1500 X158.849 Y36.877 E2105.09044
G0 F9000 X158.849 Y37.443
G1 F1500 X157.268 Y39.024 E2105.20199
G0 F9000 X157.834 Y39.024
G1 F1500 X158.849 Y38.009 E2105.2736
G0 F9000 X158.849 Y38.574
G1 F1500 X158.399 Y39.024 E2105.30535
G1 F1500 E2098.80535
G0 F9000 X158.399 Y39.464
G0 X150.71 Y39.364
G0 X150.71 Y37.464
G1 F1500 E2105.30535
G0 F9000 X151.115 Y37.823
G1 F1500 X149.914 Y39.024 E2105.39009
G0 F9000 X149.348 Y39.024
G1 F1500 X150.549 Y37.823 E2105.47482
G0 F9000 X149.983 Y37.823
G1 F1500 X148.783 Y39.024 E2105.55953
G0 F9000 X148.217 Y39.024
G1 F1500 X149.418 Y37.823 E2105.64426
G0 F9000 X148.852 Y37.823
G1 F1500 X147.651 Y39.024 E2105.729
G0 F9000 X147.085 Y39.024
G1 F1500 X148.286 Y37.823 E2105.81374
G0 F9000 X147.72 Y37.823
G1 F1500 X146.52 Y39.024 E2105.89844
G0 F9000 X145.954 Y39.024
G1 F1500 X147.155 Y37.823 E2105.98318
G0 F9000 X146.589 Y37.823
G1 F1500 X145.388 Y39.024 E2106.06791
G0 F9000 X144.823 Y39.024
G1 F1500 X146.023 Y37.823 E2106.15261
G0 F9000 X145.458 Y37.823
G1 F1500 X144.257 Y39.024 E2106.23735
G0 F9000 X143.691 Y39.024
G1 F1500 X144.892 Y37.823 E2106.32209
G0 F9000 X144.326 Y37.823
G1 F1500 X143.126 Y39.024 E2106.40679
G0 F9000 X142.56 Y39.024
G1 F1500 X143.848 Y37.736 E2106.49767
G0 F9000 X143.848 Y37.17
G1 F1500 X141.994 Y39.024 E2106.62847
G0 F9000 X141.429 Y39.024
G1 F1500 X143.848 Y36.604 E2106.79918
G0 F9000 X143.848 Y36.039
G1 F1500 X140.863 Y39.024 E2107.00979
G0 F9000 X140.297 Y39.024
G1 F1500 X143.848 Y35.473 E2107.26033
G0 F9000 X143.848 Y34.907
G1 F1500 X139.732 Y39.024 E2107.55077
G0 F9000 X139.166 Y39.024
G1 F1500 X143.848 Y34.342 E2107.88112
G0 F9000 X143.848 Y33.776
G1 F1500 X138.6 Y39.024 E2108.25139
G0 F9000 X138.035 Y39.024
G1 F1500 X143.848 Y33.21 E2108.66156
G1 F1500 E2102.16156
G0 F9000 X144.29 Y33.21
G0 X144.23 Y35.347
G0 X145.665 Y35.347
G0 X127.587 Y40.839
G0 X127.587 Y39.404
G0 X159.218 Y39.392
G0 X159.218 Y15.956
G0 X99.272 Y15.956
G0 X99.09 Y31.699
G1 F1500 E2108.66156
G0 F9000 X99.09 Y32.148
G1 F1500 X92.214 Y39.024 E2109.1467
G0 F9000 X91.648 Y39.024
G1 F1500 X98.524 Y32.148 E2109.63184
G0 F9000 X97.959 Y32.148
G1 F1500 X91.083 Y39.024 E2110.11698
G0 F9000 X90.517 Y39.024
G1 F1500 X97.393 Y32.148 E2110.60212
G0 F9000 X96.827 Y32.148
G1 F1500 X89.951 Y39.024 E2111.08726
G0 F9000 X89.386 Y39.024
G1 F1500 X96.261 Y32.148 E2111.57236
G0 F9000 X95.696 Y32.148
G1 F1500 X88.82 Y39.024 E2112.0575
G0 F9000 X88.254 Y39.024
G1 F1500 X95.549 Y31.73 E2112.57217
G0 F9000 X95.549 Y31.164
G1 F1500 X87.689 Y39.024 E2113.12673
G0 F9000 X87.123 Y39.024
G1 F1500 X95.549 Y30.598 E2113.72123
G0 F9000 X95.549 Y30.032
G1 F1500 X86.557 Y39.024 E2114.35567
G0 F9000 X85.991 Y39.024
G1 F1500 X95.549 Y29.467 E2115.03
G0 F9000 X95.549 Y28.901
G1 F1500 X85.426 Y39.024 E2115.74423
G0 F9000 X84.86 Y39.024
G1 F1500 X95.549 Y28.335 E2116.4984
G0 F9000 X95.549 Y27.77
G1 F1500 X84.294 Y39.024 E2117.29247
G0 F9000 X83.729 Y39.024
G1 F1500 X95.549 Y27.204 E2118.12643
G0 F9000 X95.549 Y26.638
G1 F1500 X83.163 Y39.024 E2119.00033
G0 F9000 X82.597 Y39.024
G1 F1500 X95.549 Y26.073 E2119.91413
G0 F9000 X96.3 Y26.073
;MESH:NONMESH
G0 F300 X96.3 Y26.073 Z3.3
G0 F9000 X96 Y19.11
G0 X95.779 Y19.11
;TIME_ELAPSED:1923.364155
;LAYER:10
;TYPE:FILL
;MESH:realsense_camera_clamp-Body.stl
G1 F5865.1 X99.419 Y22.751 E2120.17098
G0 F9000 X99.419 Y21.283
G1 F5865.1 X95.779 Y24.923 E2120.42781
G1 X95.779 Y24.767
G1 X99.419 Y28.408 E2120.68466
G0 F9000 X99.419 Y26.94
G1 F5865.1 X95.779 Y30.58 E2120.94148
G1 X95.779 Y30.423
G1 X96.795 Y31.44 E2121.0132
G0 F9000 X96.795 Y31.221
G0 X95.779 Y19.266
G1 F5865.1 X99.192 Y15.854 E2121.25397
G0 F9000 X98.179 Y15.854
G1 F5865.1 X99.419 Y17.094 E2121.34146
G0 F9000 X99.5 Y33.39
;TYPE:WALL-INNER
G1 F1466.3 X95.7 Y33.39 E2121.53105
G1 X95.7 Y15.774 E2122.40991
G1 X99.5 Y15.774 E2122.59949
G1 X99.5 Y33.39 E2123.47836
G0 F9000 X99.9 Y33.79
;TYPE:WALL-OUTER
G1 F1466.3 X95.3 Y33.79 E2123.70786
G1 X95.3 Y15.374 E2124.62663
G1 X99.9 Y15.374 E2124.85613
G1 X99.9 Y33.79 E2125.77491
G0 F9000 X99.7 Y33.79
G0 X99.46 Y33.35
G0 X99.11 Y33
;TYPE:SKIN
G1 F1466.3 X96.09 Y33 E2125.92557
G1 X96.09 Y31.511 E2125.99986
G1 X99.11 Y31.511 E2126.15053
G1 X99.11 Y33 E2126.22482
G0 F9000 X98.948 Y32.198
G1 F1466.3 X98.421 Y31.67 E2126.26203
G0 F9000 X97.855 Y31.67
G1 F1466.3 X98.948 Y32.763 E2126.33915
G0 F9000 X98.459 Y32.84
G1 F1466.3 X97.29 Y31.67 E2126.42167
G0 F9000 X96.724 Y31.67
G1 F1466.3 X97.893 Y32.84 E2126.50418
G0 F9000 X97.328 Y32.84
G1 F1466.3 X96.249 Y31.761 E2126.58031
G0 F9000 X96.249 Y32.326
G1 F1466.3 X96.762 Y32.84 E2126.61654
G0 F9000 X96.762 Y33.19
G1 F1500 E2120.11654
G0 F9000 X96.762 Y33.28
G0 X95.882 Y33.208
G0 X95.52 Y29.521
G0 X94.435 Y29.521
G0 X90.565 Y29.521
G0 X89.48 Y29.521
G0 X89.219 Y29.521
;TYPE:FILL
G1 F1500 E2126.61654
G1 F5865.1 X85.579 Y25.88 E2126.8734
G0 F9000 X85.579 Y23.809
G1 F5865.1 X89.219 Y20.17 E2127.13018
G0 F9000 X89.219 Y18.207
G1 F5865.1 X86.865 Y15.854 E2127.29624
G0 F9000 X87.878 Y15.854
G1 F5865.1 X85.579 Y18.152 E2127.45841
G0 F9000 X85.579 Y20.223
G1 F5865.1 X89.219 Y23.864 E2127.71526
G0 F9000 X89.219 Y25.827
G1 F5865.1 X85.579 Y29.466 E2127.97205
G0 F9000 X89.118 Y31.293
G0 X89.3 Y33.39
;TYPE:WALL-INNER
G1 F1466.3 X85.5 Y33.39 E2128.16163
G1 X85.5 Y15.774 E2129.0405
G1 X89.3 Y15.774 E2129.23008
G1 X89.3 Y33.39 E2130.10895
G0 F9000 X89.7 Y33.79
;TYPE:WALL-OUTER
G1 F1466.3 X85.1 Y33.79 E2130.33844
G1 X85.1 Y15.374 E2131.25722
G1 X89.7 Y15.374 E2131.48671
G1 X89.7 Y33.79 E2132.40549
G0 F9000 X89.5 Y33.79
G0 X89.26 Y33.35
G0 X88.91 Y33
;TYPE:SKIN
G1 F1466.3 X85.89 Y33 E2132.55616
G1 X85.89 Y31.511 E2132.63045
G1 X88.91 Y31.511 E2132.78112
G1 X88.91 Y33 E2132.8554
G0 F9000 X88.749 Y32.181
G1 F1466.3 X88.239 Y31.671 E2132.89139
G0 F9000 X87.674 Y31.671
G1 F1466.3 X88.749 Y32.746 E2132.96723
G0 F9000 X88.276 Y32.839
G1 F1466.3 X87.108 Y31.671 E2133.04964
G0 F9000 X86.542 Y31.671
G1 F1466.3 X87.71 Y32.839 E2133.13205
G0 F9000 X87.145 Y32.839
G1 F1466.3 X86.049 Y31.743 E2133.20938
G0 F9000 X86.049 Y32.309
G1 F1466.3 X86.579 Y32.839 E2133.24677
G0 F9000 X86.579 Y33.19
G1 F1500 E2126.74677
;MESH:NONMESH
G0 F300 X86.579 Y33.19 Z3.6
G0 F9000 X86.579 Y33.28
G0 X85.682 Y33.208
G0 X85.682 Y31.293
G0 X89.48 Y19.11
G0 X90.565 Y19.11
G0 X94.435 Y19.11
G0 X95.52 Y19.11
G0 X95.779 Y19.11
;TIME_ELAPSED:1939.489251
;LAYER:11
;TYPE:FILL
;MESH:realsense_camera_clamp-Body.stl
G1 F1500 E2133.24677
G1 F5463 X99.419 Y22.751 E2133.50363
G0 F9000 X99.419 Y21.283
G1 F5463 X95.779 Y24.923 E2133.76045
G1 X95.779 Y24.767
G1 X99.419 Y28.408 E2134.01731
G0 F9000 X99.419 Y26.94
G1 F5463 X95.779 Y30.58 E2134.27413
G1 X95.779 Y30.423
G1 X96.471 Y31.116 E2134.32299
G0 F9000 X96.471 Y30.897
G0 X95.779 Y19.266
G1 F5463 X99.192 Y15.854 E2134.56376
G0 F9000 X98.179 Y15.854
G1 F5463 X99.419 Y17.094 E2134.65125
G0 F9000 X99.5 Y32.533
;TYPE:WALL-INNER
G1 F1365.8 X95.7 Y32.533 E2134.84083
G1 X95.7 Y15.774 E2135.67694
G1 X99.5 Y15.774 E2135.86652
G1 X99.5 Y32.533 E2136.70263
G0 F9000 X99.9 Y32.933
;TYPE:WALL-OUTER
G1 F1365.8 X95.3 Y32.933 E2136.93213
G1 X95.3 Y15.374 E2137.80815
G1 X99.9 Y15.374 E2138.03765
G1 X99.9 Y32.933 E2138.91367
G0 F9000 X99.7 Y32.933
G0 X99.46 Y32.493
G0 X99.11 Y32.143
;TYPE:SKIN
G1 F1365.8 X96.09 Y32.143 E2139.06434
G1 X96.09 Y31.187 E2139.11203
G1 X99.11 Y31.187 E2139.2627
G1 X99.11 Y32.143 E2139.3104
G0 F9000 X98.948 Y31.724
G1 F1365.8 X98.69 Y31.983 E2139.32863
G0 F9000 X98.124 Y31.983
G1 F1365.8 X98.76 Y31.346 E2139.37354
G0 F9000 X98.195 Y31.346
G1 F1365.8 X97.558 Y31.983 E2139.41849
G0 F9000 X96.993 Y31.983
G1 F1365.8 X97.629 Y31.346 E2139.4634
G0 F9000 X97.063 Y31.346
G1 F1365.8 X96.427 Y31.983 E2139.5083
G0 F9000 X96.249 Y31.595
G1 F1365.8 X96.498 Y31.346 E2139.52587
G0 F9000 X96.498 Y30.597
G1 F1500 E2133.02587
G0 F9000 X95.52 Y29.521
G0 X94.435 Y29.521
G0 X90.565 Y29.521
G0 X89.48 Y29.521
G0 X89.219 Y29.521
;TYPE:FILL
G1 F1500 E2139.52587
G1 F5463 X85.579 Y25.88 E2139.78273
G0 F9000 X85.579 Y23.809
G1 F5463 X89.219 Y20.17 E2140.03952
G0 F9000 X89.219 Y18.207
G1 F5463 X86.865 Y15.854 E2140.20557
G0 F9000 X87.878 Y15.854
G1 F5463 X85.579 Y18.152 E2140.36774
G0 F9000 X85.579 Y20.223
G1 F5463 X89.219 Y23.864 E2140.6246
G0 F9000 X89.219 Y25.827
G1 F5463 X85.579 Y29.466 E2140.88138
G0 F9000 X89.118 Y30.969
G0 X89.3 Y32.533
;TYPE:WALL-INNER
G1 F1365.8 X85.5 Y32.533 E2141.07097
G1 X85.5 Y15.774 E2141.90707
G1 X89.3 Y15.774 E2142.09666
G1 X89.3 Y32.533 E2142.93277
G0 F9000 X89.7 Y32.933
;TYPE:WALL-OUTER
G1 F1365.8 X85.1 Y32.933 E2143.16226
G1 X85.1 Y15.374 E2144.03828
G1 X89.7 Y15.374 E2144.26778
G1 X89.7 Y32.933 E2145.1438
G0 F9000 X89.5 Y32.933
G0 X89.26 Y32.493
G0 X88.91 Y32.143
;TYPE:SKIN
G1 F1365.8 X85.89 Y32.143 E2145.29447
G1 X85.89 Y31.187 E2145.34217
G1 X88.91 Y31.187 E2145.49283
G1 X88.91 Y32.143 E2145.54053
G0 F9000 X88.749 Y31.741
G1 F1365.8 X88.507 Y31.983 E2145.5576
G0 F9000 X87.942 Y31.983
G1 F1365.8 X88.578 Y31.346 E2145.60251
G0 F9000 X88.012 Y31.346
G1 F1365.8 X87.376 Y31.983 E2145.64742
G0 F9000 X86.81 Y31.983
G1 F1365.8 X87.447 Y31.346 E2145.69236
G0 F9000 X86.881 Y31.346
G1 F1365.8 X86.245 Y31.983 E2145.73727
G0 F9000 X86.049 Y31.613
G1 F1365.8 X86.315 Y31.346 E2145.75608
G0 F9000 X86.315 Y30.597
G1 F1500 E2139.25608
;MESH:NONMESH
G0 F300 X86.315 Y30.597 Z3.9
G0 F9000 X89.48 Y19.11
G0 X90.565 Y19.11
G0 X94.435 Y19.11
G0 X95.52 Y19.11
G0 X95.779 Y19.11
;TIME_ELAPSED:1955.382161
;LAYER:12
;TYPE:FILL
;MESH:realsense_camera_clamp-Body.stl
G1 F1500 E2145.75608
G1 F5215.6 X99.419 Y22.751 E2146.01293
G0 F9000 X99.419 Y21.283
G1 F5215.6 X95.779 Y24.923 E2146.26975
G1 X95.779 Y24.767
G1 X99.419 Y28.408 E2146.52661
G0 F9000 X99.419 Y26.94
G1 F5215.6 X95.779 Y30.58 E2146.78343
G1 X95.779 Y30.423
G1 X96.172 Y30.817 E2146.8112
G0 F9000 X96.172 Y30.597
G0 X95.779 Y19.266
G1 F5215.6 X99.192 Y15.854 E2147.05197
G0 F9000 X98.179 Y15.854
G1 F5215.6 X99.419 Y17.094 E2147.13946
G0 F9000 X99.5 Y31.999
;TYPE:WALL-INNER
G1 F1303.9 X95.7 Y31.999 E2147.32904
G1 X95.7 Y15.774 E2148.13851
G1 X99.5 Y15.774 E2148.32809
G1 X99.5 Y31.999 E2149.13756
G0 F9000 X99.9 Y32.399
;TYPE:WALL-OUTER
G1 F1303.9 X95.3 Y32.399 E2149.36705
G1 X95.3 Y15.374 E2150.21643
G1 X99.9 Y15.374 E2150.44593
G1 X99.9 Y32.399 E2151.29531
G0 F9000 X99.7 Y32.399
G0 X99.46 Y31.959
G0 X99.11 Y31.609
;TYPE:SKIN
G1 F1303.9 X96.09 Y31.609 E2151.44598
G1 X96.09 Y30.887 E2151.482
G1 X99.11 Y30.887 E2151.63267
G1 X99.11 Y31.609 E2151.66869
G0 F9000 X98.765 Y31.448
G1 F1303.9 X98.363 Y31.046 E2151.69705
G0 F9000 X98.199 Y31.448
G1 F1303.9 X97.797 Y31.046 E2151.72541
G0 F9000 X97.633 Y31.448
G1 F1303.9 X97.232 Y31.046 E2151.75374
G0 F9000 X97.068 Y31.448
G1 F1303.9 X96.666 Y31.046 E2151.78211
G0 F9000 X96.502 Y31.448
G1 F1303.9 X96.249 Y31.195 E2151.79996
G0 F9000 X95.9 Y31.195
G1 F1500 E2145.29996
G0 F9000 X95.81 Y31.195
G0 X95.52 Y29.521
G0 X94.435 Y29.521
G0 X90.565 Y29.521
G0 X89.48 Y29.521
G0 X89.219 Y29.521
;TYPE:FILL
G1 F1500 E2151.79996
G1 F5215.6 X85.579 Y25.88 E2152.05681
G0 F9000 X85.579 Y23.809
G1 F5215.6 X89.219 Y20.17 E2152.3136
G0 F9000 X89.219 Y18.207
G1 F5215.6 X86.865 Y15.854 E2152.47965
G0 F9000 X87.878 Y15.854
G1 F5215.6 X85.579 Y18.152 E2152.64182
G0 F9000 X85.579 Y20.223
G1 F5215.6 X89.219 Y23.864 E2152.89868
G0 F9000 X89.219 Y25.827
G1 F5215.6 X85.579 Y29.466 E2153.15547
G0 F9000 X89.118 Y30.669
G0 X89.3 Y31.999
;TYPE:WALL-INNER
G1 F1303.9 X85.5 Y31.999 E2153.34505
G1 X85.5 Y15.774 E2154.15452
G1 X89.3 Y15.774 E2154.3441
G1 X89.3 Y31.999 E2155.15357
G0 F9000 X89.7 Y32.399
;TYPE:WALL-OUTER
G1 F1303.9 X85.1 Y32.399 E2155.38306
G1 X85.1 Y15.374 E2156.23244
G1 X89.7 Y15.374 E2156.46194
G1 X89.7 Y32.399 E2157.31132
G0 F9000 X89.5 Y32.399
G0 X89.26 Y31.959
G0 X88.91 Y31.609
;TYPE:SKIN
G1 F1303.9 X85.89 Y31.609 E2157.46199
G1 X85.89 Y30.887 E2157.49801
G1 X88.91 Y30.887 E2157.64868
G1 X88.91 Y31.609 E2157.6847
G0 F9000 X88.583 Y31.449
G1 F1303.9 X88.181 Y31.047 E2157.71306
G0 F9000 X88.017 Y31.449
G1 F1303.9 X87.616 Y31.047 E2157.74139
G0 F9000 X87.452 Y31.449
G1 F1303.9 X87.05 Y31.047 E2157.76975
G0 F9000 X86.886 Y31.449
G1 F1303.9 X86.484 Y31.047 E2157.79812
G0 F9000 X86.32 Y31.449
G1 F1303.9 X86.049 Y31.177 E2157.81727
G0 F9000 X85.7 Y31.177
G1 F1500 E2151.31727
;MESH:NONMESH
G0 F300 X85.7 Y31.177 Z4.2
G0 F9000 X85.61 Y31.177
G0 X85.667 Y30.766
G0 X89.48 Y19.11
G0 X90.565 Y19.11
G0 X94.435 Y19.11
G0 X95.52 Y19.11
G0 X95.779 Y19.11
;TIME_ELAPSED:1971.005924
;LAYER:13
;TYPE:FILL
;MESH:realsense_camera_clamp-Body.stl
G1 F1500 E2157.81727
G1 F4586 X99.419 Y22.751 E2158.07413
G0 F9000 X99.419 Y21.283
G1 F4586 X95.779 Y24.923 E2158.33095
G1 X95.779 Y24.767
G1 X99.419 Y28.408 E2158.58781
G0 F9000 X99.419 Y26.94
G1 F4586 X95.779 Y30.58 E2158.84463
G1 X95.779 Y30.423
G1 X96.795 Y31.44 E2158.91635
G0 F9000 X95.779 Y19.266
G1 F4586 X99.192 Y15.854 E2159.15712
G0 F9000 X98.179 Y15.854
G1 F4586 X99.419 Y17.094 E2159.24461
G0 F9000 X99.5 Y31.521
;TYPE:WALL-INNER
G1 F1146.5 X95.7 Y31.521 E2159.43419
G1 X95.7 Y15.774 E2160.21981
G1 X99.5 Y15.774 E2160.40939
G1 X99.5 Y31.521 E2161.19502
G0 F9000 X99.9 Y31.921
;TYPE:WALL-OUTER
G1 F1146.5 X95.3 Y31.921 E2161.42451
G1 X95.3 Y15.374 E2162.25004
G1 X99.9 Y15.374 E2162.47954
G1 X99.9 Y31.921 E2163.30507
G0 F9000 X99.7 Y31.921
G0 X99.46 Y31.481
G0 X99.3 Y31.321
G1 F1500 E2156.80507
G0 F9000 X95.52 Y29.521
G0 X94.435 Y29.521
G0 X90.565 Y29.521
G0 X89.48 Y29.521
G0 X89.219 Y29.521
;TYPE:FILL
G1 F1500 E2163.30507
G1 F4586 X85.579 Y25.88 E2163.56193
G0 F9000 X85.579 Y23.809
G1 F4586 X89.219 Y20.17 E2163.81871
G0 F9000 X89.219 Y18.207
G1 F4586 X86.865 Y15.854 E2163.98477
G0 F9000 X87.878 Y15.854
G1 F4586 X85.579 Y18.152 E2164.14694
G0 F9000 X85.579 Y20.223
G1 F4586 X89.219 Y23.864 E2164.4038
G0 F9000 X89.219 Y25.827
G1 F4586 X85.579 Y29.466 E2164.66058
G0 F9000 X89.3 Y31.521
;TYPE:WALL-INNER
G1 F1146.5 X85.5 Y31.521 E2164.85016
G1 X85.5 Y15.774 E2165.63579
G1 X89.3 Y15.774 E2165.82537
G1 X89.3 Y31.521 E2166.61099
G0 F9000 X89.7 Y31.921
;TYPE:WALL-OUTER
G1 F1146.5 X85.1 Y31.921 E2166.84048
G1 X85.1 Y15.374 E2167.66602
G1 X89.7 Y15.374 E2167.89551
G1 X89.7 Y31.921 E2168.72105
G0 F9000 X89.5 Y31.921
G0 X89.26 Y31.481
G0 X89.1 Y31.321
G1 F1500 E2162.22105
;MESH:NONMESH
G0 F300 X89.1 Y31.321 Z4.5
G0 F9000 X89.48 Y19.11
G0 X90.565 Y19.11
G0 X94.435 Y19.11
G0 X95.52 Y19.11
G0 X95.779 Y19.11
;TIME_ELAPSED:1985.551683
;LAYER:14
;TYPE:FILL
;MESH:realsense_camera_clamp-Body.stl
G1 F1500 E2168.72105
G1 F4506.8 X99.419 Y22.751 E2168.9779
G0 F9000 X99.419 Y21.283
G1 F4506.8 X95.779 Y24.923 E2169.23472
G1 X95.779 Y24.767
G1 X99.419 Y28.408 E2169.49158
G0 F9000 X99.419 Y26.94
G1 F4506.8 X95.779 Y30.58 E2169.7484
G1 X95.779 Y30.423
G1 X96.471 Y31.116 E2169.79726
G0 F9000 X95.779 Y19.266
G1 F4506.8 X99.192 Y15.854 E2170.03803
G0 F9000 X98.179 Y15.854
G1 F4506.8 X99.419 Y17.094 E2170.12552
G0 F9000 X99.5 Y31.197
;TYPE:WALL-INNER
G1 F1126.7 X95.7 Y31.197 E2170.3151
G1 X95.7 Y15.774 E2171.08456
G1 X99.5 Y15.774 E2171.27414
G1 X99.5 Y31.197 E2172.0436
G0 F9000 X99.9 Y31.597
;TYPE:WALL-OUTER
G1 F1126.7 X95.3 Y31.597 E2172.2731
G1 X95.3 Y15.374 E2173.08246
G1 X99.9 Y15.374 E2173.31196
G1 X99.9 Y31.597 E2174.12133
G0 F9000 X99.7 Y31.597
G0 X99.46 Y31.157
G0 X99.3 Y30.997
G1 F1500 E2167.62133
G0 F9000 X95.52 Y29.521
G0 X94.435 Y29.521
G0 X90.565 Y29.521
G0 X89.48 Y29.521
G0 X89.219 Y29.521
;TYPE:FILL
G1 F1500 E2174.12133
G1 F4506.8 X85.579 Y25.88 E2174.37818
G0 F9000 X85.579 Y23.809
G1 F4506.8 X89.219 Y20.17 E2174.63497
G0 F9000 X89.219 Y18.207
G1 F4506.8 X86.865 Y15.854 E2174.80102
G0 F9000 X87.878 Y15.854
G1 F4506.8 X85.579 Y18.152 E2174.96319
G0 F9000 X85.579 Y20.223
G1 F4506.8 X89.219 Y23.864 E2175.22005
G0 F9000 X89.219 Y25.827
G1 F4506.8 X85.579 Y29.466 E2175.47684
G0 F9000 X89.3 Y31.197
;TYPE:WALL-INNER
G1 F1126.7 X85.5 Y31.197 E2175.66642
G1 X85.5 Y15.774 E2176.43588
G1 X89.3 Y15.774 E2176.62546
G1 X89.3 Y31.197 E2177.39492
G0 F9000 X89.7 Y31.597
;TYPE:WALL-OUTER
G1 F1126.7 X85.1 Y31.597 E2177.62441
G1 X85.1 Y15.374 E2178.43378
G1 X89.7 Y15.374 E2178.66328
G1 X89.7 Y31.597 E2179.47264
G0 F9000 X89.5 Y31.597
G0 X89.26 Y31.157
G0 X89.1 Y30.997
G1 F1500 E2172.97264
;MESH:NONMESH
G0 F300 X89.1 Y30.997 Z4.8
G0 F9000 X89.48 Y19.11
G0 X90.565 Y19.11
G0 X94.435 Y19.11
G0 X95.52 Y19.11
G0 X95.779 Y19.11
;TIME_ELAPSED:2000.057555
;LAYER:15
;TYPE:FILL
;MESH:realsense_camera_clamp-Body.stl
G1 F1500 E2179.47264
G1 F4438.4 X99.419 Y22.751 E2179.7295
G0 F9000 X99.419 Y21.283
G1 F4438.4 X95.779 Y24.923 E2179.98632
G1 X95.779 Y24.767
G1 X99.419 Y28.408 E2180.24318
G0 F9000 X99.419 Y26.94
G1 F4438.4 X95.779 Y30.58 E2180.5
G1 X95.779 Y30.423
G1 X96.172 Y30.817 E2180.52776
G0 F9000 X95.779 Y19.266
G1 F4438.4 X99.192 Y15.854 E2180.76854
G0 F9000 X98.179 Y15.854
G1 F4438.4 X99.419 Y17.094 E2180.85602
G0 F9000 X99.5 Y30.897
;TYPE:WALL-INNER
G1 F1109.6 X95.7 Y30.897 E2181.04561
G1 X95.7 Y15.774 E2181.8001
G1 X99.5 Y15.774 E2181.98968
G1 X99.5 Y30.897 E2182.74417
G0 F9000 X99.9 Y31.297
;TYPE:WALL-OUTER
G1 F1109.6 X95.3 Y31.297 E2182.97366
G1 X95.3 Y15.374 E2183.76807
G1 X99.9 Y15.374 E2183.99756
G1 X99.9 Y31.297 E2184.79196
G0 F9000 X99.7 Y31.297
G0 X99.46 Y30.857
G0 X99.3 Y30.697
G1 F1500 E2178.29196
G0 F9000 X95.52 Y29.521
G0 X94.435 Y29.521
G0 X90.565 Y29.521
G0 X89.48 Y29.521
G0 X89.219 Y29.521
;TYPE:FILL
G1 F1500 E2184.79196
G1 F4438.4 X85.579 Y25.88 E2185.04882
G0 F9000 X85.579 Y23.809
G1 F4438.4 X89.219 Y20.17 E2185.3056
G0 F9000 X89.219 Y18.207
G1 F4438.4 X86.865 Y15.854 E2185.47166
G0 F9000 X87.878 Y15.854
G1 F4438.4 X85.579 Y18.152 E2185.63383
G0 F9000 X85.579 Y20.223
G1 F4438.4 X89.219 Y23.864 E2185.89069
G0 F9000 X89.219 Y25.827
G1 F4438.4 X85.579 Y29.466 E2186.14747
G0 F9000 X89.3 Y30.897
;TYPE:WALL-INNER
G1 F1109.6 X85.5 Y30.897 E2186.33705
G1 X85.5 Y15.774 E2187.09154
G1 X89.3 Y15.774 E2187.28113
G1 X89.3 Y30.897 E2188.03562
G0 F9000 X89.7 Y31.297
;TYPE:WALL-OUTER
G1 F1109.6 X85.1 Y31.297 E2188.26511
G1 X85.1 Y15.374 E2189.05951
G1 X89.7 Y15.374 E2189.28901
G1 X89.7 Y31.297 E2190.08341
G0 F9000 X89.5 Y31.297
G0 X89.26 Y30.857
G0 X89.1 Y30.697
G1 F1500 E2183.58341
;MESH:NONMESH
G0 F300 X89.1 Y30.697 Z5.1
G0 F9000 X89.48 Y19.11
G0 X90.565 Y19.11
G0 X94.435 Y19.11
G0 X95.52 Y19.11
G0 X95.779 Y19.11
;TIME_ELAPSED:2014.512157
;LAYER:16
;TYPE:FILL
;MESH:realsense_camera_clamp-Body.stl
G1 F1500 E2190.08341
G1 F4374.7 X99.419 Y22.751 E2190.34027
G0 F9000 X99.419 Y21.283
G1 F4374.7 X95.779 Y24.923 E2190.59709
G1 X95.779 Y24.767
G1 X99.419 Y28.408 E2190.85395
G0 F9000 X99.419 Y26.94
G1 F4374.7 X95.817 Y30.542 E2191.10809
G1 X95.897 Y30.542
G1 X95.779 Y30.424 E2191.11641
G0 F9000 X95.779 Y19.266
G1 F4374.7 X99.192 Y15.854 E2191.35718
G0 F9000 X98.179 Y15.854
G1 F4374.7 X99.419 Y17.094 E2191.44467
G0 F9000 X99.5 Y30.622
;TYPE:WALL-INNER
G1 F1093.7 X95.7 Y30.622 E2191.63425
G1 X95.7 Y15.774 E2192.37502
G1 X99.5 Y15.774 E2192.56461
G1 X99.5 Y30.622 E2193.30538
G0 F9000 X99.9 Y31.022
;TYPE:WALL-OUTER
G1 F1093.7 X95.3 Y31.022 E2193.53487
G1 X95.3 Y15.374 E2194.31555
G1 X99.9 Y15.374 E2194.54505
G1 X99.9 Y31.022 E2195.32573
G0 F9000 X99.7 Y31.022
G0 X99.46 Y30.582
G0 X99.3 Y30.422
G1 F1500 E2188.82573
G0 F9000 X95.52 Y29.521
G0 X94.435 Y29.521
G0 X90.565 Y29.521
G0 X89.48 Y29.521
G0 X89.219 Y29.521
;TYPE:FILL
G1 F1500 E2195.32573
G1 F4374.7 X85.579 Y25.88 E2195.58259
G0 F9000 X85.579 Y23.81
G1 F4374.7 X89.219 Y20.17 E2195.83941
G0 F9000 X89.219 Y18.207
G1 F4374.7 X86.865 Y15.854 E2196.00546
G0 F9000 X87.878 Y15.854
G1 F4374.7 X85.579 Y18.153 E2196.16767
G0 F9000 X85.579 Y20.223
G1 F4374.7 X89.219 Y23.864 E2196.42452
G0 F9000 X89.219 Y25.827
G1 F4374.7 X85.579 Y29.467 E2196.68135
G0 F9000 X89.3 Y30.622
;TYPE:WALL-INNER
G1 F1093.7 X85.5 Y30.622 E2196.87093
G1 X85.5 Y15.774 E2197.6117
G1 X89.3 Y15.774 E2197.80128
G1 X89.3 Y30.622 E2198.54205
G0 F9000 X89.7 Y31.022
;TYPE:WALL-OUTER
G1 F1093.7 X85.1 Y31.022 E2198.77155
G1 X85.1 Y15.374 E2199.55223
G1 X89.7 Y15.374 E2199.78172
G1 X89.7 Y31.022 E2200.5624
G0 F9000 X89.5 Y31.022
G0 X89.26 Y30.582
G0 X89.1 Y30.422
G1 F1500 E2194.0624
;MESH:NONMESH
G0 F300 X89.1 Y30.422 Z5.4
G0 F9000 X89.48 Y19.11
G0 X90.565 Y19.11
G0 X94.435 Y19.11
G0 X95.52 Y19.11
G0 X95.779 Y19.11
;TIME_ELAPSED:2028.888119
;LAYER:17
;TYPE:FILL
;MESH:realsense_camera_clamp-Body.stl
G1 F1500 E2200.5624
G1 F4330.7 X99.419 Y22.751 E2200.81926
G0 F9000 X99.419 Y21.283
G1 F4330.7 X95.779 Y24.923 E2201.07608
G1 X95.779 Y24.767
G1 X99.419 Y28.408 E2201.33294
G0 F9000 X99.419 Y26.94
G1 F4330.7 X96.006 Y30.353 E2201.57375
G0 F9000 X95.779 Y19.266
G1 F4330.7 X99.192 Y15.854 E2201.81452
G0 F9000 X98.179 Y15.854
G1 F4330.7 X99.419 Y17.094 E2201.902
G0 F9000 X99.5 Y30.434
;TYPE:WALL-INNER
G1 F1082.7 X95.7 Y30.434 E2202.09159
G1 X95.7 Y15.774 E2202.82298
G1 X99.5 Y15.774 E2203.01256
G1 X99.5 Y30.434 E2203.74395
G0 F9000 X99.9 Y30.834
;TYPE:WALL-OUTER
G1 F1082.7 X95.3 Y30.834 E2203.97345
G1 X95.3 Y15.374 E2204.74475
G1 X99.9 Y15.374 E2204.97424
G1 X99.9 Y30.834 E2205.74555
G0 F9000 X99.7 Y30.834
G0 X99.46 Y30.394
G0 X99.3 Y30.234
G1 F1500 E2199.24555
G0 F9000 X95.52 Y29.521
G0 X94.435 Y29.521
G0 X90.565 Y29.521
G0 X89.48 Y29.521
G0 X89.219 Y29.521
;TYPE:FILL
G1 F1500 E2205.74555
G1 F4330.7 X85.579 Y25.88 E2206.0024
G0 F9000 X85.579 Y23.81
G1 F4330.7 X89.219 Y20.17 E2206.25922
G0 F9000 X89.219 Y18.207
G1 F4330.7 X86.865 Y15.854 E2206.42528
G0 F9000 X87.878 Y15.854
G1 F4330.7 X85.579 Y18.153 E2206.58748
G0 F9000 X85.579 Y20.223
G1 F4330.7 X89.219 Y23.864 E2206.84434
G0 F9000 X89.219 Y25.827
G1 F4330.7 X85.579 Y29.467 E2207.10116
G0 F9000 X89.3 Y30.434
;TYPE:WALL-INNER
G1 F1082.7 X85.5 Y30.434 E2207.29074
G1 X85.5 Y15.774 E2208.02213
G1 X89.3 Y15.774 E2208.21172
G1 X89.3 Y30.434 E2208.94311
G0 F9000 X89.7 Y30.834
;TYPE:WALL-OUTER
G1 F1082.7 X85.1 Y30.834 E2209.1726
G1 X85.1 Y15.374 E2209.94391
G1 X89.7 Y15.374 E2210.1734
G1 X89.7 Y30.834 E2210.9447
G0 F9000 X89.5 Y30.834
G0 X89.26 Y30.394
G0 X89.1 Y30.234
G1 F1500 E2204.4447
;MESH:NONMESH
G0 F300 X89.1 Y30.234 Z5.7
G0 F9000 X89.48 Y19.11
G0 X90.565 Y19.11
G0 X94.435 Y19.11
G0 X95.52 Y19.11
G0 X95.779 Y19.11
;TIME_ELAPSED:2043.221929
;LAYER:18
;TYPE:FILL
;MESH:realsense_camera_clamp-Body.stl
G1 F1500 E2210.9447
G1 F4288 X99.419 Y22.751 E2211.20156
G0 F9000 X99.419 Y21.283
G1 F4288 X95.779 Y24.923 E2211.45838
G1 X95.779 Y24.767
G1 X99.419 Y28.408 E2211.71524
G0 F9000 X99.419 Y26.94
G1 F4288 X96.194 Y30.165 E2211.94278
G0 F9000 X95.779 Y19.266
G1 F4288 X99.192 Y15.854 E2212.18355
G0 F9000 X98.179 Y15.854
G1 F4288 X99.419 Y17.094 E2212.27104
G0 F9000 X99.5 Y30.245
;TYPE:WALL-INNER
G1 F1072 X95.7 Y30.245 E2212.46062
G1 X95.7 Y15.774 E2213.18258
G1 X99.5 Y15.774 E2213.37217
G1 X99.5 Y30.245 E2214.09413
G0 F9000 X99.9 Y30.645
;TYPE:WALL-OUTER
G1 F1072 X95.3 Y30.645 E2214.32362
G1 X95.3 Y15.374 E2215.08549
G1 X99.9 Y15.374 E2215.31499
G1 X99.9 Y30.645 E2216.07686
G0 F9000 X99.7 Y30.645
G0 X99.46 Y30.205
G0 X99.3 Y30.045
G1 F1500 E2209.57686
G0 F9000 X95.52 Y29.521
G0 X94.435 Y29.521
G0 X90.565 Y29.521
G0 X89.48 Y29.521
G0 X89.219 Y29.521
;TYPE:FILL
G1 F1500 E2216.07686
G1 F4288 X85.579 Y25.88 E2216.33372
G0 F9000 X85.579 Y23.809
G1 F4288 X89.219 Y20.17 E2216.59051
G0 F9000 X89.219 Y18.207
G1 F4288 X86.865 Y15.854 E2216.75656
G0 F9000 X87.878 Y15.854
G1 F4288 X85.579 Y18.152 E2216.91873
G0 F9000 X85.579 Y20.223
G1 F4288 X89.219 Y23.864 E2217.17559
G0 F9000 X89.219 Y25.827
G1 F4288 X85.579 Y29.466 E2217.43237
G0 F9000 X89.3 Y30.245
;TYPE:WALL-INNER
G1 F1072 X85.5 Y30.245 E2217.62196
G1 X85.5 Y15.774 E2218.34392
G1 X89.3 Y15.774 E2218.5335
G1 X89.3 Y30.245 E2219.25546
G0 F9000 X89.7 Y30.645
;TYPE:WALL-OUTER
G1 F1072 X85.1 Y30.645 E2219.48496
G1 X85.1 Y15.374 E2220.24683
G1 X89.7 Y15.374 E2220.47632
G1 X89.7 Y30.645 E2221.2382
G0 F9000 X89.5 Y30.645
G0 X89.26 Y30.205
G0 X89.1 Y30.045
G1 F1500 E2214.7382
;MESH:NONMESH
G0 F300 X89.1 Y30.045 Z6
G0 F9000 X89.48 Y19.11
G0 X90.565 Y19.11
G0 X94.435 Y19.11
G0 X95.52 Y19.11
G0 X95.779 Y19.11
;TIME_ELAPSED:2057.535651
;LAYER:19
;TYPE:FILL
;MESH:realsense_camera_clamp-Body.stl
G1 F1500 E2221.2382
G1 F4246.8 X99.419 Y22.751 E2221.49505
G0 F9000 X99.419 Y21.283
G1 F4246.8 X95.779 Y24.923 E2221.75188
G1 X95.779 Y24.767
G1 X99.419 Y28.408 E2222.00873
G0 F9000 X99.419 Y26.94
G1 F4246.8 X96.377 Y29.982 E2222.22336
G0 F9000 X95.779 Y19.266
G1 F4246.8 X99.192 Y15.854 E2222.46413
G0 F9000 X98.179 Y15.854
G1 F4246.8 X99.419 Y17.094 E2222.55162
G0 F9000 X99.5 Y30.062
;TYPE:WALL-INNER
G1 F1061.7 X95.7 Y30.062 E2222.7412
G1 X95.7 Y15.774 E2223.45404
G1 X99.5 Y15.774 E2223.64362
G1 X99.5 Y30.062 E2224.35645
G0 F9000 X99.9 Y30.462
;TYPE:WALL-OUTER
G1 F1061.7 X95.3 Y30.462 E2224.58594
G1 X95.3 Y15.374 E2225.33869
G1 X99.9 Y15.374 E2225.56818
G1 X99.9 Y30.462 E2226.32093
G0 F9000 X99.7 Y30.462
G0 X99.46 Y30.022
G0 X99.3 Y29.862
G1 F1500 E2219.82093
G0 F9000 X95.52 Y29.521
G0 X94.435 Y29.521
G0 X90.565 Y29.521
G0 X89.48 Y29.521
G0 X89.219 Y29.521
;TYPE:FILL
G1 F1500 E2226.32093
G1 F4246.8 X85.579 Y25.88 E2226.57778
G0 F9000 X85.579 Y23.81
G1 F4246.8 X89.219 Y20.17 E2226.8346
G0 F9000 X89.219 Y18.207
G1 F4246.8 X86.865 Y15.854 E2227.00066
G0 F9000 X87.878 Y15.854
G1 F4246.8 X85.579 Y18.153 E2227.16286
G0 F9000 X85.579 Y20.223
G1 F4246.8 X89.219 Y23.864 E2227.41972
G0 F9000 X89.219 Y25.827
G1 F4246.8 X85.579 Y29.467 E2227.67654
G0 F9000 X89.3 Y30.062
;TYPE:WALL-INNER
G1 F1061.7 X85.5 Y30.062 E2227.86612
G1 X85.5 Y15.774 E2228.57896
G1 X89.3 Y15.774 E2228.76854
G1 X89.3 Y30.062 E2229.48137
G0 F9000 X89.7 Y30.462
;TYPE:WALL-OUTER
G1 F1061.7 X85.1 Y30.462 E2229.71087
G1 X85.1 Y15.374 E2230.46361
G1 X89.7 Y15.374 E2230.6931
G1 X89.7 Y30.462 E2231.44585
G0 F9000 X89.5 Y30.462
G0 X89.26 Y30.022
G0 X89.1 Y29.862
G1 F1500 E2224.94585
;MESH:NONMESH
G0 F300 X89.1 Y29.862 Z6.3
G0 F9000 X89.48 Y19.11
G0 X90.565 Y19.11
G0 X94.435 Y19.11
G0 X95.52 Y19.11
G0 X95.779 Y19.11
;TIME_ELAPSED:2071.833395
;LAYER:20
;TYPE:FILL
;MESH:realsense_camera_clamp-Body.stl
G1 F1500 E2231.44585
G1 F4223 X99.419 Y22.751 E2231.7027
G0 F9000 X99.419 Y21.283
G1 F4223 X95.779 Y24.923 E2231.95953
G1 X95.779 Y24.767
G1 X99.419 Y28.408 E2232.21638
G0 F9000 X99.419 Y26.94
G1 F4223 X96.483 Y29.876 E2232.42353
G0 F9000 X95.779 Y19.266
G1 F4223 X99.192 Y15.854 E2232.6643
G0 F9000 X98.179 Y15.854
G1 F4223 X99.419 Y17.094 E2232.75179
G0 F9000 X99.5 Y29.957
;TYPE:WALL-INNER
G1 F1055.8 X95.7 Y29.957 E2232.94137
G1 X95.7 Y15.774 E2233.64897
G1 X99.5 Y15.774 E2233.83855
G1 X99.5 Y29.957 E2234.54614
G0 F9000 X99.9 Y30.357
;TYPE:WALL-OUTER
G1 F1055.8 X95.3 Y30.357 E2234.77564
G1 X95.3 Y15.374 E2235.52314
G1 X99.9 Y15.374 E2235.75264
G1 X99.9 Y30.357 E2236.50014
G0 F9000 X99.7 Y30.357
G0 X99.46 Y29.917
G0 X99.3 Y29.757
G1 F1500 E2230.00014
G0 F9000 X95.52 Y29.521
G0 X94.435 Y29.521
G0 X90.565 Y29.521
G0 X89.48 Y29.521
G0 X89.219 Y29.521
;TYPE:FILL
G1 F1500 E2236.50014
G1 F4223 X85.579 Y25.88 E2236.757
G0 F9000 X85.579 Y23.81
G1 F4223 X89.219 Y20.17 E2237.01382
G0 F9000 X89.219 Y18.207
G1 F4223 X86.865 Y15.854 E2237.17987
G0 F9000 X87.878 Y15.854
G1 F4223 X85.579 Y18.153 E2237.34208
G0 F9000 X85.579 Y20.223
G1 F4223 X89.219 Y23.864 E2237.59894
G0 F9000 X89.219 Y25.827
G1 F4223 X85.579 Y29.467 E2237.85576
G0 F9000 X89.3 Y29.957
;TYPE:WALL-INNER
G1 F1055.8 X85.5 Y29.957 E2238.04534
G1 X85.5 Y15.774 E2238.75293
G1 X89.3 Y15.774 E2238.94252
G1 X89.3 Y29.957 E2239.65011
G0 F9000 X89.7 Y30.357
;TYPE:WALL-OUTER
G1 F1055.8 X85.1 Y30.357 E2239.8796
G1 X85.1 Y15.374 E2240.62711
G1 X89.7 Y15.374 E2240.8566
G1 X89.7 Y30.357 E2241.60411
G0 F9000 X89.5 Y30.357
G0 X89.26 Y29.917
G0 X89.1 Y29.757
G1 F1500 E2235.10411
;MESH:NONMESH
G0 F300 X89.1 Y29.757 Z6.6
G0 F9000 X89.48 Y19.11
G0 X90.565 Y19.11
G0 X94.435 Y19.11
G0 X95.52 Y19.11
G0 X95.779 Y19.11
;TIME_ELAPSED:2086.122331
;LAYER:21
;TYPE:FILL
;MESH:realsense_camera_clamp-Body.stl
G1 F1500 E2241.60411
G1 F4199.4 X99.419 Y22.751 E2241.86097
G0 F9000 X99.419 Y21.283
G1 F4199.4 X95.779 Y24.923 E2242.11779
G1 X95.779 Y24.767
G1 X99.419 Y28.408 E2242.37465
G0 F9000 X99.419 Y26.94
G1 F4199.4 X96.587 Y29.772 E2242.57446
G0 F9000 X95.779 Y19.266
G1 F4199.4 X99.192 Y15.854 E2242.81523
G0 F9000 X98.179 Y15.854
G1 F4199.4 X99.419 Y17.094 E2242.90272
G0 F9000 X99.5 Y29.852
;TYPE:WALL-INNER
G1 F1049.9 X95.7 Y29.852 E2243.0923
G1 X95.7 Y15.774 E2243.79465
G1 X99.5 Y15.774 E2243.98424
G1 X99.5 Y29.852 E2244.68659
G0 F9000 X99.9 Y30.252
;TYPE:WALL-OUTER
G1 F1049.9 X95.3 Y30.252 E2244.91609
G1 X95.3 Y15.374 E2245.65835
G1 X99.9 Y15.374 E2245.88785
G1 X99.9 Y30.252 E2246.63011
G0 F9000 X99.7 Y30.252
G0 X99.46 Y29.812
G0 X99.3 Y29.652
G1 F1500 E2240.13011
G0 F9000 X95.52 Y29.521
G0 X94.435 Y29.521
G0 X90.565 Y29.521
G0 X89.48 Y29.521
G0 X89.219 Y29.521
;TYPE:FILL
G1 F1500 E2246.63011
G1 F4199.4 X85.579 Y25.88 E2246.88697
G0 F9000 X85.579 Y23.809
G1 F4199.4 X89.219 Y20.17 E2247.14376
G0 F9000 X89.219 Y18.207
G1 F4199.4 X86.865 Y15.854 E2247.30981
G0 F9000 X87.878 Y15.854
G1 F4199.4 X85.579 Y18.152 E2247.47198
G0 F9000 X85.579 Y20.223
G1 F4199.4 X89.219 Y23.864 E2247.72884
G0 F9000 X89.219 Y25.827
G1 F4199.4 X85.579 Y29.466 E2247.98562
G0 F9000 X89.3 Y29.852
;TYPE:WALL-INNER
G1 F1049.9 X85.5 Y29.852 E2248.17521
G1 X85.5 Y15.774 E2248.87756
G1 X89.3 Y15.774 E2249.06714
G1 X89.3 Y29.852 E2249.7695
G0 F9000 X89.7 Y30.252
;TYPE:WALL-OUTER
G1 F1049.9 X85.1 Y30.252 E2249.99899
G1 X85.1 Y15.374 E2250.74126
G1 X89.7 Y15.374 E2250.97075
G1 X89.7 Y30.252 E2251.71302
G0 F9000 X89.5 Y30.252
G0 X89.26 Y29.812
G0 X89.1 Y29.652
G1 F1500 E2245.21302
;MESH:NONMESH
G0 F300 X89.1 Y29.652 Z6.9
G0 F9000 X89.48 Y19.11
G0 X90.565 Y19.11
G0 X94.435 Y19.11
G0 X95.52 Y19.11
G0 X95.779 Y19.11
;TIME_ELAPSED:2100.402128
;LAYER:22
;TYPE:FILL
;MESH:realsense_camera_clamp-Body.stl
G1 F1500 E2251.71302
G1 F4175.9 X99.419 Y22.751 E2251.96988
G0 F9000 X99.419 Y21.283
G1 F4175.9 X95.779 Y24.923 E2252.2267
G1 X95.779 Y24.767
G1 X99.419 Y28.408 E2252.48356
G0 F9000 X99.419 Y26.94
G1 F4175.9 X96.692 Y29.667 E2252.67596
G0 F9000 X95.779 Y19.266
G1 F4175.9 X99.192 Y15.854 E2252.91673
G0 F9000 X98.179 Y15.854
G1 F4175.9 X99.419 Y17.094 E2253.00422
G0 F9000 X99.5 Y29.747
;TYPE:WALL-INNER
G1 F1044 X95.7 Y29.747 E2253.1938
G1 X95.7 Y15.774 E2253.89092
G1 X99.5 Y15.774 E2254.0805
G1 X99.5 Y29.747 E2254.77762
G0 F9000 X99.9 Y30.147
;TYPE:WALL-OUTER
G1 F1044 X95.3 Y30.147 E2255.00711
G1 X95.3 Y15.374 E2255.74414
G1 X99.9 Y15.374 E2255.97364
G1 X99.9 Y30.147 E2256.71066
G0 F9000 X99.7 Y30.147
G0 X99.46 Y29.707
G0 X99.3 Y29.547
G1 F1500 E2250.21066
G0 F9000 X95.52 Y29.521
G0 X94.435 Y29.521
G0 X90.565 Y29.521
G0 X89.48 Y29.521
G0 X89.219 Y29.521
;TYPE:FILL
G1 F1500 E2256.71066
G1 F4175.9 X85.579 Y25.88 E2256.96752
G0 F9000 X85.579 Y23.81
G1 F4175.9 X89.219 Y20.17 E2257.22434
G0 F9000 X89.219 Y18.207
G1 F4175.9 X86.865 Y15.854 E2257.39039
G0 F9000 X87.878 Y15.854
G1 F4175.9 X85.579 Y18.153 E2257.5526
G0 F9000 X85.579 Y20.223
G1 F4175.9 X89.219 Y23.864 E2257.80946
G0 F9000 X89.219 Y25.827
G1 F4175.9 X85.579 Y29.467 E2258.06628
G0 F9000 X89.3 Y29.747
;TYPE:WALL-INNER
G1 F1044 X85.5 Y29.747 E2258.25586
G1 X85.5 Y15.774 E2258.95298
G1 X89.3 Y15.774 E2259.14256
G1 X89.3 Y29.747 E2259.83968
G0 F9000 X89.7 Y30.147
;TYPE:WALL-OUTER
G1 F1044 X85.1 Y30.147 E2260.06917
G1 X85.1 Y15.374 E2260.8062
G1 X89.7 Y15.374 E2261.03569
G1 X89.7 Y30.147 E2261.77272
G0 F9000 X89.5 Y30.147
G0 X89.26 Y29.707
G0 X89.1 Y29.547
G1 F1500 E2255.27272
;MESH:NONMESH
G0 F300 X89.1 Y29.547 Z7.2
G0 F9000 X89.48 Y19.11
G0 X90.565 Y19.11
G0 X94.435 Y19.11
G0 X95.52 Y19.11
G0 X95.779 Y19.11
;TIME_ELAPSED:2114.672664
;LAYER:23
;TYPE:FILL
;MESH:realsense_camera_clamp-Body.stl
G1 F1500 E2261.77272
G1 F4161.2 X99.419 Y22.751 E2262.02958
G0 F9000 X99.419 Y21.283
G1 F4161.2 X95.779 Y24.923 E2262.2864
G1 X95.779 Y24.767
G1 X99.419 Y28.408 E2262.54326
G0 F9000 X99.419 Y26.94
G1 F4161.2 X96.758 Y29.601 E2262.73101
G0 F9000 X95.779 Y19.266
G1 F4161.2 X99.192 Y15.854 E2262.97178
G0 F9000 X98.179 Y15.854
G1 F4161.2 X99.419 Y17.094 E2263.05926
G0 F9000 X99.5 Y29.682
;TYPE:WALL-INNER
G1 F1040.3 X95.7 Y29.681 E2263.24885
G1 X95.7 Y15.774 E2263.94267
G1 X99.5 Y15.774 E2264.13225
G1 X99.5 Y29.682 E2264.82613
G0 F9000 X99.9 Y30.082
;TYPE:WALL-OUTER
G1 F1040.3 X95.3 Y30.081 E2265.05562
G1 X95.3 Y15.374 E2265.78936
G1 X99.9 Y15.374 E2266.01885
G1 X99.9 Y30.082 E2266.75264
G0 F9000 X99.7 Y30.082
G0 X99.46 Y29.642
G0 X99.3 Y29.482
G1 F1500 E2260.25264
G0 F9000 X95.52 Y29.521
G0 X94.435 Y29.521
G0 X90.565 Y29.521
G0 X89.48 Y29.521
G0 X89.219 Y29.521
;TYPE:FILL
G1 F1500 E2266.75264
G1 F4161.2 X85.579 Y25.88 E2267.00949
G0 F9000 X85.579 Y23.81
G1 F4161.2 X89.219 Y20.17 E2267.26631
G0 F9000 X89.219 Y18.207
G1 F4161.2 X86.865 Y15.854 E2267.43237
G0 F9000 X87.878 Y15.854
G1 F4161.2 X85.579 Y18.153 E2267.59457
G0 F9000 X85.579 Y20.223
G1 F4161.2 X89.219 Y23.864 E2267.85143
G0 F9000 X89.219 Y25.827
G1 F4161.2 X85.579 Y29.467 E2268.10825
G0 F9000 X89.3 Y29.682
;TYPE:WALL-INNER
G1 F1040.3 X85.5 Y29.682 E2268.29784
G1 X85.5 Y15.774 E2268.99171
G1 X89.3 Y15.774 E2269.18129
G1 X89.3 Y29.682 E2269.87516
G0 F9000 X89.7 Y30.082
;TYPE:WALL-OUTER
G1 F1040.3 X85.1 Y30.082 E2270.10466
G1 X85.1 Y15.374 E2270.83844
G1 X89.7 Y15.374 E2271.06794
G1 X89.7 Y30.082 E2271.80172
G0 F9000 X89.5 Y30.082
G0 X89.26 Y29.642
G0 X89.1 Y29.482
G1 F1500 E2265.30172
;MESH:NONMESH
G0 F300 X89.1 Y29.482 Z7.5
G0 F9000 X89.48 Y19.11
G0 X90.565 Y19.11
G0 X94.435 Y19.11
G0 X95.52 Y19.11
G0 X95.779 Y19.11
;TIME_ELAPSED:2128.937642
;LAYER:24
;TYPE:FILL
;MESH:realsense_camera_clamp-Body.stl
G1 F1500 E2271.80172
G1 F4153.5 X99.419 Y22.751 E2272.05858
G0 F9000 X99.419 Y21.283
G1 F4153.5 X95.779 Y24.923 E2272.3154
G1 X95.779 Y24.767
G1 X99.419 Y28.408 E2272.57226
G0 F9000 X99.419 Y26.94
G1 F4153.5 X96.792 Y29.567 E2272.75761
G0 F9000 X95.779 Y19.266
G1 F4153.5 X99.192 Y15.854 E2272.99838
G0 F9000 X98.179 Y15.854
G1 F4153.5 X99.419 Y17.094 E2273.08587
G0 F9000 X99.5 Y29.648
;TYPE:WALL-INNER
G1 F1038.4 X95.7 Y29.647 E2273.27545
G1 X95.7 Y15.774 E2273.96758
G1 X99.5 Y15.774 E2274.15716
G1 X99.5 Y29.648 E2274.84934
G0 F9000 X99.9 Y30.048
;TYPE:WALL-OUTER
G1 F1038.4 X95.3 Y30.047 E2275.07883
G1 X95.3 Y15.374 E2275.81087
G1 X99.9 Y15.374 E2276.04037
G1 X99.9 Y30.048 E2276.77245
G0 F9000 X99.7 Y30.048
G0 X99.46 Y29.608
G0 X99.3 Y29.448
G1 F1500 E2270.27245
G0 F9000 X95.52 Y29.521
G0 X94.435 Y29.521
G0 X90.565 Y29.521
G0 X89.48 Y29.521
G0 X89.219 Y29.521
;TYPE:FILL
G1 F1500 E2276.77245
G1 F4153.5 X85.579 Y25.88 E2277.02931
G0 F9000 X85.579 Y23.81
G1 F4153.5 X89.219 Y20.17 E2277.28613
G0 F9000 X89.219 Y18.207
G1 F4153.5 X86.865 Y15.854 E2277.45219
G0 F9000 X87.878 Y15.854
G1 F4153.5 X85.579 Y18.153 E2277.61439
G0 F9000 X85.579 Y20.223
G1 F4153.5 X89.219 Y23.864 E2277.87125
G0 F9000 X89.219 Y25.827
G1 F4153.5 X85.579 Y29.467 E2278.12807
G0 F9000 X89.3 Y29.648
;TYPE:WALL-INNER
G1 F1038.4 X85.5 Y29.648 E2278.31765
G1 X85.5 Y15.774 E2279.00983
G1 X89.3 Y15.774 E2279.19941
G1 X89.3 Y29.648 E2279.89159
G0 F9000 X89.7 Y30.048
;TYPE:WALL-OUTER
G1 F1038.4 X85.1 Y30.048 E2280.12108
G1 X85.1 Y15.374 E2280.85317
G1 X89.7 Y15.374 E2281.08267
G1 X89.7 Y30.048 E2281.81476
G0 F9000 X89.5 Y30.048
G0 X89.26 Y29.608
G0 X89.1 Y29.448
G1 F1500 E2275.31476
;MESH:NONMESH
G0 F300 X89.1 Y29.448 Z7.8
G0 F9000 X89.48 Y19.11
G0 X90.565 Y19.11
G0 X94.435 Y19.11
G0 X95.52 Y19.11
G0 X95.779 Y19.11
;TIME_ELAPSED:2143.199780
;LAYER:25
;TYPE:FILL
;MESH:realsense_camera_clamp-Body.stl
G1 F1500 E2281.81476
G1 F4145.9 X99.419 Y22.751 E2282.07161
G0 F9000 X99.419 Y21.283
G1 F4145.9 X95.779 Y24.923 E2282.32844
G1 X95.779 Y24.767
G1 X99.419 Y28.408 E2282.58529
G0 F9000 X99.419 Y26.94
G1 F4145.9 X96.826 Y29.533 E2282.76824
G0 F9000 X95.779 Y19.266
G1 F4145.9 X99.192 Y15.854 E2283.00901
G0 F9000 X98.179 Y15.854
G1 F4145.9 X99.419 Y17.094 E2283.0965
G0 F9000 X99.5 Y29.614
;TYPE:WALL-INNER
G1 F1036.5 X95.7 Y29.613 E2283.28608
G1 X95.7 Y15.774 E2283.97651
G1 X99.5 Y15.774 E2284.1661
G1 X99.5 Y29.614 E2284.85658
G0 F9000 X99.9 Y30.014
;TYPE:WALL-OUTER
G1 F1036.5 X95.3 Y30.013 E2285.08607
G1 X95.3 Y15.374 E2285.81642
G1 X99.9 Y15.374 E2286.04591
G1 X99.9 Y30.014 E2286.7763
G0 F9000 X99.7 Y30.014
G0 X99.46 Y29.574
G0 X99.3 Y29.414
G1 F1500 E2280.2763
G0 F9000 X95.52 Y29.521
G0 X94.435 Y29.521
G0 X90.565 Y29.521
G0 X89.48 Y29.521
G0 X89.219 Y29.521
;TYPE:FILL
G1 F1500 E2286.7763
G1 F4145.9 X85.579 Y25.88 E2287.03316
G0 F9000 X85.579 Y23.81
G1 F4145.9 X89.219 Y20.17 E2287.28998
G0 F9000 X89.219 Y18.207
G1 F4145.9 X86.865 Y15.854 E2287.45603
G0 F9000 X87.878 Y15.854
G1 F4145.9 X85.579 Y18.153 E2287.61824
G0 F9000 X85.579 Y20.223
G1 F4145.9 X89.219 Y23.864 E2287.8751
G0 F9000 X89.219 Y25.827
G1 F4145.9 X85.579 Y29.467 E2288.13192
G0 F9000 X89.3 Y29.614
;TYPE:WALL-INNER
G1 F1036.5 X85.5 Y29.614 E2288.3215
G1 X85.5 Y15.774 E2289.01198
G1 X89.3 Y15.774 E2289.20157
G1 X89.3 Y29.614 E2289.89205
G0 F9000 X89.7 Y30.014
;TYPE:WALL-OUTER
G1 F1036.5 X85.1 Y30.014 E2290.12154
G1 X85.1 Y15.374 E2290.85193
G1 X89.7 Y15.374 E2291.08143
G1 X89.7 Y30.014 E2291.81182
G0 F9000 X89.5 Y30.014
G0 X89.26 Y29.574
G0 X89.1 Y29.414
G1 F1500 E2285.31182
;MESH:NONMESH
G0 F300 X89.1 Y29.414 Z8.1
G0 F9000 X89.48 Y19.11
G0 X90.565 Y19.11
G0 X94.435 Y19.11
G0 X95.52 Y19.11
G0 X95.779 Y19.11
;TIME_ELAPSED:2157.458919
;LAYER:26
;TYPE:FILL
;MESH:realsense_camera_clamp-Body.stl
G1 F1500 E2291.81182
G1 F4138.2 X99.419 Y22.751 E2292.06868
G0 F9000 X99.419 Y21.283
G1 F4138.2 X95.779 Y24.923 E2292.3255
G1 X95.779 Y24.767
G1 X99.419 Y28.408 E2292.58236
G0 F9000 X99.419 Y26.94
G1 F4138.2 X96.86 Y29.499 E2292.76291
G0 F9000 X95.779 Y19.266
G1 F4138.2 X99.192 Y15.854 E2293.00368
G0 F9000 X98.179 Y15.854
G1 F4138.2 X99.419 Y17.094 E2293.09117
G0 F9000 X99.5 Y29.58
;TYPE:WALL-INNER
G1 F1034.5 X95.7 Y29.579 E2293.28075
G1 X95.7 Y15.774 E2293.96948
G1 X99.5 Y15.774 E2294.15907
G1 X99.5 Y29.58 E2294.84785
G0 F9000 X99.9 Y29.98
;TYPE:WALL-OUTER
G1 F1034.5 X95.3 Y29.979 E2295.07735
G1 X95.3 Y15.374 E2295.80599
G1 X99.9 Y15.374 E2296.03549
G1 X99.9 Y29.98 E2296.76418
G0 F9000 X99.7 Y29.98
G0 X99.46 Y29.54
G0 X99.3 Y29.38
G1 F1500 E2290.26418
G0 F9000 X95.52 Y29.499
G0 X94.435 Y29.499
G0 X90.565 Y29.499
G0 X89.48 Y29.499
G0 X89.197 Y29.499
;TYPE:FILL
G1 F1500 E2296.76418
G1 F4138.2 X85.579 Y25.88 E2297.01949
G0 F9000 X85.579 Y23.81
G1 F4138.2 X89.219 Y20.17 E2297.27631
G0 F9000 X89.219 Y18.207
G1 F4138.2 X86.865 Y15.854 E2297.44236
G0 F9000 X87.878 Y15.854
G1 F4138.2 X85.579 Y18.153 E2297.60457
G0 F9000 X85.579 Y20.223
G1 F4138.2 X89.219 Y23.864 E2297.86143
G0 F9000 X89.219 Y25.827
G1 F4138.2 X85.579 Y29.467 E2298.11825
G0 F9000 X89.3 Y29.58
;TYPE:WALL-INNER
G1 F1034.5 X85.5 Y29.58 E2298.30783
G1 X85.5 Y15.774 E2298.99661
G1 X89.3 Y15.774 E2299.1862
G1 X89.3 Y29.58 E2299.87498
G0 F9000 X89.7 Y29.98
;TYPE:WALL-OUTER
G1 F1034.5 X85.1 Y29.98 E2300.10448
G1 X85.1 Y15.374 E2300.83317
G1 X89.7 Y15.374 E2301.06267
G1 X89.7 Y29.98 E2301.79136
G0 F9000 X89.5 Y29.98
G0 X89.26 Y29.54
G0 X89.1 Y29.38
G1 F1500 E2295.29136
;MESH:NONMESH
G0 F300 X89.1 Y29.38 Z8.4
G0 F9000 X89.48 Y19.11
G0 X90.565 Y19.11
G0 X94.435 Y19.11
G0 X95.52 Y19.11
G0 X95.779 Y19.11
;TIME_ELAPSED:2171.715030
;LAYER:27
;TYPE:FILL
;MESH:realsense_camera_clamp-Body.stl
G1 F1500 E2301.79136
G1 F5662.5 X97.278 Y20.61 E2301.89716
G0 F9000 X97.278 Y20.39
G0 X95.779 Y19.266
G1 F5662.5 X99.192 Y15.854 E2302.13793
G0 F9000 X98.179 Y15.854
G1 F5662.5 X99.419 Y17.094 E2302.22542
G0 F9000 X99.318 Y23.885
G0 X96.965 Y23.958
G0 X96.965 Y23.737
G1 F5662.5 X95.779 Y24.923 E2302.3091
G1 X95.779 Y24.767
G1 X99.419 Y28.407 E2302.56592
G0 F9000 X99.419 Y26.94
G1 F5662.5 X96.865 Y29.494 E2302.74612
G0 F9000 X99.5 Y29.574
;TYPE:WALL-INNER
G1 F1415.6 X95.7 Y29.574 E2302.9357
G1 X95.7 Y15.774 E2303.62419
G1 X99.5 Y15.774 E2303.81377
G1 X99.5 Y29.574 E2304.50225
G0 F9000 X99.9 Y29.974
;TYPE:WALL-OUTER
G1 F1415.6 X95.3 Y29.974 E2304.73175
G1 X95.3 Y15.374 E2305.46015
G1 X99.9 Y15.374 E2305.68964
G1 X99.9 Y29.974 E2306.41804
G0 F9000 X99.7 Y29.974
G0 X99.46 Y29.534
G0 X99.39 Y23.667
G0 X99.11 Y23.667
;TYPE:SKIN
G1 F1415.6 X96.09 Y23.668 E2306.56871
G1 X96.09 Y20.681 E2306.71773
G1 X99.11 Y20.68 E2306.8684
G1 X99.11 Y23.667 E2307.01742
G0 F9000 X98.949 Y23.238
G1 F1415.6 X98.68 Y23.507 E2307.0364
G0 F9000 X98.114 Y23.507
G1 F1415.6 X98.949 Y22.672 E2307.09531
G0 F9000 X98.949 Y22.106
G1 F1415.6 X97.548 Y23.507 E2307.19416
G0 F9000 X96.983 Y23.507
G1 F1415.6 X98.949 Y21.541 E2307.33287
G0 F9000 X98.949 Y20.975
G1 F1415.6 X96.417 Y23.507 E2307.51152
G0 F9000 X96.249 Y23.11
G1 F1415.6 X98.519 Y20.839 E2307.67171
G0 F9000 X97.954 Y20.839
G1 F1415.6 X96.249 Y22.544 E2307.79201
G0 F9000 X96.249 Y21.979
G1 F1415.6 X97.388 Y20.839 E2307.87241
G0 F9000 X96.822 Y20.839
G1 F1415.6 X96.249 Y21.413 E2307.91287
G0 F9000 X95.9 Y21.413
G1 F1500 E2301.41287
G0 F9000 X95.81 Y21.413
G0 X95.52 Y20.17
G0 X94.435 Y20.17
G0 X90.565 Y20.17
G0 X89.48 Y20.17
G0 X89.219 Y20.17
;TYPE:FILL
G1 F1500 E2307.91287
G1 F5662.5 X88.778 Y20.61 E2307.94395
G0 F9000 X88.778 Y20.39
G0 X89.219 Y18.207
G1 F5662.5 X86.865 Y15.854 E2308.11
G0 F9000 X87.878 Y15.854
G1 F5662.5 X85.579 Y18.152 E2308.27218
G0 F9000 X85.579 Y20.223
G1 F5662.5 X85.965 Y20.61 E2308.29945
G0 F9000 X85.965 Y20.39
G0 X85.682 Y20.463
G0 X85.61 Y23.737
G0 X85.651 Y23.737
G1 F5662.5 X85.579 Y23.81 E2308.30456
G0 F9000 X85.579 Y25.88
G1 F5662.5 X89.192 Y29.494 E2308.55951
G0 F9000 X85.579 Y29.467
G1 F5662.5 X89.219 Y25.827 E2308.81633
G0 F9000 X89.219 Y23.864
G1 F5662.5 X89.092 Y23.737 E2308.8253
G0 F9000 X89.19 Y23.737
G0 X89.3 Y29.574
;TYPE:WALL-INNER
G1 F1415.6 X85.5 Y29.574 E2309.01488
G1 X85.5 Y15.774 E2309.70336
G1 X89.3 Y15.774 E2309.89295
G1 X89.3 Y29.574 E2310.58143
G0 F9000 X89.7 Y29.974
;TYPE:WALL-OUTER
G1 F1415.6 X85.1 Y29.974 E2310.81093
G1 X85.1 Y15.374 E2311.53932
G1 X89.7 Y15.374 E2311.76882
G1 X89.7 Y29.974 E2312.49721
G0 F9000 X89.5 Y29.974
G0 X89.26 Y29.534
G0 X89.19 Y23.667
G0 X88.91 Y23.667
;TYPE:SKIN
G1 F1415.6 X85.89 Y23.668 E2312.64788
G1 X85.89 Y20.681 E2312.7969
G1 X88.91 Y20.68 E2312.94757
G1 X88.91 Y23.667 E2313.0966
G0 F9000 X88.748 Y23.256
G1 F1415.6 X88.497 Y23.507 E2313.1143
G0 F9000 X87.932 Y23.507
G1 F1415.6 X88.748 Y22.691 E2313.17188
G0 F9000 X88.748 Y22.125
G1 F1415.6 X87.365 Y23.508 E2313.26946
G0 F9000 X86.8 Y23.508
G1 F1415.6 X88.748 Y21.559 E2313.40693
G0 F9000 X88.748 Y20.994
G1 F1415.6 X86.234 Y23.508 E2313.58431
G0 F9000 X86.049 Y23.128
G1 F1415.6 X88.337 Y20.839 E2313.74578
G0 F9000 X87.771 Y20.839
G1 F1415.6 X86.049 Y22.562 E2313.86731
G0 F9000 X86.049 Y21.996
G1 F1415.6 X87.205 Y20.84 E2313.94887
G0 F9000 X86.639 Y20.84
G1 F1415.6 X86.049 Y21.43 E2313.9905
G0 F9000 X85.7 Y21.43
G1 F1500 E2307.4905
;MESH:NONMESH
G0 F300 X85.7 Y21.43 Z8.7
G0 F9000 X85.61 Y21.43
G0 X85.682 Y20.463
G0 X89.48 Y19.11
G0 X90.565 Y19.11
G0 X94.435 Y19.11
G0 X95.52 Y19.11
G0 X95.779 Y19.11
;TIME_ELAPSED:2188.270422
;LAYER:28
;TYPE:FILL
;MESH:realsense_camera_clamp-Body.stl
G1 F1500 E2313.9905
G1 F6000 X96.614 Y19.945 E2314.04941
G0 F9000 X96.614 Y19.725
G0 X95.779 Y19.266
G1 F6000 X99.192 Y15.854 E2314.29018
G0 F9000 X98.179 Y15.854
G1 F6000 X99.419 Y17.094 E2314.37767
G0 F9000 X95.882 Y19.798
G0 X95.882 Y24.551
G0 X96.3 Y24.623
G0 X96.3 Y24.402
G1 F6000 X95.779 Y24.923 E2314.41443
G1 X95.779 Y24.767
G1 X99.419 Y28.408 E2314.67129
G0 F9000 X99.419 Y26.94
G1 F6000 X96.865 Y29.494 E2314.85148
G0 F9000 X99.5 Y29.574
;TYPE:WALL-INNER
G1 F1500 X95.7 Y29.574 E2315.04107
G1 X95.7 Y15.774 E2315.72955
G1 X99.5 Y15.774 E2315.91913
G1 X99.5 Y29.574 E2316.60762
G0 F9000 X99.9 Y29.974
;TYPE:WALL-OUTER
G1 F1500 X95.3 Y29.974 E2316.83711
G1 X95.3 Y15.374 E2317.56551
G1 X99.9 Y15.374 E2317.79501
G1 X99.9 Y29.974 E2318.5234
G0 F9000 X99.7 Y29.974
G0 X99.46 Y29.534
G0 X99.39 Y24.333
G0 X99.11 Y24.333
;TYPE:SKIN
G1 F1500 X96.09 Y24.333 E2318.67407
G1 X96.09 Y20.016 E2318.88945
G1 X99.11 Y20.015 E2319.04012
G1 X99.11 Y24.333 E2319.25554
G0 F9000 X99.39 Y24.333
G0 X96.58 Y24.623
G0 X96.58 Y24.172
G1 F1500 X96.249 Y23.841 E2319.2789
G0 F9000 X96.249 Y23.275
G1 F1500 X97.145 Y24.172 E2319.34215
G0 F9000 X97.711 Y24.172
G1 F1500 X96.249 Y22.71 E2319.4453
G0 F9000 X96.249 Y22.144
G1 F1500 X98.277 Y24.172 E2319.58839
G0 F9000 X98.842 Y24.172
G1 F1500 X96.249 Y21.578 E2319.77137
G0 F9000 X96.249 Y21.013
G1 F1500 X98.949 Y23.713 E2319.96187
G0 F9000 X98.949 Y23.147
G1 F1500 X96.249 Y20.447 E2320.15237
G0 F9000 X96.543 Y20.175
G1 F1500 X98.949 Y22.582 E2320.32216
G0 F9000 X98.949 Y22.016
G1 F1500 X97.109 Y20.175 E2320.45202
G0 F9000 X97.674 Y20.175
G1 F1500 X98.949 Y21.45 E2320.54198
G0 F9000 X98.949 Y20.885
G1 F1500 X98.24 Y20.175 E2320.59204
G0 F9000 X98.806 Y20.175
G1 F1500 X98.949 Y20.319 E2320.60216
G0 F9000 X99.3 Y20.319
G1 F1500 E2314.10216
G0 F9000 X99.39 Y20.319
G0 X99.318 Y19.797
G0 X95.52 Y18.207
G0 X94.435 Y18.207
G0 X90.565 Y18.207
G0 X89.48 Y18.207
G0 X89.219 Y18.207
;TYPE:FILL
G1 F1500 E2320.60216
G1 F6000 X86.865 Y15.854 E2320.76821
G0 F9000 X87.878 Y15.854
G1 F6000 X85.579 Y18.153 E2320.93042
G0 F9000 X85.579 Y25.88
G1 F6000 X89.192 Y29.494 E2321.18537
G0 F9000 X85.579 Y29.467
G1 F6000 X89.219 Y25.827 E2321.4422
G0 F9000 X89.3 Y29.574
;TYPE:WALL-INNER
G1 F1500 X85.5 Y29.574 E2321.63178
G1 X85.5 Y15.774 E2322.32026
G1 X89.3 Y15.774 E2322.50985
G1 X89.3 Y29.574 E2323.19833
G0 F9000 X89.7 Y29.974
;TYPE:WALL-OUTER
G1 F1500 X85.1 Y29.974 E2323.42783
G1 X85.1 Y15.374 E2324.15622
G1 X89.7 Y15.374 E2324.38572
G1 X89.7 Y29.974 E2325.11411
G0 F9000 X89.5 Y29.974
G0 X89.26 Y29.534
G0 X89.19 Y24.332
G0 X88.91 Y24.332
;TYPE:SKIN
G1 F1500 X85.89 Y24.333 E2325.26478
G1 X85.89 Y20.015 E2325.48021
G1 X88.91 Y20.015 E2325.63088
G1 X88.91 Y24.332 E2325.84625
G0 F9000 X89.19 Y24.332
G0 X86.397 Y24.623
G0 X86.397 Y24.172
G1 F1500 X86.049 Y23.823 E2325.87084
G0 F9000 X86.049 Y23.258
G1 F1500 X86.963 Y24.172 E2325.93533
G0 F9000 X87.528 Y24.171
G1 F1500 X86.049 Y22.692 E2326.03968
G0 F9000 X86.049 Y22.126
G1 F1500 X88.094 Y24.171 E2326.18397
G0 F9000 X88.659 Y24.171
G1 F1500 X86.049 Y21.561 E2326.36812
G0 F9000 X86.049 Y20.995
G1 F1500 X88.748 Y23.695 E2326.55858
G0 F9000 X88.748 Y23.129
G1 F1500 X86.049 Y20.429 E2326.74904
G0 F9000 X86.36 Y20.175
G1 F1500 X88.748 Y22.563 E2326.91753
G0 F9000 X88.748 Y21.998
G1 F1500 X86.926 Y20.175 E2327.04612
G0 F9000 X87.491 Y20.175
G1 F1500 X88.748 Y21.432 E2327.13481
G0 F9000 X88.748 Y20.866
G1 F1500 X88.057 Y20.175 E2327.18356
G0 F9000 X88.623 Y20.175
G1 F1500 X88.748 Y20.301 E2327.19241
G0 F9000 X89.1 Y20.301
G1 F1500 E2320.69241
;MESH:NONMESH
G0 F300 X89.1 Y20.301 Z9
G0 F9000 X89.19 Y20.301
G0 X89.48 Y19.11
G0 X90.565 Y19.11
G0 X94.435 Y19.11
G0 X95.52 Y19.11
G0 X95.779 Y19.11
;TIME_ELAPSED:2205.509813
;LAYER:29
;TYPE:FILL
;MESH:realsense_camera_clamp-Body.stl
G1 F1500 E2327.19241
G1 F6000 X96.179 Y19.51 E2327.22064
G0 F9000 X95.779 Y19.266
G1 F6000 X99.192 Y15.854 E2327.46141
G0 F9000 X98.179 Y15.854
G1 F6000 X99.419 Y17.094 E2327.5489
G0 F9000 X95.882 Y19.363
G0 X95.81 Y24.839
G0 X95.863 Y24.839
G1 F6000 X95.779 Y24.923 E2327.55482
G1 X95.851 Y24.839
G1 X99.419 Y28.407 E2327.80656
G0 F9000 X99.419 Y26.94
G1 F6000 X96.865 Y29.494 E2327.98676
G0 F9000 X99.5 Y29.574
;TYPE:WALL-INNER
G1 F1500 X95.7 Y29.574 E2328.17635
G1 X95.7 Y15.774 E2328.86483
G1 X99.5 Y15.774 E2329.05441
G1 X99.5 Y29.574 E2329.7429
G0 F9000 X99.9 Y29.974
;TYPE:WALL-OUTER
G1 F1500 X95.3 Y29.974 E2329.97239
G1 X95.3 Y15.374 E2330.70079
G1 X99.9 Y15.374 E2330.93028
G1 X99.9 Y29.974 E2331.65868
G0 F9000 X99.7 Y29.974
G0 X99.46 Y29.534
G0 X99.39 Y24.769
G0 X99.11 Y24.769
;TYPE:SKIN
G1 F1500 X96.09 Y24.769 E2331.80935
G1 X96.09 Y19.581 E2332.06818
G1 X99.11 Y19.58 E2332.21885
G1 X99.11 Y24.769 E2332.47773
G0 F9000 X98.948 Y24.37
G1 F1500 X98.709 Y24.609 E2332.49459
G0 F9000 X98.144 Y24.609
G1 F1500 X98.948 Y23.804 E2332.55135
G0 F9000 X98.948 Y23.239
G1 F1500 X97.578 Y24.609 E2332.64801
G0 F9000 X97.012 Y24.609
G1 F1500 X98.948 Y22.673 E2332.78461
G0 F9000 X98.948 Y22.107
G1 F1500 X96.447 Y24.609 E2332.9611
G0 F9000 X96.249 Y24.241
G1 F1500 X98.948 Y21.542 E2333.15153
G0 F9000 X98.948 Y20.976
G1 F1500 X96.249 Y23.675 E2333.34196
G0 F9000 X96.249 Y23.109
G1 F1500 X98.948 Y20.41 E2333.53239
G0 F9000 X98.948 Y19.844
G1 F1500 X96.249 Y22.543 E2333.72282
G0 F9000 X96.249 Y21.978
G1 F1500 X98.487 Y19.74 E2333.88072
G0 F9000 X97.922 Y19.74
G1 F1500 X96.249 Y21.412 E2333.99873
G0 F9000 X96.249 Y20.846
G1 F1500 X97.356 Y19.74 E2334.0768
G0 F9000 X96.79 Y19.74
G1 F1500 X96.249 Y20.281 E2334.11497
G0 F9000 X95.9 Y20.281
G1 F1500 E2327.61497
G0 F9000 X95.81 Y20.281
G0 X95.52 Y18.207
G0 X94.435 Y18.207
G0 X90.565 Y18.207
G0 X89.48 Y18.207
G0 X89.219 Y18.207
;TYPE:FILL
G1 F1500 E2334.11497
G1 F6000 X86.865 Y15.854 E2334.28102
G0 F9000 X87.878 Y15.854
G1 F6000 X85.579 Y18.153 E2334.44323
G0 F9000 X85.579 Y25.88
G1 F6000 X89.192 Y29.494 E2334.69818
G0 F9000 X85.579 Y29.466
G1 F6000 X89.219 Y25.827 E2334.95496
G0 F9000 X89.3 Y29.574
;TYPE:WALL-INNER
G1 F1500 X85.5 Y29.574 E2335.14455
G1 X85.5 Y15.774 E2335.83303
G1 X89.3 Y15.774 E2336.02261
G1 X89.3 Y29.574 E2336.7111
G0 F9000 X89.7 Y29.974
;TYPE:WALL-OUTER
G1 F1500 X85.1 Y29.974 E2336.94059
G1 X85.1 Y15.374 E2337.66899
G1 X89.7 Y15.374 E2337.89849
G1 X89.7 Y29.974 E2338.62688
G0 F9000 X89.5 Y29.974
G0 X89.26 Y29.534
G0 X89.19 Y24.768
G0 X88.91 Y24.768
;TYPE:SKIN
G1 F1500 X85.89 Y24.769 E2338.77755
G1 X85.89 Y19.58 E2339.03643
G1 X88.91 Y19.58 E2339.1871
G1 X88.91 Y24.768 E2339.44593
G0 F9000 X88.749 Y24.387
G1 F1500 X88.528 Y24.608 E2339.46152
G0 F9000 X87.962 Y24.608
G1 F1500 X88.749 Y23.821 E2339.51705
G0 F9000 X88.749 Y23.256
G1 F1500 X87.396 Y24.608 E2339.61248
G0 F9000 X86.831 Y24.608
G1 F1500 X88.749 Y22.69 E2339.7478
G0 F9000 X88.749 Y22.124
G1 F1500 X86.265 Y24.608 E2339.92306
G0 F9000 X86.049 Y24.259
G1 F1500 X88.749 Y21.558 E2340.1136
G0 F9000 X88.749 Y20.993
G1 F1500 X86.049 Y23.693 E2340.3041
G0 F9000 X86.049 Y23.128
G1 F1500 X88.749 Y20.427 E2340.49463
G0 F9000 X88.749 Y19.861
G1 F1500 X86.049 Y22.562 E2340.68517
G0 F9000 X86.049 Y21.996
G1 F1500 X88.306 Y19.739 E2340.84441
G0 F9000 X87.74 Y19.739
G1 F1500 X86.049 Y21.43 E2340.96372
G0 F9000 X86.049 Y20.865
G1 F1500 X87.174 Y19.739 E2341.04313
G0 F9000 X86.609 Y19.739
G1 F1500 X86.049 Y20.299 E2341.08264
G0 F9000 X85.7 Y20.299
G1 F1500 E2334.58264
;MESH:NONMESH
G0 F300 X85.7 Y20.299 Z9.3
G0 F9000 X85.61 Y20.299
G0 X85.682 Y24.987
G0 X89.48 Y25.105
G0 X90.565 Y25.105
G0 X94.435 Y25.105
G0 X95.52 Y25.105
G0 X96.117 Y25.105
;TIME_ELAPSED:2223.161622
;LAYER:30
;TYPE:FILL
;MESH:realsense_camera_clamp-Body.stl
G1 F1500 E2341.08264
G1 F6000 X99.419 Y28.407 E2341.31561
G0 F9000 X99.419 Y26.94
G1 F6000 X96.865 Y29.494 E2341.49581
G0 F9000 X99.5 Y29.574
;TYPE:WALL-INNER
G1 F1500 X95.7 Y29.574 E2341.68539
G1 X95.7 Y23.658 E2341.98055
G1 X99.5 Y23.657 E2342.17013
G1 X99.5 Y29.574 E2342.46533
G0 F9000 X99.9 Y29.974
;TYPE:WALL-OUTER
G1 F1500 X95.3 Y29.974 E2342.69482
G1 X95.3 Y23.258 E2343.02989
G1 X99.9 Y23.257 E2343.25938
G1 X99.9 Y29.974 E2343.59449
G0 F9000 X99.7 Y29.974
G0 X99.46 Y29.534
G0 X99.39 Y25.035
G0 X99.11 Y25.035
;TYPE:SKIN
G1 F1500 X96.09 Y25.036 E2343.74516
G1 X96.09 Y24.048 E2343.79445
G1 X99.11 Y24.047 E2343.94512
G1 X99.11 Y25.035 E2343.99441
G0 F9000 X98.949 Y24.279
G1 F1500 X98.878 Y24.207 E2343.99946
G0 F9000 X98.312 Y24.207
G1 F1500 X98.949 Y24.844 E2344.0444
G0 F9000 X98.414 Y24.875
G1 F1500 X97.746 Y24.207 E2344.09153
G0 F9000 X97.181 Y24.207
G1 F1500 X97.848 Y24.875 E2344.13863
G0 F9000 X97.283 Y24.875
G1 F1500 X96.615 Y24.207 E2344.18576
G0 F9000 X96.249 Y24.407
G1 F1500 X96.717 Y24.875 E2344.21878
G0 F9000 X96.717 Y25.626
G1 F1500 E2337.71878
G0 F9000 X95.882 Y25.254
G0 X95.882 Y23.84
G0 X95.811 Y23.458
G0 X95.811 Y20.89
G0 X95.81 Y19.241
G1 F1500 E2344.21878
G0 F9000 X95.91 Y19.241
;TYPE:FILL
G1 F6000 X95.779 Y19.11 E2344.22802
G1 X95.804 Y19.241
G1 X99.192 Y15.854 E2344.46703
G0 F9000 X98.179 Y15.854
G1 F6000 X99.419 Y17.094 E2344.55452
G0 F9000 X99.5 Y20.69
;TYPE:WALL-INNER
G1 F1500 X95.7 Y20.691 E2344.7441
G1 X95.7 Y15.774 E2344.98941
G1 X99.5 Y15.774 E2345.17899
G1 X99.5 Y20.69 E2345.42425
G0 F9000 X99.9 Y21.09
;TYPE:WALL-OUTER
G1 F1500 X95.3 Y21.091 E2345.65375
G1 X95.3 Y15.374 E2345.93897
G1 X99.9 Y15.374 E2346.16847
G1 X99.9 Y21.09 E2346.45364
G0 F9000 X99.7 Y21.09
G0 X99.46 Y20.65
G0 X99.11 Y20.3
;TYPE:SKIN
G1 F1500 X96.09 Y20.301 E2346.60431
G1 X96.09 Y19.312 E2346.65365
G1 X99.11 Y19.312 E2346.80432
G1 X99.11 Y20.3 E2346.85361
G0 F9000 X98.949 Y19.753
G1 F1500 X98.667 Y19.471 E2346.8735
G0 F9000 X98.101 Y19.471
G1 F1500 X98.77 Y20.139 E2346.92067
G0 F9000 X98.204 Y20.139
G1 F1500 X97.536 Y19.471 E2346.9678
G0 F9000 X96.97 Y19.471
G1 F1500 X97.638 Y20.139 E2347.01493
G0 F9000 X97.073 Y20.139
G1 F1500 X96.404 Y19.471 E2347.0621
G0 F9000 X96.249 Y19.881
G1 F1500 X96.507 Y20.139 E2347.0803
G0 F9000 X96.508 Y20.49
G1 F1500 E2340.5803
G0 F9000 X96.507 Y20.581
G0 X95.882 Y20.509
G0 X95.52 Y18.207
G0 X94.435 Y18.207
G0 X90.565 Y18.207
G0 X89.48 Y18.207
G0 X89.219 Y18.207
;TYPE:FILL
G1 F1500 E2347.0803
G1 F6000 X86.865 Y15.854 E2347.24635
G0 F9000 X87.878 Y15.854
G1 F6000 X85.579 Y18.152 E2347.40853
G0 F9000 X89.118 Y19.094
G0 X89.3 Y20.69
;TYPE:WALL-INNER
G1 F1500 X85.5 Y20.691 E2347.59811
G1 X85.5 Y15.774 E2347.84342
G1 X89.3 Y15.774 E2348.033
G1 X89.3 Y20.69 E2348.27826
G0 F9000 X89.7 Y21.09
;TYPE:WALL-OUTER
G1 F1500 X85.1 Y21.091 E2348.50776
G1 X85.1 Y15.374 E2348.79298
G1 X89.7 Y15.374 E2349.02247
G1 X89.7 Y21.09 E2349.30765
G0 F9000 X89.5 Y21.09
G0 X89.26 Y20.65
G0 X88.91 Y20.3
;TYPE:SKIN
G1 F1500 X85.89 Y20.301 E2349.45831
G1 X85.89 Y19.312 E2349.50766
G1 X88.91 Y19.312 E2349.65832
G1 X88.91 Y20.3 E2349.70762
G0 F9000 X88.748 Y19.735
G1 F1500 X88.485 Y19.472 E2349.72617
G0 F9000 X87.92 Y19.472
G1 F1500 X88.587 Y20.139 E2349.77323
G0 F9000 X88.022 Y20.139
G1 F1500 X87.354 Y19.472 E2349.82033
G0 F9000 X86.788 Y19.472
G1 F1500 X87.456 Y20.139 E2349.86742
G0 F9000 X86.891 Y20.14
G1 F1500 X86.223 Y19.472 E2349.91456
G0 F9000 X86.049 Y19.864
G1 F1500 X86.325 Y20.14 E2349.93403
G0 F9000 X86.326 Y20.49
G1 F1500 E2343.43403
G0 F9000 X86.325 Y20.581
G0 X85.578 Y20.89
G0 X85.578 Y23.458
G0 X85.579 Y25.88
;TYPE:FILL
G1 F1500 E2349.93403
G1 F6000 X89.192 Y29.494 E2350.18898
G0 F9000 X85.579 Y29.467
G1 F6000 X89.219 Y25.827 E2350.4458
G0 F9000 X89.3 Y29.574
;TYPE:WALL-INNER
G1 F1500 X85.5 Y29.574 E2350.63538
G1 X85.5 Y23.658 E2350.93054
G1 X89.3 Y23.657 E2351.12012
G1 X89.3 Y29.574 E2351.41532
G0 F9000 X89.7 Y29.974
;TYPE:WALL-OUTER
G1 F1500 X85.1 Y29.974 E2351.64481
G1 X85.1 Y23.258 E2351.97988
G1 X89.7 Y23.257 E2352.20937
G1 X89.7 Y29.974 E2352.54448
G0 F9000 X89.5 Y29.974
G0 X89.26 Y29.534
G0 X89.19 Y25.035
G0 X88.91 Y25.035
;TYPE:SKIN
G1 F1500 X85.89 Y25.036 E2352.69515
G1 X85.89 Y24.048 E2352.74444
G1 X88.91 Y24.047 E2352.89511
G1 X88.91 Y25.035 E2352.9444
G0 F9000 X88.749 Y24.827
G1 F1500 X88.13 Y24.207 E2352.98811
G0 F9000 X87.564 Y24.207
G1 F1500 X88.232 Y24.875 E2353.03524
G0 F9000 X87.666 Y24.875
G1 F1500 X86.999 Y24.208 E2353.0823
G0 F9000 X86.433 Y24.208
G1 F1500 X87.1 Y24.875 E2353.12936
G0 F9000 X86.535 Y24.875
G1 F1500 X86.049 Y24.389 E2353.16365
G0 F9000 X85.7 Y24.389
G1 F1500 E2346.66365
;MESH:NONMESH
G0 F300 X85.7 Y24.389 Z9.6
G0 F9000 X85.61 Y24.389
G0 X85.682 Y25.254
G0 X89.118 Y25.253
G0 X89.48 Y24.767
G0 X90.565 Y24.767
G0 X94.435 Y24.767
G0 X95.52 Y24.767
G0 X95.779 Y24.767
;TIME_ELAPSED:2241.531389
;LAYER:31
;TYPE:FILL
;MESH:realsense_camera_clamp-Body.stl
G1 F1500 E2353.16365
G1 F4329.4 X99.419 Y28.408 E2353.42051
G0 F9000 X99.419 Y26.94
G1 F4329.4 X96.865 Y29.494 E2353.60071
G0 F9000 X95.779 Y24.923
G1 F4329.4 X96.3 Y24.402 E2353.63747
G0 F9000 X99.5 Y29.574
;TYPE:WALL-INNER
G1 F1082.3 X95.7 Y29.574 E2353.82705
G1 X95.7 Y24.323 E2354.08903
G1 X99.5 Y24.323 E2354.27861
G1 X99.5 Y29.574 E2354.54058
G0 F9000 X99.9 Y29.974
;TYPE:WALL-OUTER
G1 F1082.3 X95.3 Y29.974 E2354.77008
G1 X95.3 Y23.923 E2355.07196
G1 X99.9 Y23.923 E2355.30146
G1 X99.9 Y29.974 E2355.60334
G0 F9000 X99.7 Y29.974
G0 X99.46 Y29.534
G0 X99.3 Y29.374
G1 F1500 E2349.10334
G0 F9000 X96.614 Y24.143
G0 X96.614 Y23.058
G0 X96.615 Y21.29
G0 X96.614 Y20.225
G0 X96.614 Y19.945
;TYPE:FILL
G1 F1500 E2355.60334
G1 F4329.4 X95.779 Y19.11 E2355.66226
G1 X95.779 Y19.266
G1 X99.192 Y15.854 E2355.90303
G0 F9000 X98.179 Y15.854
G1 F4329.4 X99.419 Y17.094 E2355.99052
G0 F9000 X99.5 Y20.025
;TYPE:WALL-INNER
G1 F1082.3 X95.7 Y20.026 E2356.1801
G1 X95.7 Y15.774 E2356.39223
G1 X99.5 Y15.774 E2356.58181
G1 X99.5 Y20.025 E2356.7939
G0 F9000 X99.9 Y20.425
;TYPE:WALL-OUTER
G1 F1082.3 X95.3 Y20.426 E2357.02339
G1 X95.3 Y15.374 E2357.27544
G1 X99.9 Y15.374 E2357.50493
G1 X99.9 Y20.425 E2357.75693
G0 F9000 X99.7 Y20.425
G0 X99.46 Y19.985
G0 X99.301 Y19.825
G1 F1500 E2351.25693
G0 F9000 X95.52 Y18.207
G0 X94.435 Y18.207
G0 X90.565 Y18.207
G0 X89.48 Y18.207
G0 X89.219 Y18.207
;TYPE:FILL
G1 F1500 E2357.75693
G1 F4329.4 X86.865 Y15.854 E2357.92298
G0 F9000 X87.878 Y15.854
G1 F4329.4 X85.579 Y18.153 E2358.08519
G0 F9000 X89.3 Y20.025
;TYPE:WALL-INNER
G1 F1082.3 X85.5 Y20.025 E2358.27477
G1 X85.5 Y15.774 E2358.48685
G1 X89.3 Y15.774 E2358.67644
G1 X89.3 Y20.025 E2358.88852
G0 F9000 X89.7 Y20.425
;TYPE:WALL-OUTER
G1 F1082.3 X85.1 Y20.425 E2359.11801
G1 X85.1 Y15.374 E2359.37001
G1 X89.7 Y15.374 E2359.5995
G1 X89.7 Y20.425 E2359.8515
G0 F9000 X89.5 Y20.425
G0 X89.26 Y19.985
G0 X89.1 Y19.825
G1 F1500 E2353.3515
G0 F9000 X89.219 Y20.205
G0 X89.219 Y21.29
G0 X89.218 Y23.058
G0 X89.219 Y24.123
G0 X89.219 Y25.827
;TYPE:FILL
G1 F1500 E2359.8515
G1 F4329.4 X85.579 Y29.467 E2360.10832
G0 F9000 X85.579 Y25.88
G1 F4329.4 X89.192 Y29.494 E2360.36327
G0 F9000 X89.3 Y29.574
;TYPE:WALL-INNER
G1 F1082.3 X85.5 Y29.574 E2360.55286
G1 X85.5 Y24.323 E2360.81483
G1 X89.3 Y24.322 E2361.00441
G1 X89.3 Y29.574 E2361.26644
G0 F9000 X89.7 Y29.974
;TYPE:WALL-OUTER
G1 F1082.3 X85.1 Y29.974 E2361.49593
G1 X85.1 Y23.923 E2361.79782
G1 X89.7 Y23.922 E2362.02731
G1 X89.7 Y29.974 E2362.32925
G0 F9000 X89.5 Y29.974
G0 X89.26 Y29.534
G0 X89.1 Y29.374
G1 F1500 E2355.82925
;MESH:NONMESH
G0 F300 X89.1 Y29.374 Z9.9
G0 F9000 X89.48 Y24.923
G0 X90.565 Y24.923
G0 X94.435 Y24.923
G0 X95.52 Y24.923
G0 X95.779 Y24.923
;TIME_ELAPSED:2256.702780
;LAYER:32
;TYPE:FILL
;MESH:realsense_camera_clamp-Body.stl
G1 F1500 E2362.32925
G1 F4099 X95.863 Y24.839 E2362.33517
G1 X95.851 Y24.839
G1 X99.419 Y28.407 E2362.58691
G0 F9000 X99.419 Y26.94
G1 F4099 X96.865 Y29.494 E2362.76711
G0 F9000 X99.5 Y29.574
;TYPE:WALL-INNER
G1 F1024.7 X95.7 Y29.574 E2362.9567
G1 X95.7 Y24.759 E2363.19692
G1 X99.5 Y24.759 E2363.3865
G1 X99.5 Y29.574 E2363.62672
G0 F9000 X99.9 Y29.974
;TYPE:WALL-OUTER
G1 F1024.7 X95.3 Y29.974 E2363.85622
G1 X95.3 Y24.359 E2364.13635
G1 X99.9 Y24.359 E2364.36584
G1 X99.9 Y29.974 E2364.64598
G0 F9000 X99.7 Y29.974
G0 X99.46 Y29.534
G0 X99.3 Y29.374
G1 F1500 E2358.14598
G0 F9000 X96.179 Y24.579
G0 X96.179 Y23.494
G0 X96.179 Y20.855
G0 X96.178 Y19.79
G0 X96.179 Y19.51
;TYPE:FILL
G1 F1500 E2364.64598
G1 F4099 X95.779 Y19.11 E2364.6742
G1 X95.779 Y19.266
G1 X99.192 Y15.854 E2364.91497
G0 F9000 X98.179 Y15.854
G1 F4099 X99.419 Y17.094 E2365.00246
G0 F9000 X99.5 Y19.59
;TYPE:WALL-INNER
G1 F1024.7 X95.7 Y19.591 E2365.19204
G1 X95.7 Y15.774 E2365.38247
G1 X99.5 Y15.774 E2365.57206
G1 X99.5 Y19.59 E2365.76244
G0 F9000 X99.9 Y19.99
;TYPE:WALL-OUTER
G1 F1024.7 X95.3 Y19.991 E2365.99193
G1 X95.3 Y15.374 E2366.22228
G1 X99.9 Y15.374 E2366.45177
G1 X99.9 Y19.99 E2366.68206
G0 F9000 X99.7 Y19.99
G0 X99.46 Y19.55
G0 X99.301 Y19.39
G1 F1500 E2360.18206
G0 F9000 X95.52 Y18.207
G0 X94.435 Y18.207
G0 X90.565 Y18.207
G0 X89.48 Y18.207
G0 X89.219 Y18.207
;TYPE:FILL
G1 F1500 E2366.68206
G1 F4099 X86.865 Y15.854 E2366.84812
G0 F9000 X87.878 Y15.854
G1 F4099 X85.579 Y18.153 E2367.01032
G0 F9000 X89.3 Y19.59
;TYPE:WALL-INNER
G1 F1024.7 X85.5 Y19.59 E2367.1999
G1 X85.5 Y15.774 E2367.39029
G1 X89.3 Y15.774 E2367.57987
G1 X89.3 Y19.59 E2367.77025
G0 F9000 X89.7 Y19.99
;TYPE:WALL-OUTER
G1 F1024.7 X85.1 Y19.99 E2367.99974
G1 X85.1 Y15.374 E2368.23004
G1 X89.7 Y15.374 E2368.45953
G1 X89.7 Y19.99 E2368.68983
G0 F9000 X89.5 Y19.99
G0 X89.26 Y19.55
G0 X89.1 Y19.39
G1 F1500 E2362.18983
G0 F9000 X89.219 Y19.77
G0 X89.219 Y20.855
G0 X89.219 Y23.494
G0 X89.22 Y24.559
G0 X89.219 Y25.827
;TYPE:FILL
G1 F1500 E2368.68983
G1 F4099 X85.579 Y29.466 E2368.94661
G0 F9000 X85.579 Y25.88
G1 F4099 X89.192 Y29.494 E2369.20156
G0 F9000 X89.3 Y29.574
;TYPE:WALL-INNER
G1 F1024.7 X85.5 Y29.574 E2369.39115
G1 X85.5 Y24.759 E2369.63137
G1 X89.3 Y24.758 E2369.82095
G1 X89.3 Y29.574 E2370.06122
G0 F9000 X89.7 Y29.974
;TYPE:WALL-OUTER
G1 F1024.7 X85.1 Y29.974 E2370.29072
G1 X85.1 Y24.359 E2370.57085
G1 X89.7 Y24.358 E2370.80035
G1 X89.7 Y29.974 E2371.08053
G0 F9000 X89.5 Y29.974
G0 X89.26 Y29.534
G0 X89.1 Y29.374
G1 F1500 E2364.58053
;MESH:NONMESH
G0 F300 X89.1 Y29.374 Z10.2
G0 F9000 X89.48 Y25.105
G0 X90.565 Y25.105
G0 X94.435 Y25.105
G0 X95.52 Y25.105
G0 X96.117 Y25.105
;TIME_ELAPSED:2271.581955
;LAYER:33
;TYPE:FILL
;MESH:realsense_camera_clamp-Body.stl
G1 F1500 E2371.08053
G1 F3987.8 X99.419 Y28.407 E2371.3135
G0 F9000 X99.419 Y26.94
G1 F3987.8 X96.865 Y29.494 E2371.4937
G0 F9000 X99.5 Y29.574
;TYPE:WALL-INNER
G1 F997 X95.7 Y29.574 E2371.68328
G1 X95.7 Y25.026 E2371.91018
G1 X99.5 Y25.025 E2372.09977
G1 X99.5 Y29.574 E2372.32672
G0 F9000 X99.9 Y29.974
;TYPE:WALL-OUTER
G1 F997 X95.3 Y29.974 E2372.55621
G1 X95.3 Y24.626 E2372.82303
G1 X99.9 Y24.625 E2373.05252
G1 X99.9 Y29.974 E2373.31938
G0 F9000 X99.7 Y29.974
G0 X99.46 Y29.534
G0 X99.3 Y29.374
G1 F1500 E2366.81938
G0 F9000 X95.52 Y29.494
G0 X94.435 Y29.494
G0 X90.565 Y29.494
G0 X89.48 Y29.494
G0 X89.192 Y29.494
;TYPE:FILL
G1 F1500 E2373.31938
G1 F3987.8 X85.579 Y25.88 E2373.57434
G0 F9000 X85.579 Y29.467
G1 F3987.8 X89.219 Y25.827 E2373.83116
G0 F9000 X89.3 Y29.574
;TYPE:WALL-INNER
G1 F997 X85.5 Y29.574 E2374.02074
G1 X85.5 Y25.026 E2374.24764
G1 X89.3 Y25.025 E2374.43722
G1 X89.3 Y29.574 E2374.66417
G0 F9000 X89.7 Y29.974
;TYPE:WALL-OUTER
G1 F997 X85.1 Y29.974 E2374.89367
G1 X85.1 Y24.626 E2375.16048
G1 X89.7 Y24.625 E2375.38998
G1 X89.7 Y29.974 E2375.65684
G0 F9000 X89.5 Y29.974
G0 X89.26 Y29.534
G0 X89.1 Y29.374
G1 F1500 E2369.15684
G0 F9000 X89.22 Y24.826
G0 X89.219 Y23.761
G0 X89.22 Y20.587
G0 X89.22 Y19.502
G0 X89.219 Y18.207
;TYPE:FILL
G1 F1500 E2375.65684
G1 F3987.8 X86.865 Y15.854 E2375.82289
G0 F9000 X87.878 Y15.854
G1 F3987.8 X85.579 Y18.152 E2375.98506
G0 F9000 X89.3 Y19.322
;TYPE:WALL-INNER
G1 F997 X85.5 Y19.322 E2376.17465
G1 X85.5 Y15.774 E2376.35166
G1 X89.3 Y15.774 E2376.54124
G1 X89.3 Y19.322 E2376.71825
G0 F9000 X89.7 Y19.722
;TYPE:WALL-OUTER
G1 F997 X85.1 Y19.722 E2376.94774
G1 X85.1 Y15.374 E2377.16467
G1 X89.7 Y15.374 E2377.39416
G1 X89.7 Y19.722 E2377.61108
G0 F9000 X89.5 Y19.722
G0 X89.26 Y19.282
G0 X89.1 Y19.122
G1 F1500 E2371.11108
G0 F9000 X89.48 Y19.11
G0 X90.565 Y19.11
G0 X94.435 Y19.11
G0 X95.52 Y19.11
G0 X95.779 Y19.11
;TYPE:FILL
G1 F1500 E2377.61108
G1 F3987.8 X95.91 Y19.241 E2377.62033
G1 X95.804 Y19.241
G1 X99.192 Y15.854 E2377.85933
G0 F9000 X98.179 Y15.854
G1 F3987.8 X99.419 Y17.094 E2377.94682
G0 F9000 X99.5 Y19.322
;TYPE:WALL-INNER
G1 F997 X95.7 Y19.322 E2378.13641
G1 X95.7 Y15.774 E2378.31342
G1 X99.5 Y15.774 E2378.503
G1 X99.5 Y19.322 E2378.68001
G0 F9000 X99.9 Y19.722
;TYPE:WALL-OUTER
G1 F997 X95.3 Y19.722 E2378.9095
G1 X95.3 Y15.374 E2379.12643
G1 X99.9 Y15.374 E2379.35592
G1 X99.9 Y19.722 E2379.57284
G0 F9000 X99.7 Y19.722
G0 X99.46 Y19.282
G0 X99.3 Y19.122
G1 F1500 E2373.07284
;MESH:NONMESH
G0 F300 X99.3 Y19.122 Z10.5
G0 F9000 X96.363 Y19.502
G0 X96.363 Y20.587
G0 X96.363 Y23.761
G0 X96.364 Y24.826
G0 X96.363 Y25.351
;TIME_ELAPSED:2286.357254
;LAYER:34
;TYPE:FILL
;MESH:realsense_camera_clamp-Body.stl
G1 F1500 E2379.57284
G1 F3870 X99.419 Y28.407 E2379.78846
G0 F9000 X99.419 Y26.94
G1 F3870 X96.865 Y29.494 E2379.96866
G0 F9000 X99.5 Y29.574
;TYPE:WALL-INNER
G1 F967.5 X95.7 Y29.574 E2380.15824
G1 X95.7 Y25.272 E2380.37287
G1 X99.5 Y25.271 E2380.56245
G1 X99.5 Y29.574 E2380.77713
G0 F9000 X99.9 Y29.974
;TYPE:WALL-OUTER
G1 F967.5 X95.3 Y29.974 E2381.00663
G1 X95.3 Y24.872 E2381.26117
G1 X99.9 Y24.871 E2381.49066
G1 X99.9 Y29.974 E2381.74525
G0 F9000 X99.7 Y29.974
G0 X99.46 Y29.534
G0 X99.3 Y29.374
G1 F1500 E2375.24525
G0 F9000 X95.52 Y29.494
G0 X94.435 Y29.494
G0 X90.565 Y29.494
G0 X89.48 Y29.494
G0 X89.192 Y29.494
;TYPE:FILL
G1 F1500 E2381.74525
G1 F3870 X85.579 Y25.88 E2382.0002
G0 F9000 X85.579 Y29.467
G1 F3870 X89.219 Y25.827 E2382.25702
G0 F9000 X89.3 Y29.574
;TYPE:WALL-INNER
G1 F967.5 X85.5 Y29.574 E2382.44661
G1 X85.5 Y25.272 E2382.66123
G1 X89.3 Y25.272 E2382.85082
G1 X89.3 Y29.574 E2383.06544
G0 F9000 X89.7 Y29.974
;TYPE:WALL-OUTER
G1 F967.5 X85.1 Y29.974 E2383.29494
G1 X85.1 Y24.872 E2383.54948
G1 X89.7 Y24.872 E2383.77897
G1 X89.7 Y29.974 E2384.03351
G0 F9000 X89.5 Y29.974
G0 X89.26 Y29.534
G0 X89.1 Y29.374
G1 F1500 E2377.53351
G0 F9000 X89.219 Y25.092
G0 X89.219 Y24.007
G0 X89.222 Y20.342
G0 X89.222 Y19.257
G0 X89.219 Y18.207
;TYPE:FILL
G1 F1500 E2384.03351
G1 F3870 X86.865 Y15.854 E2384.19957
G0 F9000 X87.878 Y15.854
G1 F3870 X85.579 Y18.153 E2384.36177
G0 F9000 X89.3 Y19.077
;TYPE:WALL-INNER
G1 F967.5 X85.5 Y19.076 E2384.55136
G1 X85.5 Y15.774 E2384.71609
G1 X89.3 Y15.774 E2384.90568
G1 X89.3 Y19.077 E2385.07046
G0 F9000 X89.7 Y19.477
;TYPE:WALL-OUTER
G1 F967.5 X85.1 Y19.476 E2385.29996
G1 X85.1 Y15.374 E2385.50461
G1 X89.7 Y15.374 E2385.7341
G1 X89.7 Y19.477 E2385.9388
G0 F9000 X89.5 Y19.477
G0 X89.26 Y19.037
G0 X89.1 Y18.877
G1 F1500 E2379.4388
G0 F9000 X89.48 Y18.997
G0 X90.565 Y18.997
G0 X94.435 Y18.997
G0 X95.52 Y18.997
G0 X96.049 Y18.997
;TYPE:FILL
G1 F1500 E2385.9388
G1 F3870 X99.192 Y15.854 E2386.16056
G0 F9000 X98.179 Y15.854
G1 F3870 X99.419 Y17.094 E2386.24805
G0 F9000 X99.5 Y19.077
;TYPE:WALL-INNER
G1 F967.5 X95.7 Y19.077 E2386.43763
G1 X95.7 Y15.774 E2386.60242
G1 X99.5 Y15.774 E2386.792
G1 X99.5 Y19.077 E2386.95679
G0 F9000 X99.9 Y19.477
;TYPE:WALL-OUTER
G1 F967.5 X95.3 Y19.477 E2387.18628
G1 X95.3 Y15.374 E2387.39098
G1 X99.9 Y15.374 E2387.62048
G1 X99.9 Y19.477 E2387.82518
G0 F9000 X99.7 Y19.477
G0 X99.46 Y19.037
G0 X99.3 Y18.877
G1 F1500 E2381.32518
;MESH:NONMESH
G0 F300 X99.3 Y18.877 Z10.8
G0 F9000 X96.521 Y19.257
G0 X96.521 Y20.342
G0 X96.521 Y24.007
G0 X96.522 Y25.072
G0 X96.521 Y25.509
;TIME_ELAPSED:2301.061197
;LAYER:35
;TYPE:FILL
;MESH:realsense_camera_clamp-Body.stl
G1 F1500 E2387.82518
G1 F3799 X99.419 Y28.407 E2388.02965
G0 F9000 X99.419 Y26.94
G1 F3799 X96.865 Y29.494 E2388.20984
G0 F9000 X99.5 Y29.574
;TYPE:WALL-INNER
G1 F949.7 X95.7 Y29.574 E2388.39943
G1 X95.7 Y25.43 E2388.60617
G1 X99.5 Y25.429 E2388.79575
G1 X99.5 Y29.574 E2389.00255
G0 F9000 X99.9 Y29.974
;TYPE:WALL-OUTER
G1 F949.7 X95.3 Y29.974 E2389.23204
G1 X95.3 Y25.03 E2389.4787
G1 X99.9 Y25.029 E2389.7082
G1 X99.9 Y29.974 E2389.9549
G0 F9000 X99.7 Y29.974
G0 X99.46 Y29.534
G0 X99.3 Y29.374
G1 F1500 E2383.4549
G0 F9000 X95.52 Y29.494
G0 X94.435 Y29.494
G0 X90.565 Y29.494
G0 X89.48 Y29.494
G0 X89.192 Y29.494
;TYPE:FILL
G1 F1500 E2389.9549
G1 F3799 X85.579 Y25.88 E2390.20985
G0 F9000 X85.579 Y29.467
G1 F3799 X89.219 Y25.827 E2390.46668
G0 F9000 X89.3 Y29.574
;TYPE:WALL-INNER
G1 F949.7 X85.5 Y29.574 E2390.65626
G1 X85.5 Y25.43 E2390.863
G1 X89.3 Y25.43 E2391.05259
G1 X89.3 Y29.574 E2391.25933
G0 F9000 X89.7 Y29.974
;TYPE:WALL-OUTER
G1 F949.7 X85.1 Y29.974 E2391.48883
G1 X85.1 Y25.03 E2391.73548
G1 X89.7 Y25.03 E2391.96498
G1 X89.7 Y29.974 E2392.21164
G0 F9000 X89.5 Y29.974
G0 X89.26 Y29.534
G0 X89.1 Y29.374
G1 F1500 E2385.71164
G0 F9000 X89.219 Y25.25
G0 X89.219 Y24.165
G0 X89.222 Y20.184
G0 X89.222 Y19.099
G0 X89.219 Y18.207
;TYPE:FILL
G1 F1500 E2392.21164
G1 F3799 X86.865 Y15.854 E2392.37769
G0 F9000 X87.878 Y15.854
G1 F3799 X85.579 Y18.153 E2392.5399
G0 F9000 X89.3 Y18.919
;TYPE:WALL-INNER
G1 F949.7 X85.5 Y18.918 E2392.72948
G1 X85.5 Y15.774 E2392.88633
G1 X89.3 Y15.774 E2393.07592
G1 X89.3 Y18.919 E2393.23282
G0 F9000 X89.7 Y19.319
;TYPE:WALL-OUTER
G1 F949.7 X85.1 Y19.318 E2393.46232
G1 X85.1 Y15.374 E2393.65908
G1 X89.7 Y15.374 E2393.88858
G1 X89.7 Y19.319 E2394.08539
G0 F9000 X89.5 Y19.319
G0 X89.26 Y18.879
G0 X89.1 Y18.719
G1 F1500 E2387.58539
G0 F9000 X89.48 Y18.838
G0 X90.565 Y18.838
G0 X94.435 Y18.838
G0 X95.52 Y18.838
G0 X96.207 Y18.838
;TYPE:FILL
G1 F1500 E2394.08539
G1 F3799 X99.192 Y15.854 E2394.29597
G0 F9000 X98.179 Y15.854
G1 F3799 X99.419 Y17.094 E2394.38346
G0 F9000 X99.5 Y18.919
;TYPE:WALL-INNER
G1 F949.7 X95.7 Y18.919 E2394.57304
G1 X95.7 Y15.774 E2394.72994
G1 X99.5 Y15.774 E2394.91953
G1 X99.5 Y18.919 E2395.07643
G0 F9000 X99.9 Y19.319
;TYPE:WALL-OUTER
G1 F949.7 X95.3 Y19.319 E2395.30593
G1 X95.3 Y15.374 E2395.50274
G1 X99.9 Y15.374 E2395.73224
G1 X99.9 Y19.319 E2395.92905
G0 F9000 X99.7 Y19.319
G0 X99.46 Y18.879
G0 X99.3 Y18.719
G1 F1500 E2389.42905
;MESH:NONMESH
G0 F300 X99.3 Y18.719 Z11.1
G0 F9000 X96.674 Y19.099
G0 X96.674 Y20.184
G0 X96.674 Y24.165
G0 X96.675 Y25.23
G0 X96.674 Y25.662
;TIME_ELAPSED:2315.735729
;LAYER:36
;TYPE:FILL
;MESH:realsense_camera_clamp-Body.stl
G1 F1500 E2395.92905
G1 F3730.1 X99.419 Y28.407 E2396.12273
G0 F9000 X99.419 Y26.94
G1 F3730.1 X96.865 Y29.494 E2396.30293
G0 F9000 X99.5 Y29.574
;TYPE:WALL-INNER
G1 F932.5 X95.7 Y29.574 E2396.49251
G1 X95.7 Y25.582 E2396.69167
G1 X99.5 Y25.582 E2396.88125
G1 X99.5 Y29.574 E2397.08042
G0 F9000 X99.9 Y29.974
;TYPE:WALL-OUTER
G1 F932.5 X95.3 Y29.974 E2397.30991
G1 X95.3 Y25.182 E2397.54898
G1 X99.9 Y25.182 E2397.77848
G1 X99.9 Y29.974 E2398.01755
G0 F9000 X99.7 Y29.974
G0 X99.46 Y29.534
G0 X99.3 Y29.374
G1 F1500 E2391.51755
G0 F9000 X95.52 Y29.494
G0 X94.435 Y29.494
G0 X90.565 Y29.494
G0 X89.48 Y29.494
G0 X89.192 Y29.494
;TYPE:FILL
G1 F1500 E2398.01755
G1 F3730.1 X85.579 Y25.88 E2398.27251
G0 F9000 X85.579 Y29.467
G1 F3730.1 X89.219 Y25.827 E2398.52933
G0 F9000 X89.3 Y29.574
;TYPE:WALL-INNER
G1 F932.5 X85.5 Y29.574 E2398.71891
G1 X85.5 Y25.582 E2398.91807
G1 X89.3 Y25.583 E2399.10765
G1 X89.3 Y29.574 E2399.30677
G0 F9000 X89.7 Y29.974
;TYPE:WALL-OUTER
G1 F932.5 X85.1 Y29.974 E2399.53626
G1 X85.1 Y25.182 E2399.77533
G1 X89.7 Y25.183 E2400.00483
G1 X89.7 Y29.974 E2400.24385
G0 F9000 X89.5 Y29.974
G0 X89.26 Y29.534
G0 X89.1 Y29.374
G1 F1500 E2393.74385
G0 F9000 X89.216 Y25.402
G0 X89.216 Y24.317
G0 X89.216 Y20.031
G0 X89.216 Y18.946
G0 X89.219 Y18.207
;TYPE:FILL
G1 F1500 E2400.24385
G1 F3730.1 X86.865 Y15.854 E2400.40991
G0 F9000 X87.878 Y15.854
G1 F3730.1 X85.579 Y18.152 E2400.57208
G0 F9000 X89.3 Y18.766
;TYPE:WALL-INNER
G1 F932.5 X85.5 Y18.766 E2400.76166
G1 X85.5 Y15.774 E2400.91093
G1 X89.3 Y15.774 E2401.10051
G1 X89.3 Y18.766 E2401.24979
G0 F9000 X89.7 Y19.166
;TYPE:WALL-OUTER
G1 F932.5 X85.1 Y19.166 E2401.47928
G1 X85.1 Y15.374 E2401.66846
G1 X89.7 Y15.374 E2401.89796
G1 X89.7 Y19.166 E2402.08714
G0 F9000 X89.5 Y19.166
G0 X89.26 Y18.726
G0 X89.1 Y18.566
G1 F1500 E2395.58714
G0 F9000 X89.48 Y18.686
G0 X90.565 Y18.686
G0 X94.435 Y18.686
G0 X95.52 Y18.686
G0 X96.36 Y18.686
;TYPE:FILL
G1 F1500 E2402.08714
G1 F3730.1 X99.192 Y15.854 E2402.28696
G0 F9000 X98.179 Y15.854
G1 F3730.1 X99.419 Y17.094 E2402.37444
G0 F9000 X99.5 Y18.766
;TYPE:WALL-INNER
G1 F932.5 X95.7 Y18.766 E2402.56403
G1 X95.7 Y15.774 E2402.7133
G1 X99.5 Y15.774 E2402.90288
G1 X99.5 Y18.766 E2403.05215
G0 F9000 X99.9 Y19.166
;TYPE:WALL-OUTER
G1 F932.5 X95.3 Y19.166 E2403.28165
G1 X95.3 Y15.374 E2403.47083
G1 X99.9 Y15.374 E2403.70033
G1 X99.9 Y19.166 E2403.88951
G0 F9000 X99.7 Y19.166
G0 X99.46 Y18.726
G0 X99.3 Y18.566
G1 F1500 E2397.38951
;MESH:NONMESH
G0 F300 X99.3 Y18.566 Z11.4
G0 F9000 X96.747 Y18.946
G0 X96.747 Y20.031
G0 X96.747 Y24.317
G0 X96.747 Y25.402
G0 X96.747 Y25.735
;TIME_ELAPSED:2330.382493
;LAYER:37
;TYPE:FILL
;MESH:realsense_camera_clamp-Body.stl
G1 F1500 E2403.88951
G1 F3697 X99.419 Y28.407 E2404.07803
G0 F9000 X99.419 Y26.94
G1 F3697 X96.865 Y29.494 E2404.25823
G0 F9000 X99.5 Y29.574
;TYPE:WALL-INNER
G1 F924.2 X95.7 Y29.574 E2404.44782
G1 X95.7 Y25.656 E2404.64329
G1 X99.5 Y25.656 E2404.83287
G1 X99.5 Y29.574 E2405.02834
G0 F9000 X99.9 Y29.974
;TYPE:WALL-OUTER
G1 F924.2 X95.3 Y29.974 E2405.25783
G1 X95.3 Y25.256 E2405.49321
G1 X99.9 Y25.256 E2405.72271
G1 X99.9 Y29.974 E2405.95809
G0 F9000 X99.7 Y29.974
G0 X99.46 Y29.534
G0 X99.3 Y29.374
G1 F1500 E2399.45809
G0 F9000 X95.52 Y29.494
G0 X94.435 Y29.494
G0 X90.565 Y29.494
G0 X89.48 Y29.494
G0 X89.192 Y29.494
;TYPE:FILL
G1 F1500 E2405.95809
G1 F3697 X85.579 Y25.88 E2406.21304
G0 F9000 X85.579 Y29.466
G1 F3697 X89.219 Y25.827 E2406.46983
G0 F9000 X89.3 Y29.574
;TYPE:WALL-INNER
G1 F924.2 X85.5 Y29.574 E2406.65941
G1 X85.5 Y25.656 E2406.85488
G1 X89.3 Y25.657 E2407.04447
G1 X89.3 Y29.574 E2407.23989
G0 F9000 X89.7 Y29.974
;TYPE:WALL-OUTER
G1 F924.2 X85.1 Y29.974 E2407.46938
G1 X85.1 Y25.256 E2407.70476
G1 X89.7 Y25.257 E2407.93426
G1 X89.7 Y29.974 E2408.16959
G0 F9000 X89.5 Y29.974
G0 X89.26 Y29.534
G0 X89.1 Y29.374
G1 F1500 E2401.66959
G0 F9000 X89.216 Y25.476
G0 X89.216 Y24.391
G0 X89.216 Y19.957
G0 X89.216 Y18.872
G0 X89.219 Y18.207
;TYPE:FILL
G1 F1500 E2408.16959
G1 F3697 X86.865 Y15.854 E2408.33564
G0 F9000 X87.878 Y15.854
G1 F3697 X85.579 Y18.153 E2408.49785
G0 F9000 X89.3 Y18.692
;TYPE:WALL-INNER
G1 F924.2 X85.5 Y18.692 E2408.68743
G1 X85.5 Y15.774 E2408.83301
G1 X89.3 Y15.774 E2409.02259
G1 X89.3 Y18.692 E2409.16817
G0 F9000 X89.7 Y19.092
;TYPE:WALL-OUTER
G1 F924.2 X85.1 Y19.092 E2409.39767
G1 X85.1 Y15.374 E2409.58316
G1 X89.7 Y15.374 E2409.81265
G1 X89.7 Y19.092 E2409.99815
G0 F9000 X89.5 Y19.092
G0 X89.26 Y18.652
G0 X89.1 Y18.492
G1 F1500 E2403.49815
G0 F9000 X89.48 Y18.612
G0 X90.565 Y18.612
G0 X94.435 Y18.612
G0 X95.52 Y18.612
G0 X96.433 Y18.612
;TYPE:FILL
G1 F1500 E2409.99815
G1 F3697 X99.192 Y15.854 E2410.19277
G0 F9000 X98.179 Y15.854
G1 F3697 X99.419 Y17.094 E2410.28026
G0 F9000 X99.5 Y18.692
;TYPE:WALL-INNER
G1 F924.2 X95.7 Y18.692 E2410.46985
G1 X95.7 Y15.774 E2410.61542
G1 X99.5 Y15.774 E2410.80501
G1 X99.5 Y18.692 E2410.95059
G0 F9000 X99.9 Y19.092
;TYPE:WALL-OUTER
G1 F924.2 X95.3 Y19.092 E2411.18008
G1 X95.3 Y15.374 E2411.36557
G1 X99.9 Y15.374 E2411.59507
G1 X99.9 Y19.092 E2411.78056
G0 F9000 X99.7 Y19.092
G0 X99.46 Y18.652
G0 X99.3 Y18.492
G1 F1500 E2405.28056
;MESH:NONMESH
G0 F300 X99.3 Y18.492 Z11.7
G0 F9000 X96.822 Y18.872
G0 X96.822 Y19.957
G0 X96.822 Y24.391
G0 X96.822 Y25.476
G0 X96.822 Y25.81
;TIME_ELAPSED:2345.014759
;LAYER:38
;TYPE:FILL
;MESH:realsense_camera_clamp-Body.stl
G1 F1500 E2411.78056
G1 F3663.6 X99.419 Y28.407 E2411.96379
G0 F9000 X99.419 Y26.94
G1 F3663.6 X96.865 Y29.494 E2412.14399
G0 F9000 X99.5 Y29.574
;TYPE:WALL-INNER
G1 F915.9 X95.7 Y29.574 E2412.33357
G1 X95.7 Y25.73 E2412.52535
G1 X99.5 Y25.73 E2412.71493
G1 X99.5 Y29.574 E2412.90671
G0 F9000 X99.9 Y29.974
;TYPE:WALL-OUTER
G1 F915.9 X95.3 Y29.974 E2413.13621
G1 X95.3 Y25.33 E2413.3679
G1 X99.9 Y25.33 E2413.59739
G1 X99.9 Y29.974 E2413.82908
G0 F9000 X99.7 Y29.974
G0 X99.46 Y29.534
G0 X99.3 Y29.374
G1 F1500 E2407.32908
G0 F9000 X95.52 Y29.494
G0 X94.435 Y29.494
G0 X90.565 Y29.494
G0 X89.48 Y29.494
G0 X89.192 Y29.494
;TYPE:FILL
G1 F1500 E2413.82908
G1 F3663.6 X85.579 Y25.88 E2414.08403
G0 F9000 X85.579 Y29.467
G1 F3663.6 X89.219 Y25.827 E2414.34086
G0 F9000 X89.3 Y29.574
;TYPE:WALL-INNER
G1 F915.9 X85.5 Y29.574 E2414.53044
G1 X85.5 Y25.73 E2414.72222
G1 X89.3 Y25.731 E2414.9118
G1 X89.3 Y29.574 E2415.10353
G0 F9000 X89.7 Y29.974
;TYPE:WALL-OUTER
G1 F915.9 X85.1 Y29.974 E2415.33302
G1 X85.1 Y25.33 E2415.56471
G1 X89.7 Y25.331 E2415.79421
G1 X89.7 Y29.974 E2416.02585
G0 F9000 X89.5 Y29.974
G0 X89.26 Y29.534
G0 X89.1 Y29.374
G1 F1500 E2409.52585
G0 F9000 X89.216 Y25.55
G0 X89.216 Y24.465
G0 X89.216 Y19.883
G0 X89.216 Y18.798
G0 X89.219 Y18.207
;TYPE:FILL
G1 F1500 E2416.02585
G1 F3663.6 X86.865 Y15.854 E2416.1919
G0 F9000 X87.878 Y15.854
G1 F3663.6 X85.579 Y18.153 E2416.35411
G0 F9000 X89.3 Y18.618
;TYPE:WALL-INNER
G1 F915.9 X85.5 Y18.618 E2416.54369
G1 X85.5 Y15.774 E2416.68558
G1 X89.3 Y15.774 E2416.87516
G1 X89.3 Y18.618 E2417.01705
G0 F9000 X89.7 Y19.018
;TYPE:WALL-OUTER
G1 F915.9 X85.1 Y19.018 E2417.24654
G1 X85.1 Y15.374 E2417.42834
G1 X89.7 Y15.374 E2417.65784
G1 X89.7 Y19.018 E2417.83964
G0 F9000 X89.5 Y19.018
G0 X89.26 Y18.578
G0 X89.1 Y18.418
G1 F1500 E2411.33964
G0 F9000 X89.48 Y18.538
G0 X90.565 Y18.538
G0 X94.435 Y18.538
G0 X95.52 Y18.538
G0 X96.508 Y18.538
;TYPE:FILL
G1 F1500 E2417.83964
G1 F3663.6 X99.192 Y15.854 E2418.02901
G0 F9000 X98.179 Y15.854
G1 F3663.6 X99.419 Y17.094 E2418.1165
G0 F9000 X99.5 Y18.618
;TYPE:WALL-INNER
G1 F915.9 X95.7 Y18.618 E2418.30608
G1 X95.7 Y15.774 E2418.44797
G1 X99.5 Y15.774 E2418.63755
G1 X99.5 Y18.618 E2418.77944
G0 F9000 X99.9 Y19.018
;TYPE:WALL-OUTER
G1 F915.9 X95.3 Y19.018 E2419.00893
G1 X95.3 Y15.374 E2419.19073
G1 X99.9 Y15.374 E2419.42023
G1 X99.9 Y19.018 E2419.60203
G0 F9000 X99.7 Y19.018
G0 X99.46 Y18.578
G0 X99.3 Y18.418
G1 F1500 E2413.10203
;MESH:NONMESH
G0 F300 X99.3 Y18.418 Z12
G0 F9000 X96.843 Y18.798
G0 X96.843 Y19.883
G0 X96.843 Y24.465
G0 X96.843 Y25.55
G0 X96.843 Y25.832
;TIME_ELAPSED:2359.633473
;LAYER:39
;TYPE:FILL
;MESH:realsense_camera_clamp-Body.stl
G1 F1500 E2419.60203
G1 F3653.8 X99.419 Y28.407 E2419.78374
G0 F9000 X99.419 Y26.94
G1 F3653.8 X96.865 Y29.494 E2419.96394
G0 F9000 X99.5 Y29.574
;TYPE:WALL-INNER
G1 F913.4 X95.7 Y29.574 E2420.15352
G1 X95.7 Y25.752 E2420.34421
G1 X99.5 Y25.752 E2420.53379
G1 X99.5 Y29.574 E2420.72447
G0 F9000 X99.9 Y29.974
;TYPE:WALL-OUTER
G1 F913.4 X95.3 Y29.974 E2420.95396
G1 X95.3 Y25.352 E2421.18456
G1 X99.9 Y25.352 E2421.41405
G1 X99.9 Y29.974 E2421.64464
G0 F9000 X99.7 Y29.974
G0 X99.46 Y29.534
G0 X99.3 Y29.374
G1 F1500 E2415.14464
G0 F9000 X95.52 Y29.494
G0 X94.435 Y29.494
G0 X90.565 Y29.494
G0 X89.48 Y29.494
G0 X89.192 Y29.494
;TYPE:FILL
G1 F1500 E2421.64464
G1 F3653.8 X85.579 Y25.88 E2421.8996
G0 F9000 X85.579 Y29.466
G1 F3653.8 X89.214 Y25.832 E2422.15603
G0 F9000 X89.3 Y29.574
;TYPE:WALL-INNER
G1 F913.4 X85.5 Y29.574 E2422.34561
G1 X85.5 Y25.752 E2422.53629
G1 X89.3 Y25.752 E2422.72587
G1 X89.3 Y29.574 E2422.91655
G0 F9000 X89.7 Y29.974
;TYPE:WALL-OUTER
G1 F913.4 X85.1 Y29.974 E2423.14605
G1 X85.1 Y25.352 E2423.37664
G1 X89.7 Y25.352 E2423.60614
G1 X89.7 Y29.974 E2423.83673
G0 F9000 X89.5 Y29.974
G0 X89.26 Y29.534
G0 X89.1 Y29.374
G1 F1500 E2417.33673
G0 F9000 X89.219 Y25.572
G0 X89.219 Y24.487
G0 X89.219 Y19.861
G0 X89.219 Y18.776
G0 X89.219 Y18.207
;TYPE:FILL
G1 F1500 E2423.83673
G1 F3653.8 X86.865 Y15.854 E2424.00278
G0 F9000 X87.878 Y15.854
G1 F3653.8 X85.579 Y18.153 E2424.16499
G0 F9000 X89.3 Y18.596
;TYPE:WALL-INNER
G1 F913.4 X85.5 Y18.596 E2424.35457
G1 X85.5 Y15.774 E2424.49536
G1 X89.3 Y15.774 E2424.68494
G1 X89.3 Y18.596 E2424.82573
G0 F9000 X89.7 Y18.996
;TYPE:WALL-OUTER
G1 F913.4 X85.1 Y18.996 E2425.05523
G1 X85.1 Y15.374 E2425.23593
G1 X89.7 Y15.374 E2425.46543
G1 X89.7 Y18.996 E2425.64613
G0 F9000 X89.5 Y18.996
G0 X89.26 Y18.556
G0 X89.1 Y18.396
G1 F1500 E2419.14613
G0 F9000 X89.48 Y18.516
G0 X90.565 Y18.516
G0 X94.435 Y18.516
G0 X95.52 Y18.516
G0 X96.529 Y18.516
;TYPE:FILL
G1 F1500 E2425.64613
G1 F3653.8 X99.192 Y15.854 E2425.83398
G0 F9000 X98.179 Y15.854
G1 F3653.8 X99.419 Y17.094 E2425.92147
G0 F9000 X99.5 Y18.596
;TYPE:WALL-INNER
G1 F913.4 X95.7 Y18.596 E2426.11105
G1 X95.7 Y15.774 E2426.25184
G1 X99.5 Y15.774 E2426.44143
G1 X99.5 Y18.596 E2426.58222
G0 F9000 X99.9 Y18.996
;TYPE:WALL-OUTER
G1 F913.4 X95.3 Y18.996 E2426.81171
G1 X95.3 Y15.374 E2426.99241
G1 X99.9 Y15.374 E2427.22191
G1 X99.9 Y18.996 E2427.40261
G0 F9000 X99.7 Y18.996
G0 X99.46 Y18.556
G0 X99.3 Y18.396
G1 F1500 E2420.90261
;MESH:NONMESH
G0 F300 X99.3 Y18.396 Z12.3
G0 F9000 X96.843 Y18.776
G0 X96.843 Y19.861
G0 X96.843 Y24.487
G0 X96.843 Y25.572
G0 X96.843 Y25.832
;TIME_ELAPSED:2374.247785
;LAYER:40
;TYPE:FILL
;MESH:realsense_camera_clamp-Body.stl
G1 F1500 E2427.40261
G1 F3645 X99.419 Y28.407 E2427.58433
G0 F9000 X99.419 Y26.94
G1 F3645 X96.882 Y29.477 E2427.76333
G0 F9000 X99.5 Y29.557
;TYPE:WALL-INNER
G1 F911.3 X95.7 Y29.557 E2427.95291
G1 X95.7 Y25.752 E2428.14274
G1 X99.5 Y25.752 E2428.33232
G1 X99.5 Y29.557 E2428.52216
G0 F9000 X99.9 Y29.957
;TYPE:WALL-OUTER
G1 F911.3 X95.3 Y29.957 E2428.75165
G1 X95.3 Y25.352 E2428.9814
G1 X99.9 Y25.352 E2429.21089
G1 X99.9 Y29.957 E2429.44063
G0 F9000 X99.7 Y29.957
G0 X99.46 Y29.517
G0 X99.3 Y29.357
G1 F1500 E2422.94063
G0 F9000 X95.52 Y29.476
G0 X94.435 Y29.476
G0 X90.565 Y29.476
G0 X89.48 Y29.476
G0 X89.174 Y29.476
;TYPE:FILL
G1 F1500 E2429.44063
G1 F3645 X85.579 Y25.88 E2429.69432
G0 F9000 X85.579 Y29.466
G1 F3645 X89.214 Y25.832 E2429.95075
G0 F9000 X89.3 Y29.557
;TYPE:WALL-INNER
G1 F911.3 X85.5 Y29.556 E2430.14033
G1 X85.5 Y25.752 E2430.33012
G1 X89.3 Y25.752 E2430.5197
G1 X89.3 Y29.557 E2430.70953
G0 F9000 X89.7 Y29.957
;TYPE:WALL-OUTER
G1 F911.3 X85.1 Y29.956 E2430.93903
G1 X85.1 Y25.352 E2431.16872
G1 X89.7 Y25.352 E2431.39822
G1 X89.7 Y29.957 E2431.62796
G0 F9000 X89.5 Y29.957
G0 X89.26 Y29.517
G0 X89.1 Y29.357
G1 F1500 E2425.12796
G0 F9000 X89.219 Y25.572
G0 X89.219 Y24.487
G0 X89.219 Y19.861
G0 X89.219 Y18.776
G0 X89.219 Y18.207
;TYPE:FILL
G1 F1500 E2431.62796
G1 F3645 X86.883 Y15.871 E2431.79278
G0 F9000 X87.86 Y15.871
G1 F3645 X85.579 Y18.153 E2431.95375
G0 F9000 X89.3 Y18.596
;TYPE:WALL-INNER
G1 F911.3 X85.5 Y18.596 E2432.14333
G1 X85.5 Y15.791 E2432.28327
G1 X89.3 Y15.792 E2432.47286
G1 X89.3 Y18.596 E2432.61275
G0 F9000 X89.7 Y18.996
;TYPE:WALL-OUTER
G1 F911.3 X85.1 Y18.996 E2432.84224
G1 X85.1 Y15.391 E2433.0221
G1 X89.7 Y15.392 E2433.25159
G1 X89.7 Y18.996 E2433.4314
G0 F9000 X89.5 Y18.996
G0 X89.26 Y18.556
G0 X89.1 Y18.396
G1 F1500 E2426.9314
G0 F9000 X89.48 Y18.516
G0 X90.565 Y18.516
G0 X94.435 Y18.516
G0 X95.52 Y18.516
G0 X96.529 Y18.516
;TYPE:FILL
G1 F1500 E2433.4314
G1 F3645 X99.175 Y15.871 E2433.61805
G0 F9000 X98.196 Y15.871
G1 F3645 X99.419 Y17.094 E2433.70434
G0 F9000 X99.5 Y18.596
;TYPE:WALL-INNER
G1 F911.3 X95.7 Y18.596 E2433.89392
G1 X95.7 Y15.791 E2434.03387
G1 X99.5 Y15.791 E2434.22345
G1 X99.5 Y18.596 E2434.36339
G0 F9000 X99.9 Y18.996
;TYPE:WALL-OUTER
G1 F911.3 X95.3 Y18.996 E2434.59289
G1 X95.3 Y15.391 E2434.77274
G1 X99.9 Y15.391 E2435.00223
G1 X99.9 Y18.996 E2435.18209
G0 F9000 X99.7 Y18.996
G0 X99.46 Y18.556
G0 X99.3 Y18.396
G1 F1500 E2428.68209
;MESH:NONMESH
G0 F300 X99.3 Y18.396 Z12.6
G0 F9000 X96.822 Y18.776
G0 X96.822 Y19.861
G0 X96.822 Y24.487
G0 X96.822 Y25.572
G0 X96.822 Y25.81
;TIME_ELAPSED:2388.854924
;LAYER:41
;TYPE:FILL
;MESH:realsense_camera_clamp-Body.stl
G1 F1500 E2435.18209
G1 F3637.1 X99.419 Y28.407 E2435.36532
G0 F9000 X99.419 Y26.94
G1 F3637.1 X96.916 Y29.443 E2435.54192
G0 F9000 X99.5 Y29.523
;TYPE:WALL-INNER
G1 F909.3 X95.7 Y29.524 E2435.7315
G1 X95.7 Y25.731 E2435.92074
G1 X99.5 Y25.731 E2436.11032
G1 X99.5 Y29.523 E2436.2995
G0 F9000 X99.9 Y29.923
;TYPE:WALL-OUTER
G1 F909.3 X95.3 Y29.924 E2436.529
G1 X95.3 Y25.331 E2436.75814
G1 X99.9 Y25.331 E2436.98764
G1 X99.9 Y29.923 E2437.21674
G0 F9000 X99.7 Y29.923
G0 X99.46 Y29.483
G0 X99.301 Y29.323
G1 F1500 E2430.71674
G0 F9000 X95.52 Y29.443
G0 X94.435 Y29.443
G0 X90.565 Y29.443
G0 X89.48 Y29.443
G0 X89.141 Y29.443
;TYPE:FILL
G1 F1500 E2437.21674
G1 F3637.1 X85.579 Y25.88 E2437.46809
G0 F9000 X85.603 Y29.443
G1 F3637.1 X89.219 Y25.827 E2437.72322
G0 F9000 X89.3 Y29.523
;TYPE:WALL-INNER
G1 F909.3 X85.5 Y29.523 E2437.9128
G1 X85.5 Y25.731 E2438.10198
G1 X89.3 Y25.73 E2438.29157
G1 X89.3 Y29.523 E2438.4808
G0 F9000 X89.7 Y29.923
;TYPE:WALL-OUTER
G1 F909.3 X85.1 Y29.923 E2438.71029
G1 X85.1 Y25.331 E2438.93939
G1 X89.7 Y25.33 E2439.16889
G1 X89.7 Y29.923 E2439.39803
G0 F9000 X89.5 Y29.923
G0 X89.26 Y29.483
G0 X89.1 Y29.323
G1 F1500 E2432.89803
G0 F9000 X89.22 Y25.531
G0 X89.219 Y24.466
G0 X89.22 Y19.882
G0 X89.219 Y18.817
G0 X89.219 Y18.207
;TYPE:FILL
G1 F1500 E2439.39803
G1 F3637.1 X86.918 Y15.906 E2439.56038
G0 F9000 X87.826 Y15.906
G1 F3637.1 X85.579 Y18.153 E2439.71892
G0 F9000 X89.3 Y18.617
;TYPE:WALL-INNER
G1 F909.3 X85.5 Y18.618 E2439.9085
G1 X85.5 Y15.826 E2440.04779
G1 X89.3 Y15.826 E2440.23738
G1 X89.3 Y18.617 E2440.37662
G0 F9000 X89.7 Y19.017
;TYPE:WALL-OUTER
G1 F909.3 X85.1 Y19.018 E2440.60611
G1 X85.1 Y15.426 E2440.78532
G1 X89.7 Y15.426 E2441.01482
G1 X89.7 Y19.017 E2441.19397
G0 F9000 X89.5 Y19.017
G0 X89.26 Y18.577
G0 X89.101 Y18.417
G1 F1500 E2434.69397
G0 F9000 X89.48 Y18.537
G0 X90.565 Y18.537
G0 X94.435 Y18.537
G0 X95.52 Y18.537
G0 X96.508 Y18.537
;TYPE:FILL
G1 F1500 E2441.19397
G1 F3637.1 X99.141 Y15.904 E2441.37974
G0 F9000 X98.231 Y15.905
G1 F3637.1 X99.419 Y17.094 E2441.4636
G0 F9000 X99.5 Y18.617
;TYPE:WALL-INNER
G1 F909.3 X95.7 Y18.617 E2441.65318
G1 X95.7 Y15.826 E2441.79242
G1 X99.5 Y15.825 E2441.98201
G1 X99.5 Y18.617 E2442.1213
G0 F9000 X99.9 Y19.017
;TYPE:WALL-OUTER
G1 F909.3 X95.3 Y19.017 E2442.3508
G1 X95.3 Y15.426 E2442.52995
G1 X99.9 Y15.425 E2442.75945
G1 X99.9 Y19.017 E2442.93865
G0 F9000 X99.7 Y19.017
G0 X99.46 Y18.577
G0 X99.3 Y18.417
G1 F1500 E2436.43865
;MESH:NONMESH
G0 F300 X99.3 Y18.417 Z12.9
G0 F9000 X96.749 Y18.797
G0 X96.749 Y19.882
G0 X96.749 Y24.466
G0 X96.749 Y25.551
G0 X96.749 Y25.737
;TIME_ELAPSED:2403.451542
;LAYER:42
;TYPE:FILL
;MESH:realsense_camera_clamp-Body.stl
G1 F1500 E2442.93865
G1 F3652.8 X99.419 Y28.407 E2443.12703
G0 F9000 X99.419 Y26.94
G1 F3652.8 X96.949 Y29.409 E2443.30127
G0 F9000 X99.5 Y29.489
;TYPE:WALL-INNER
G1 F913.2 X95.7 Y29.49 E2443.49085
G1 X95.7 Y25.657 E2443.68208
G1 X99.5 Y25.657 E2443.87167
G1 X99.5 Y29.489 E2444.06285
G0 F9000 X99.9 Y29.889
;TYPE:WALL-OUTER
G1 F913.2 X95.3 Y29.89 E2444.29234
G1 X95.3 Y25.257 E2444.52348
G1 X99.9 Y25.257 E2444.75298
G1 X99.9 Y29.889 E2444.98407
G0 F9000 X99.7 Y29.889
G0 X99.46 Y29.449
G0 X99.301 Y29.289
G1 F1500 E2438.48407
G0 F9000 X95.52 Y29.409
G0 X94.435 Y29.409
G0 X90.565 Y29.409
G0 X89.48 Y29.409
G0 X89.107 Y29.409
;TYPE:FILL
G1 F1500 E2444.98407
G1 F3652.8 X85.579 Y25.88 E2445.23302
G0 F9000 X85.636 Y29.409
G1 F3652.8 X89.219 Y25.827 E2445.48579
G0 F9000 X89.3 Y29.489
;TYPE:WALL-INNER
G1 F913.2 X85.5 Y29.489 E2445.67537
G1 X85.5 Y25.657 E2445.86655
G1 X89.3 Y25.656 E2446.05613
G1 X89.3 Y29.489 E2446.24736
G0 F9000 X89.7 Y29.889
;TYPE:WALL-OUTER
G1 F913.2 X85.1 Y29.889 E2446.47686
G1 X85.1 Y25.257 E2446.70795
G1 X89.7 Y25.256 E2446.93744
G1 X89.7 Y29.889 E2447.16858
G0 F9000 X89.5 Y29.889
G0 X89.26 Y29.449
G0 X89.1 Y29.289
G1 F1500 E2440.66858
G0 F9000 X89.22 Y25.457
G0 X89.219 Y24.392
G0 X89.22 Y19.956
G0 X89.219 Y18.891
G0 X89.219 Y18.207
;TYPE:FILL
G1 F1500 E2447.16858
G1 F3652.8 X86.952 Y15.94 E2447.32853
G0 F9000 X87.792 Y15.94
G1 F3652.8 X85.579 Y18.153 E2447.48467
G0 F9000 X89.3 Y18.691
;TYPE:WALL-INNER
G1 F913.2 X85.5 Y18.692 E2447.67426
G1 X85.5 Y15.86 E2447.81554
G1 X89.3 Y15.86 E2448.00513
G1 X89.3 Y18.691 E2448.14637
G0 F9000 X89.7 Y19.091
;TYPE:WALL-OUTER
G1 F913.2 X85.1 Y19.092 E2448.37586
G1 X85.1 Y15.46 E2448.55706
G1 X89.7 Y15.46 E2448.78656
G1 X89.7 Y19.091 E2448.96771
G0 F9000 X89.5 Y19.091
G0 X89.26 Y18.651
G0 X89.101 Y18.491
G1 F1500 E2442.46771
G0 F9000 X89.48 Y18.611
G0 X90.565 Y18.611
G0 X94.435 Y18.611
G0 X95.52 Y18.611
G0 X96.435 Y18.611
;TYPE:FILL
G1 F1500 E2448.96771
G1 F3652.8 X99.106 Y15.939 E2449.1562
G0 F9000 X98.265 Y15.939
G1 F3652.8 X99.419 Y17.093 E2449.23762
G0 F9000 X99.5 Y18.691
;TYPE:WALL-INNER
G1 F913.2 X95.7 Y18.691 E2449.4272
G1 X95.7 Y15.86 E2449.56844
G1 X99.5 Y15.859 E2449.75802
G1 X99.5 Y18.691 E2449.89931
G0 F9000 X99.9 Y19.091
;TYPE:WALL-OUTER
G1 F913.2 X95.3 Y19.091 E2450.12881
G1 X95.3 Y15.46 E2450.30996
G1 X99.9 Y15.459 E2450.53945
G1 X99.9 Y19.091 E2450.72065
G0 F9000 X99.7 Y19.091
G0 X99.46 Y18.651
G0 X99.3 Y18.491
G1 F1500 E2444.22065
;MESH:NONMESH
G0 F300 X99.3 Y18.491 Z13.2
G0 F9000 X96.674 Y18.871
G0 X96.674 Y19.956
G0 X96.674 Y24.392
G0 X96.674 Y25.477
G0 X96.674 Y25.663
;TIME_ELAPSED:2418.046381
;LAYER:43
;TYPE:FILL
;MESH:realsense_camera_clamp-Body.stl
G1 F1500 E2450.72065
G1 F3668.4 X99.419 Y28.408 E2450.91433
G0 F9000 X99.419 Y26.94
G1 F3668.4 X96.983 Y29.376 E2451.0862
G0 F9000 X99.5 Y29.455
;TYPE:WALL-INNER
G1 F917.1 X95.7 Y29.456 E2451.27578
G1 X95.7 Y25.583 E2451.46901
G1 X99.5 Y25.583 E2451.65859
G1 X99.5 Y29.455 E2451.85177
G0 F9000 X99.9 Y29.855
;TYPE:WALL-OUTER
G1 F917.1 X95.3 Y29.856 E2452.08126
G1 X95.3 Y25.183 E2452.3144
G1 X99.9 Y25.183 E2452.54389
G1 X99.9 Y29.855 E2452.77698
G0 F9000 X99.7 Y29.855
G0 X99.46 Y29.415
G0 X99.301 Y29.255
G1 F1500 E2446.27698
G0 F9000 X95.52 Y29.375
G0 X94.435 Y29.375
G0 X90.565 Y29.375
G0 X89.48 Y29.375
G0 X89.073 Y29.375
;TYPE:FILL
G1 F1500 E2452.77698
G1 F3668.4 X85.579 Y25.88 E2453.02354
G0 F9000 X85.67 Y29.375
G1 F3668.4 X89.219 Y25.827 E2453.2739
G0 F9000 X89.3 Y29.455
;TYPE:WALL-INNER
G1 F917.1 X85.5 Y29.455 E2453.46349
G1 X85.5 Y25.583 E2453.65666
G1 X89.3 Y25.582 E2453.84624
G1 X89.3 Y29.455 E2454.03947
G0 F9000 X89.7 Y29.855
;TYPE:WALL-OUTER
G1 F917.1 X85.1 Y29.855 E2454.26896
G1 X85.1 Y25.183 E2454.50205
G1 X89.7 Y25.182 E2454.73154
G1 X89.7 Y29.855 E2454.96468
G0 F9000 X89.5 Y29.855
G0 X89.26 Y29.415
G0 X89.1 Y29.255
G1 F1500 E2448.46468
G0 F9000 X89.22 Y25.383
G0 X89.219 Y24.318
G0 X89.22 Y20.03
G0 X89.219 Y18.965
G0 X89.219 Y18.207
;TYPE:FILL
G1 F1500 E2454.96468
G1 F3668.4 X86.986 Y15.974 E2455.12223
G0 F9000 X87.758 Y15.974
G1 F3668.4 X85.579 Y18.152 E2455.27594
G0 F9000 X89.3 Y18.765
;TYPE:WALL-INNER
G1 F917.1 X85.5 Y18.766 E2455.46552
G1 X85.5 Y15.894 E2455.6088
G1 X89.3 Y15.894 E2455.79839
G1 X89.3 Y18.765 E2455.94162
G0 F9000 X89.7 Y19.165
;TYPE:WALL-OUTER
G1 F917.1 X85.1 Y19.166 E2456.17112
G1 X85.1 Y15.494 E2456.35431
G1 X89.7 Y15.494 E2456.58381
G1 X89.7 Y19.165 E2456.76696
G0 F9000 X89.5 Y19.165
G0 X89.26 Y18.725
G0 X89.101 Y18.565
G1 F1500 E2450.26696
G0 F9000 X89.48 Y18.684
G0 X90.565 Y18.684
G0 X94.435 Y18.684
G0 X95.52 Y18.684
G0 X96.361 Y18.684
;TYPE:FILL
G1 F1500 E2456.76696
G1 F3668.4 X99.072 Y15.973 E2456.95823
G0 F9000 X98.299 Y15.974
G1 F3668.4 X99.419 Y17.093 E2457.03722
G0 F9000 X99.5 Y18.765
;TYPE:WALL-INNER
G1 F917.1 X95.7 Y18.765 E2457.2268
G1 X95.7 Y15.894 E2457.37004
G1 X99.5 Y15.893 E2457.55962
G1 X99.5 Y18.765 E2457.7029
G0 F9000 X99.9 Y19.165
;TYPE:WALL-OUTER
G1 F917.1 X95.3 Y19.165 E2457.9324
G1 X95.3 Y15.494 E2458.11554
G1 X99.9 Y15.493 E2458.34504
G1 X99.9 Y19.165 E2458.52824
G0 F9000 X99.7 Y19.165
G0 X99.46 Y18.725
G0 X99.3 Y18.565
G1 F1500 E2452.02824
;MESH:NONMESH
G0 F300 X99.3 Y18.565 Z13.5
G0 F9000 X96.52 Y18.945
G0 X96.52 Y20.03
G0 X96.52 Y24.318
G0 X96.52 Y25.403
G0 X96.52 Y25.508
;TIME_ELAPSED:2432.640020
;LAYER:44
;TYPE:FILL
;MESH:realsense_camera_clamp-Body.stl
G1 F1500 E2458.52824
G1 F3718.8 X99.419 Y28.407 E2458.73278
G0 F9000 X99.419 Y26.94
G1 F3718.8 X97.02 Y29.339 E2458.90204
G0 F9000 X99.5 Y29.418
;TYPE:WALL-INNER
G1 F929.7 X95.7 Y29.419 E2459.09162
G1 X95.7 Y25.429 E2459.29068
G1 X99.5 Y25.428 E2459.48027
G1 X99.5 Y29.418 E2459.67933
G0 F9000 X99.9 Y29.818
;TYPE:WALL-OUTER
G1 F929.7 X95.3 Y29.819 E2459.90882
G1 X95.3 Y25.029 E2460.1478
G1 X99.9 Y25.028 E2460.37729
G1 X99.9 Y29.818 E2460.61627
G0 F9000 X99.7 Y29.818
G0 X99.46 Y29.378
G0 X99.301 Y29.218
G1 F1500 E2454.11627
G0 F9000 X95.52 Y29.337
G0 X94.435 Y29.337
G0 X90.565 Y29.337
G0 X89.48 Y29.337
G0 X89.036 Y29.337
;TYPE:FILL
G1 F1500 E2460.61627
G1 F3718.8 X85.579 Y25.88 E2460.86018
G0 F9000 X85.707 Y29.338
G1 F3718.8 X89.219 Y25.827 E2461.10793
G0 F9000 X89.3 Y29.418
;TYPE:WALL-INNER
G1 F929.7 X85.5 Y29.418 E2461.29751
G1 X85.5 Y25.429 E2461.49653
G1 X89.3 Y25.428 E2461.68611
G1 X89.3 Y29.418 E2461.88517
G0 F9000 X89.7 Y29.818
;TYPE:WALL-OUTER
G1 F929.7 X85.1 Y29.818 E2462.11467
G1 X85.1 Y25.029 E2462.35359
G1 X89.7 Y25.028 E2462.58309
G1 X89.7 Y29.818 E2462.82206
G0 F9000 X89.5 Y29.818
G0 X89.26 Y29.378
G0 X89.1 Y29.218
G1 F1500 E2456.32206
G0 F9000 X89.22 Y25.229
G0 X89.219 Y24.164
G0 X89.22 Y20.184
G0 X89.22 Y19.099
G0 X89.219 Y18.207
;TYPE:FILL
G1 F1500 E2462.82206
G1 F3718.8 X87.022 Y16.011 E2462.97703
G0 F9000 X87.722 Y16.009
G1 F3718.8 X85.579 Y18.152 E2463.12823
G0 F9000 X89.3 Y18.919
;TYPE:WALL-INNER
G1 F929.7 X85.5 Y18.919 E2463.31782
G1 X85.5 Y15.931 E2463.46689
G1 X89.3 Y15.93 E2463.65647
G1 X89.3 Y18.919 E2463.80559
G0 F9000 X89.7 Y19.319
;TYPE:WALL-OUTER
G1 F929.7 X85.1 Y19.319 E2464.03509
G1 X85.1 Y15.531 E2464.22407
G1 X89.7 Y15.53 E2464.45357
G1 X89.7 Y19.319 E2464.6426
G0 F9000 X89.5 Y19.319
G0 X89.26 Y18.879
G0 X89.1 Y18.719
G1 F1500 E2458.1426
G0 F9000 X89.48 Y18.838
G0 X90.565 Y18.838
G0 X94.435 Y18.838
G0 X95.52 Y18.838
G0 X96.207 Y18.838
;TYPE:FILL
G1 F1500 E2464.6426
G1 F3718.8 X99.035 Y16.011 E2464.8421
G0 F9000 X98.336 Y16.011
G1 F3718.8 X99.419 Y17.094 E2464.91851
G0 F9000 X99.5 Y18.919
;TYPE:WALL-INNER
G1 F929.7 X95.7 Y18.919 E2465.10809
G1 X95.7 Y15.931 E2465.25716
G1 X99.5 Y15.931 E2465.44675
G1 X99.5 Y18.919 E2465.59582
G0 F9000 X99.9 Y19.319
;TYPE:WALL-OUTER
G1 F929.7 X95.3 Y19.319 E2465.82531
G1 X95.3 Y15.531 E2466.0143
G1 X99.9 Y15.531 E2466.24379
G1 X99.9 Y19.319 E2466.43278
G0 F9000 X99.7 Y19.319
G0 X99.46 Y18.879
G0 X99.3 Y18.719
G1 F1500 E2459.93278
;MESH:NONMESH
G0 F300 X99.3 Y18.719 Z13.8
G0 F9000 X96.363 Y19.099
G0 X96.363 Y20.184
G0 X96.363 Y24.164
G0 X96.364 Y25.229
G0 X96.363 Y25.351
;TIME_ELAPSED:2447.243972
;LAYER:45
;TYPE:FILL
;MESH:realsense_camera_clamp-Body.stl
G1 F1500 E2466.43278
G1 F3734.8 X99.419 Y28.407 E2466.64839
G0 F9000 X99.419 Y26.94
G1 F3734.8 X97.126 Y29.233 E2466.81018
G0 F9000 X99.5 Y29.313
;TYPE:WALL-INNER
G1 F933.7 X95.7 Y29.314 E2466.99976
G1 X95.7 Y25.272 E2467.20142
G1 X99.5 Y25.271 E2467.391
G1 X99.5 Y29.313 E2467.59265
G0 F9000 X99.9 Y29.713
;TYPE:WALL-OUTER
G1 F933.7 X95.3 Y29.714 E2467.82215
G1 X95.3 Y24.872 E2468.06372
G1 X99.9 Y24.871 E2468.29321
G1 X99.9 Y29.713 E2468.53478
G0 F9000 X99.7 Y29.713
G0 X99.46 Y29.273
G0 X99.301 Y29.113
G1 F1500 E2462.03478
G0 F9000 X95.52 Y29.232
G0 X94.435 Y29.232
G0 X90.565 Y29.232
G0 X89.48 Y29.232
G0 X88.93 Y29.232
;TYPE:FILL
G1 F1500 E2468.53478
G1 F3734.8 X85.579 Y25.88 E2468.77125
G0 F9000 X85.813 Y29.233
G1 F3734.8 X89.219 Y25.827 E2469.01156
G0 F9000 X89.3 Y29.313
;TYPE:WALL-INNER
G1 F933.7 X85.5 Y29.313 E2469.20114
G1 X85.5 Y25.272 E2469.40275
G1 X89.3 Y25.271 E2469.59233
G1 X89.3 Y29.313 E2469.79399
G0 F9000 X89.7 Y29.713
;TYPE:WALL-OUTER
G1 F933.7 X85.1 Y29.713 E2470.02348
G1 X85.1 Y24.872 E2470.265
G1 X89.7 Y24.871 E2470.4945
G1 X89.7 Y29.713 E2470.73606
G0 F9000 X89.5 Y29.713
G0 X89.26 Y29.273
G0 X89.1 Y29.113
G1 F1500 E2464.23606
G0 F9000 X89.22 Y25.072
G0 X89.219 Y24.007
G0 X89.22 Y20.341
G0 X89.22 Y19.256
G0 X89.219 Y18.207
;TYPE:FILL
G1 F1500 E2470.73606
G1 F3734.8 X87.127 Y16.115 E2470.88367
G0 F9000 X87.617 Y16.114
G1 F3734.8 X85.579 Y18.153 E2471.02749
G0 F9000 X89.3 Y19.076
;TYPE:WALL-INNER
G1 F933.7 X85.5 Y19.076 E2471.21708
G1 X85.5 Y16.036 E2471.36874
G1 X89.3 Y16.035 E2471.55832
G1 X89.3 Y19.076 E2471.71004
G0 F9000 X89.7 Y19.476
;TYPE:WALL-OUTER
G1 F933.7 X85.1 Y19.476 E2471.93954
G1 X85.1 Y15.636 E2472.13111
G1 X89.7 Y15.635 E2472.36061
G1 X89.7 Y19.476 E2472.55224
G0 F9000 X89.5 Y19.476
G0 X89.26 Y19.036
G0 X89.1 Y18.876
G1 F1500 E2466.05224
G0 F9000 X89.48 Y18.995
G0 X90.565 Y18.995
G0 X94.435 Y18.995
G0 X95.52 Y18.995
G0 X96.05 Y18.995
;TYPE:FILL
G1 F1500 E2472.55224
G1 F3734.8 X98.929 Y16.116 E2472.75537
G0 F9000 X98.441 Y16.116
G1 F3734.8 X99.419 Y17.093 E2472.82433
G0 F9000 X99.5 Y19.076
;TYPE:WALL-INNER
G1 F933.7 X95.7 Y19.076 E2473.01392
G1 X95.7 Y16.036 E2473.16558
G1 X99.5 Y16.036 E2473.35517
G1 X99.5 Y19.076 E2473.50683
G0 F9000 X99.9 Y19.476
;TYPE:WALL-OUTER
G1 F933.7 X95.3 Y19.476 E2473.73633
G1 X95.3 Y15.636 E2473.92791
G1 X99.9 Y15.636 E2474.1574
G1 X99.9 Y19.476 E2474.34898
G0 F9000 X99.7 Y19.476
G0 X99.46 Y19.036
G0 X99.3 Y18.876
G1 F1500 E2467.84898
;MESH:NONMESH
G0 F300 X99.3 Y18.876 Z14.1
G0 F9000 X96.117 Y19.256
G0 X96.117 Y20.341
G0 X96.117 Y24.007
G0 X96.118 Y25.072
G1 F1500 E2474.34898
G0 F9000 X96.118 Y25.106
;TIME_ELAPSED:2462.109804
;LAYER:46
;TYPE:FILL
;MESH:realsense_camera_clamp-Body.stl
G1 F3796.9 X99.419 Y28.407 E2474.58188
G0 F9000 X99.419 Y26.94
G1 F3796.9 X97.23 Y29.129 E2474.73633
G0 F9000 X99.5 Y29.208
;TYPE:WALL-INNER
G1 F949.2 X95.7 Y29.209 E2474.92591
G1 X95.7 Y25.026 E2475.1346
G1 X99.5 Y25.026 E2475.32418
G1 X99.5 Y29.208 E2475.53283
G0 F9000 X99.9 Y29.608
;TYPE:WALL-OUTER
G1 F949.2 X95.3 Y29.609 E2475.76232
G1 X95.3 Y24.626 E2476.01092
G1 X99.9 Y24.626 E2476.24042
G1 X99.9 Y29.608 E2476.48897
G0 F9000 X99.7 Y29.608
G0 X99.46 Y29.168
G0 X99.301 Y29.008
G1 F1500 E2469.98897
G0 F9000 X95.911 Y24.846
G0 X95.911 Y23.761
G0 X95.911 Y20.588
G0 X95.91 Y19.523
G0 X95.911 Y19.243
;TYPE:FILL
G1 F1500 E2476.48897
G1 F3796.9 X95.779 Y19.11 E2476.49832
G1 X95.802 Y19.243
G1 X98.825 Y16.221 E2476.71157
G0 F9000 X98.546 Y16.221
G1 F3796.9 X99.419 Y17.093 E2476.77313
G0 F9000 X99.5 Y19.323
;TYPE:WALL-INNER
G1 F949.2 X95.7 Y19.324 E2476.96272
G1 X95.7 Y16.141 E2477.12152
G1 X99.5 Y16.141 E2477.3111
G1 X99.5 Y19.323 E2477.46985
G0 F9000 X99.9 Y19.723
;TYPE:WALL-OUTER
G1 F949.2 X95.3 Y19.724 E2477.69934
G1 X95.3 Y15.741 E2477.89806
G1 X99.9 Y15.741 E2478.12755
G1 X99.9 Y19.723 E2478.32622
G0 F9000 X99.7 Y19.723
G0 X99.46 Y19.283
G0 X99.301 Y19.123
G1 F1500 E2471.82622
G0 F9000 X95.52 Y18.207
G0 X94.435 Y18.207
G0 X90.565 Y18.207
G0 X89.48 Y18.207
G0 X89.219 Y18.207
;TYPE:FILL
G1 F1500 E2478.32622
G1 F3796.9 X87.232 Y16.221 E2478.46637
G0 F9000 X87.512 Y16.22
G1 F3796.9 X85.579 Y18.152 E2478.60272
G0 F9000 X89.3 Y19.323
;TYPE:WALL-INNER
G1 F949.2 X85.5 Y19.324 E2478.7923
G1 X85.5 Y16.141 E2478.9511
G1 X89.3 Y16.14 E2479.14069
G1 X89.3 Y19.323 E2479.29949
G0 F9000 X89.7 Y19.723
;TYPE:WALL-OUTER
G1 F949.2 X85.1 Y19.724 E2479.52898
G1 X85.1 Y15.741 E2479.7277
G1 X89.7 Y15.74 E2479.95719
G1 X89.7 Y19.723 E2480.1559
G0 F9000 X89.5 Y19.723
G0 X89.26 Y19.283
G0 X89.101 Y19.123
G1 F1500 E2473.6559
G0 F9000 X89.218 Y19.523
G0 X89.219 Y20.588
G0 X89.218 Y23.761
G0 X89.219 Y24.826
G0 X89.219 Y25.827
;TYPE:FILL
G1 F1500 E2480.1559
G1 F3796.9 X85.918 Y29.127 E2480.38877
G0 F9000 X88.826 Y29.127
G1 F3796.9 X85.579 Y25.88 E2480.61786
G0 F9000 X89.3 Y29.208
;TYPE:WALL-INNER
G1 F949.2 X85.5 Y29.208 E2480.80745
G1 X85.5 Y25.026 E2481.01609
G1 X89.3 Y25.025 E2481.20567
G1 X89.3 Y29.208 E2481.41436
G0 F9000 X89.7 Y29.608
;TYPE:WALL-OUTER
G1 F949.2 X85.1 Y29.608 E2481.64386
G1 X85.1 Y24.626 E2481.89241
G1 X89.7 Y24.625 E2482.1219
G1 X89.7 Y29.608 E2482.37051
G0 F9000 X89.5 Y29.608
G0 X89.26 Y29.168
G0 X89.1 Y29.008
G1 F1500 E2475.87051
;MESH:NONMESH
G0 F300 X89.1 Y29.008 Z14.4
G0 F9000 X89.48 Y24.926
G0 X90.565 Y24.926
G0 X94.435 Y24.926
G0 X95.52 Y24.926
G0 X95.779 Y24.926
G1 F1500 E2482.37051
G0 F9000 X95.779 Y24.924
;TIME_ELAPSED:2476.871112
;LAYER:47
;TYPE:FILL
;MESH:realsense_camera_clamp-Body.stl
G1 F3866.9 X95.865 Y24.837 E2482.37661
G1 X95.849 Y24.837
G1 X99.419 Y28.407 E2482.62849
G0 F9000 X99.419 Y26.94
G1 F3866.9 X97.336 Y29.023 E2482.77546
G0 F9000 X99.5 Y29.103
;TYPE:WALL-INNER
G1 F966.7 X95.7 Y29.104 E2482.96504
G1 X95.7 Y24.758 E2483.18187
G1 X99.5 Y24.758 E2483.37145
G1 X99.5 Y29.103 E2483.58822
G0 F9000 X99.9 Y29.503
;TYPE:WALL-OUTER
G1 F966.7 X95.3 Y29.504 E2483.81772
G1 X95.3 Y24.358 E2484.07445
G1 X99.9 Y24.358 E2484.30395
G1 X99.9 Y29.503 E2484.56063
G0 F9000 X99.7 Y29.503
G0 X99.46 Y29.063
G0 X99.301 Y28.903
G1 F1500 E2478.06063
G0 F9000 X96.179 Y24.578
G0 X96.179 Y23.493
G0 X96.179 Y20.856
G0 X96.179 Y19.771
G0 X96.179 Y19.51
;TYPE:FILL
G1 F1500 E2484.56063
G1 F3866.9 X95.779 Y19.11 E2484.58885
G1 X95.779 Y19.266
G1 X98.721 Y16.324 E2484.79643
G1 X98.65 Y16.324
G1 X99.419 Y17.094 E2484.85072
G0 F9000 X99.5 Y19.591
;TYPE:WALL-INNER
G1 F966.7 X95.7 Y19.591 E2485.0403
G1 X95.7 Y16.245 E2485.20724
G1 X99.5 Y16.245 E2485.39682
G1 X99.5 Y19.591 E2485.56375
G0 F9000 X99.9 Y19.991
;TYPE:WALL-OUTER
G1 F966.7 X95.3 Y19.991 E2485.79325
G1 X95.3 Y15.845 E2486.00009
G1 X99.9 Y15.845 E2486.22959
G1 X99.9 Y19.991 E2486.43643
G0 F9000 X99.7 Y19.991
G0 X99.46 Y19.551
G0 X99.3 Y19.391
G1 F1500 E2479.93643
G0 F9000 X95.52 Y18.207
G0 X94.435 Y18.207
G0 X90.565 Y18.207
G0 X89.48 Y18.207
G0 X89.219 Y18.207
;TYPE:FILL
G1 F1500 E2486.43643
G1 F3866.9 X87.336 Y16.324 E2486.56929
G1 X87.409 Y16.323
G1 X85.579 Y18.152 E2486.69837
G0 F9000 X89.3 Y19.591
;TYPE:WALL-INNER
G1 F966.7 X85.5 Y19.592 E2486.88795
G1 X85.5 Y16.245 E2487.05493
G1 X89.3 Y16.244 E2487.24452
G1 X89.3 Y19.591 E2487.4115
G0 F9000 X89.7 Y19.991
;TYPE:WALL-OUTER
G1 F966.7 X85.1 Y19.992 E2487.64099
G1 X85.1 Y15.845 E2487.84789
G1 X89.7 Y15.844 E2488.07738
G1 X89.7 Y19.991 E2488.28428
G0 F9000 X89.5 Y19.991
G0 X89.26 Y19.551
G0 X89.101 Y19.391
G1 F1500 E2481.78428
G0 F9000 X89.218 Y19.791
G0 X89.219 Y20.856
G0 X89.218 Y23.493
G0 X89.219 Y24.558
G0 X89.219 Y25.827
;TYPE:FILL
G1 F1500 E2488.28428
G1 F3866.9 X86.023 Y29.023 E2488.50977
G0 F9000 X88.721 Y29.023
G1 F3866.9 X85.579 Y25.88 E2488.73149
G0 F9000 X89.3 Y29.103
;TYPE:WALL-INNER
G1 F966.7 X85.5 Y29.103 E2488.92108
G1 X85.5 Y24.758 E2489.13785
G1 X89.3 Y24.757 E2489.32743
G1 X89.3 Y29.103 E2489.54425
G0 F9000 X89.7 Y29.503
;TYPE:WALL-OUTER
G1 F966.7 X85.1 Y29.503 E2489.77375
G1 X85.1 Y24.358 E2490.03043
G1 X89.7 Y24.357 E2490.25993
G1 X89.7 Y29.503 E2490.51666
G0 F9000 X89.5 Y29.503
G0 X89.26 Y29.063
G0 X89.1 Y28.903
G1 F1500 E2484.01666
;MESH:NONMESH
G0 F300 X89.1 Y28.903 Z14.7
G0 F9000 X89.48 Y24.767
G0 X90.565 Y24.767
G0 X94.435 Y24.767
G0 X95.52 Y24.767
G0 X95.779 Y24.767
;TIME_ELAPSED:2491.354388
;LAYER:48
;TYPE:FILL
;MESH:realsense_camera_clamp-Body.stl
G1 F1500 E2490.51666
G1 F4034.7 X99.419 Y28.407 E2490.77349
G0 F9000 X99.419 Y26.94
G1 F4034.7 X97.44 Y28.919 E2490.91311
G0 F9000 X95.779 Y24.924
G1 F4034.7 X96.3 Y24.402 E2490.94991
G0 F9000 X99.5 Y28.998
;TYPE:WALL-INNER
G1 F1008.7 X95.7 Y28.999 E2491.13949
G1 X95.7 Y24.322 E2491.37283
G1 X99.5 Y24.322 E2491.56241
G1 X99.5 Y28.998 E2491.7957
G0 F9000 X99.9 Y29.398
;TYPE:WALL-OUTER
G1 F1008.7 X95.3 Y29.399 E2492.02519
G1 X95.3 Y23.922 E2492.29844
G1 X99.9 Y23.922 E2492.52794
G1 X99.9 Y29.398 E2492.80114
G0 F9000 X99.7 Y29.398
G0 X99.46 Y28.958
G0 X99.301 Y28.798
G1 F1500 E2486.30114
G0 F9000 X96.614 Y24.142
G0 X96.614 Y23.057
G0 X96.614 Y21.291
G0 X96.614 Y20.206
G0 X96.614 Y19.946
;TYPE:FILL
G1 F1500 E2492.80114
G1 F4034.7 X95.779 Y19.11 E2492.86008
G1 X95.779 Y19.267
G1 X98.615 Y16.43 E2493.06021
G1 X98.755 Y16.43
G1 X99.419 Y17.093 E2493.10703
G0 F9000 X99.5 Y20.026
;TYPE:WALL-INNER
G1 F1008.7 X95.7 Y20.026 E2493.29661
G1 X95.7 Y16.35 E2493.48001
G1 X99.5 Y16.35 E2493.66959
G1 X99.5 Y20.026 E2493.85299
G0 F9000 X99.9 Y20.426
;TYPE:WALL-OUTER
G1 F1008.7 X95.3 Y20.426 E2494.08248
G1 X95.3 Y15.95 E2494.30579
G1 X99.9 Y15.95 E2494.53528
G1 X99.9 Y20.426 E2494.75859
G0 F9000 X99.7 Y20.426
G0 X99.46 Y19.986
G0 X99.3 Y19.826
G1 F1500 E2488.25859
G0 F9000 X95.52 Y18.207
G0 X94.435 Y18.207
G0 X90.565 Y18.207
G0 X89.48 Y18.207
G0 X89.219 Y18.207
;TYPE:FILL
G1 F1500 E2494.75859
G1 F4034.7 X87.441 Y16.429 E2494.88404
G1 X87.303 Y16.428
G1 X85.579 Y18.153 E2495.00571
G0 F9000 X89.3 Y20.026
;TYPE:WALL-INNER
G1 F1008.7 X85.5 Y20.027 E2495.1953
G1 X85.5 Y16.35 E2495.37874
G1 X89.3 Y16.349 E2495.56833
G1 X89.3 Y20.026 E2495.75177
G0 F9000 X89.7 Y20.426
;TYPE:WALL-OUTER
G1 F1008.7 X85.1 Y20.427 E2495.98127
G1 X85.1 Y15.95 E2496.20463
G1 X89.7 Y15.949 E2496.43412
G1 X89.7 Y20.426 E2496.65748
G0 F9000 X89.5 Y20.426
G0 X89.26 Y19.986
G0 X89.101 Y19.826
G1 F1500 E2490.15748
G0 F9000 X89.218 Y20.226
G0 X89.219 Y21.291
G0 X89.217 Y23.057
G0 X89.218 Y24.122
G0 X89.219 Y25.827
;TYPE:FILL
G1 F1500 E2496.65748
G1 F4034.7 X86.127 Y28.918 E2496.8756
G0 F9000 X88.616 Y28.917
G1 F4034.7 X85.579 Y25.881 E2497.08984
G0 F9000 X89.3 Y28.998
;TYPE:WALL-INNER
G1 F1008.7 X85.5 Y28.998 E2497.27942
G1 X85.5 Y24.322 E2497.51271
G1 X89.3 Y24.321 E2497.70229
G1 X89.3 Y28.998 E2497.93563
G0 F9000 X89.7 Y29.398
;TYPE:WALL-OUTER
G1 F1008.7 X85.1 Y29.398 E2498.16513
G1 X85.1 Y23.922 E2498.43832
G1 X89.7 Y23.921 E2498.66782
G1 X89.7 Y29.398 E2498.94107
G0 F9000 X89.5 Y29.398
G0 X89.26 Y28.958
G0 X89.1 Y28.798
G1 F1500 E2492.44107
;MESH:NONMESH
G0 F300 X89.1 Y28.798 Z15
G0 F9000 X89.48 Y25.106
G0 X90.565 Y25.106
G0 X94.435 Y25.106
G0 X95.52 Y25.106
G0 X96.118 Y25.106
;TIME_ELAPSED:2506.321348
;LAYER:49
;TYPE:FILL
;MESH:realsense_camera_clamp-Body.stl
G1 F1500 E2498.94107
G1 F5626.3 X99.419 Y28.407 E2499.17397
G0 F9000 X99.419 Y26.94
G1 F5626.3 X97.615 Y28.744 E2499.30125
G0 F9000 X99.5 Y28.824
;TYPE:WALL-INNER
G1 F1406.6 X95.7 Y28.825 E2499.49084
G1 X95.7 Y23.658 E2499.74862
G1 X99.5 Y23.658 E2499.9382
G1 X99.5 Y28.824 E2500.19593
G0 F9000 X99.9 Y29.224
;TYPE:WALL-OUTER
G1 F1406.6 X95.3 Y29.225 E2500.42543
G1 X95.3 Y23.258 E2500.72312
G1 X99.9 Y23.258 E2500.95262
G1 X99.9 Y29.224 E2501.25026
G0 F9000 X99.7 Y29.224
G0 X99.46 Y28.784
G0 X99.39 Y25.036
G0 X99.11 Y25.036
;TYPE:SKIN
G1 F1406.6 X96.09 Y25.036 E2501.40093
G1 X96.09 Y24.048 E2501.45022
G1 X99.11 Y24.048 E2501.60089
G1 X99.11 Y25.036 E2501.65018
G0 F9000 X98.948 Y24.37
G1 F1406.6 X98.443 Y24.876 E2501.68585
G0 F9000 X97.877 Y24.876
G1 F1406.6 X98.545 Y24.207 E2501.73302
G0 F9000 X97.98 Y24.207
G1 F1406.6 X97.312 Y24.876 E2501.78018
G0 F9000 X96.746 Y24.876
G1 F1406.6 X97.414 Y24.207 E2501.82735
G0 F9000 X96.848 Y24.207
G1 F1406.6 X96.249 Y24.806 E2501.86961
G0 F9000 X95.9 Y24.806
G1 F1500 E2495.36961
G0 F9000 X95.81 Y24.806
G0 X95.81 Y23.478
G0 X95.81 Y20.87
G0 X95.81 Y19.243
G1 F1500 E2501.86961
G0 F9000 X95.911 Y19.243
;TYPE:FILL
G1 F5626.3 X95.779 Y19.11 E2501.87896
G1 X95.802 Y19.243
G1 X98.441 Y16.604 E2502.06516
G0 F9000 X98.929 Y16.604
G1 F5626.3 X99.419 Y17.093 E2502.09969
G0 F9000 X99.5 Y20.69
;TYPE:WALL-INNER
G1 F1406.6 X95.7 Y20.69 E2502.28928
G1 X95.7 Y16.524 E2502.49712
G1 X99.5 Y16.524 E2502.6867
G1 X99.5 Y20.69 E2502.89454
G0 F9000 X99.9 Y21.09
;TYPE:WALL-OUTER
G1 F1406.6 X95.3 Y21.09 E2503.12404
G1 X95.3 Y16.124 E2503.37179
G1 X99.9 Y16.124 E2503.60129
G1 X99.9 Y21.09 E2503.84904
G0 F9000 X99.7 Y21.09
G0 X99.46 Y20.65
G0 X99.11 Y20.3
;TYPE:SKIN
G1 F1406.6 X96.09 Y20.3 E2503.99971
G1 X96.09 Y19.314 E2504.0489
G1 X99.11 Y19.313 E2504.19957
G1 X99.11 Y20.3 E2504.24881
G0 F9000 X98.948 Y19.844
G1 F1406.6 X98.653 Y20.14 E2504.26966
G0 F9000 X98.087 Y20.14
G1 F1406.6 X98.755 Y19.473 E2504.31676
G0 F9000 X98.189 Y19.473
G1 F1406.6 X97.522 Y20.14 E2504.36382
G0 F9000 X96.956 Y20.14
G1 F1406.6 X97.623 Y19.473 E2504.41088
G0 F9000 X97.057 Y19.473
G1 F1406.6 X96.39 Y20.14 E2504.45794
G0 F9000 X96.249 Y19.716
G1 F1406.6 X96.491 Y19.473 E2504.47505
G0 F9000 X96.491 Y18.723
G1 F1500 E2497.97505
G0 F9000 X95.52 Y18.207
G0 X94.435 Y18.207
G0 X90.565 Y18.207
G0 X89.48 Y18.207
G0 X89.219 Y18.207
;TYPE:FILL
G1 F1500 E2504.47505
G1 F5626.3 X87.615 Y16.603 E2504.58822
G0 F9000 X87.128 Y16.603
G1 F5626.3 X85.579 Y18.153 E2504.69755
G0 F9000 X89.118 Y19.095
G0 X89.3 Y20.69
;TYPE:WALL-INNER
G1 F1406.6 X85.5 Y20.691 E2504.88713
G1 X85.5 Y16.524 E2505.09502
G1 X89.3 Y16.523 E2505.2846
G1 X89.3 Y20.69 E2505.4925
G0 F9000 X89.7 Y21.09
;TYPE:WALL-OUTER
G1 F1406.6 X85.1 Y21.091 E2505.72199
G1 X85.1 Y16.124 E2505.9698
G1 X89.7 Y16.123 E2506.19929
G1 X89.7 Y21.09 E2506.44709
G0 F9000 X89.5 Y21.09
G0 X89.26 Y20.65
G0 X88.91 Y20.3
;TYPE:SKIN
G1 F1406.6 X85.89 Y20.301 E2506.59776
G1 X85.89 Y19.314 E2506.647
G1 X88.91 Y19.313 E2506.79767
G1 X88.91 Y20.3 E2506.84691
G0 F9000 X88.748 Y19.862
G1 F1406.6 X88.471 Y20.14 E2506.86649
G0 F9000 X87.905 Y20.14
G1 F1406.6 X88.572 Y19.473 E2506.91355
G0 F9000 X88.007 Y19.473
G1 F1406.6 X87.339 Y20.141 E2506.96069
G0 F9000 X86.773 Y20.141
G1 F1406.6 X87.441 Y19.473 E2507.00782
G0 F9000 X86.875 Y19.473
G1 F1406.6 X86.207 Y20.141 E2507.05495
G0 F9000 X86.049 Y19.733
G1 F1406.6 X86.31 Y19.473 E2507.07333
G0 F9000 X86.31 Y18.723
G1 F1500 E2500.57333
G0 F9000 X85.682 Y19.096
G0 X85.702 Y20.519
G0 X85.578 Y20.89
G0 X85.578 Y23.458
G0 X85.579 Y25.88
;TYPE:FILL
G1 F1500 E2507.07333
G1 F5626.3 X88.442 Y28.743 E2507.27533
G0 F9000 X86.301 Y28.744
G1 F5626.3 X89.219 Y25.827 E2507.48117
G0 F9000 X89.3 Y28.824
;TYPE:WALL-INNER
G1 F1406.6 X85.5 Y28.824 E2507.67076
G1 X85.5 Y23.658 E2507.92849
G1 X89.3 Y23.657 E2508.11807
G1 X89.3 Y28.824 E2508.37585
G0 F9000 X89.7 Y29.224
;TYPE:WALL-OUTER
G1 F1406.6 X85.1 Y29.224 E2508.60535
G1 X85.1 Y23.258 E2508.90299
G1 X89.7 Y23.257 E2509.13249
G1 X89.7 Y29.224 E2509.43018
G0 F9000 X89.5 Y29.224
G0 X89.26 Y28.784
G0 X89.19 Y25.035
G0 X88.91 Y25.035
;TYPE:SKIN
G1 F1406.6 X85.89 Y25.036 E2509.58085
G1 X85.89 Y24.048 E2509.63014
G1 X88.91 Y24.047 E2509.78081
G1 X88.91 Y25.035 E2509.8301
G0 F9000 X88.748 Y24.388
G1 F1406.6 X88.261 Y24.876 E2509.8645
G0 F9000 X87.695 Y24.876
G1 F1406.6 X88.364 Y24.207 E2509.9117
G0 F9000 X87.798 Y24.207
G1 F1406.6 X87.129 Y24.876 E2509.9589
G0 F9000 X86.564 Y24.876
G1 F1406.6 X87.232 Y24.207 E2510.00607
G0 F9000 X86.666 Y24.207
G1 F1406.6 X86.049 Y24.825 E2510.04964
G0 F9000 X85.7 Y24.825
G1 F1500 E2503.54964
;MESH:NONMESH
G0 F300 X85.7 Y24.825 Z15.3
G0 F9000 X85.61 Y24.825
G0 X85.682 Y23.84
G0 X89.486 Y23.471
G0 X90.565 Y23.471
G0 X94.435 Y20.876
G0 X95.514 Y20.876
G0 X95.779 Y19.11
;TIME_ELAPSED:2524.065563
;LAYER:50
;TYPE:FILL
;MESH:realsense_camera_clamp-Body.stl
G1 F1500 E2510.04964
G1 F6000 X96.179 Y19.51 E2510.07786
G0 F9000 X95.779 Y19.266
G1 F6000 X98.253 Y16.792 E2510.25241
G0 F9000 X99.117 Y16.792
G1 F6000 X99.419 Y17.093 E2510.27369
G0 F9000 X95.882 Y19.363
G0 X95.81 Y24.837
G0 X95.865 Y24.837
G1 F6000 X95.779 Y24.924 E2510.27979
G1 X95.849 Y24.837
G1 X99.419 Y28.407 E2510.53167
G0 F9000 X99.419 Y26.94
G1 F6000 X97.803 Y28.556 E2510.64569
G0 F9000 X99.5 Y28.636
;TYPE:WALL-INNER
G1 F1500 X95.7 Y28.637 E2510.83527
G1 X95.7 Y16.712 E2511.43021
G1 X99.5 Y16.712 E2511.61979
G1 X99.5 Y28.636 E2512.21469
G0 F9000 X99.9 Y29.036
;TYPE:WALL-OUTER
G1 F1500 X95.3 Y29.037 E2512.44418
G1 X95.3 Y16.312 E2513.07903
G1 X99.9 Y16.312 E2513.30853
G1 X99.9 Y29.036 E2513.94333
G0 F9000 X99.7 Y29.036
G0 X99.46 Y28.596
G0 X99.39 Y24.768
G0 X99.11 Y24.768
;TYPE:SKIN
G1 F1500 X96.09 Y24.768 E2514.094
G1 X96.09 Y19.581 E2514.35278
G1 X99.11 Y19.581 E2514.50345
G1 X99.11 Y24.768 E2514.76223
G0 F9000 X99.39 Y24.768
G0 X96.45 Y25.058
G0 X96.45 Y24.608
G1 F1500 X96.249 Y24.407 E2514.77641
G0 F9000 X96.249 Y23.841
G1 F1500 X97.015 Y24.608 E2514.83049
G0 F9000 X97.581 Y24.608
G1 F1500 X96.249 Y23.275 E2514.92451
G0 F9000 X96.249 Y22.71
G1 F1500 X98.147 Y24.608 E2515.05842
G0 F9000 X98.712 Y24.608
G1 F1500 X96.249 Y22.144 E2515.23223
G0 F9000 X96.249 Y21.578
G1 F1500 X98.949 Y24.279 E2515.42277
G0 F9000 X98.949 Y23.713
G1 F1500 X96.249 Y21.013 E2515.61327
G0 F9000 X96.249 Y20.447
G1 F1500 X98.949 Y23.147 E2515.80377
G0 F9000 X98.949 Y22.582
G1 F1500 X96.249 Y19.881 E2515.9943
G0 F9000 X96.674 Y19.741
G1 F1500 X98.949 Y22.016 E2516.15482
G0 F9000 X98.949 Y21.45
G1 F1500 X97.239 Y19.741 E2516.27543
G0 F9000 X97.805 Y19.741
G1 F1500 X98.949 Y20.885 E2516.35615
G0 F9000 X98.949 Y20.319
G1 F1500 X98.371 Y19.741 E2516.39693
G0 F9000 X98.371 Y18.991
G1 F1500 E2509.89693
G0 F9000 X95.52 Y18.207
G0 X94.435 Y18.207
G0 X90.565 Y18.207
G0 X89.48 Y18.207
G0 X89.219 Y18.207
;TYPE:FILL
G1 F1500 E2516.39693
G1 F6000 X87.803 Y16.791 E2516.49683
G0 F9000 X86.941 Y16.79
G1 F6000 X85.579 Y18.152 E2516.59293
G0 F9000 X85.579 Y25.881
G1 F6000 X88.253 Y28.555 E2516.7816
G0 F9000 X86.489 Y28.556
G1 F6000 X89.219 Y25.827 E2516.97418
G0 F9000 X89.3 Y28.636
;TYPE:WALL-INNER
G1 F1500 X85.5 Y28.636 E2517.16376
G1 X85.5 Y16.712 E2517.75865
G1 X89.3 Y16.711 E2517.94823
G1 X89.3 Y28.636 E2518.54317
G0 F9000 X89.7 Y29.036
;TYPE:WALL-OUTER
G1 F1500 X85.1 Y29.036 E2518.77267
G1 X85.1 Y16.312 E2519.40747
G1 X89.7 Y16.311 E2519.63697
G1 X89.7 Y29.036 E2520.27182
G0 F9000 X89.5 Y29.036
G0 X89.26 Y28.596
G0 X89.19 Y24.767
G0 X88.91 Y24.767
;TYPE:SKIN
G1 F1500 X85.89 Y24.768 E2520.42249
G1 X85.89 Y19.582 E2520.68122
G1 X88.91 Y19.581 E2520.83189
G1 X88.91 Y24.767 E2521.09062
G0 F9000 X89.19 Y24.767
G0 X86.267 Y25.058
G0 X86.267 Y24.607
G1 F1500 X86.049 Y24.389 E2521.106
G0 F9000 X86.049 Y23.823
G1 F1500 X86.832 Y24.607 E2521.16128
G0 F9000 X87.398 Y24.607
G1 F1500 X86.049 Y23.258 E2521.25646
G0 F9000 X86.049 Y22.692
G1 F1500 X87.964 Y24.607 E2521.39157
G0 F9000 X88.529 Y24.607
G1 F1500 X86.049 Y22.126 E2521.56658
G0 F9000 X86.049 Y21.561
G1 F1500 X88.748 Y24.26 E2521.75701
G0 F9000 X88.748 Y23.695
G1 F1500 X86.049 Y20.995 E2521.94748
G0 F9000 X86.049 Y20.429
G1 F1500 X88.748 Y23.129 E2522.13794
G0 F9000 X88.748 Y22.563
G1 F1500 X86.049 Y19.864 E2522.32837
G0 F9000 X86.493 Y19.742
G1 F1500 X88.748 Y21.998 E2522.48751
G0 F9000 X88.748 Y21.432
G1 F1500 X87.058 Y19.742 E2522.60675
G0 F9000 X87.623 Y19.741
G1 F1500 X88.748 Y20.866 E2522.68612
G0 F9000 X88.748 Y20.301
G1 F1500 X88.189 Y19.741 E2522.7256
G0 F9000 X88.189 Y18.991
G1 F1500 E2516.2256
;MESH:NONMESH
G0 F300 X88.189 Y18.991 Z15.6
G0 F9000 X89.48 Y19.11
G0 X90.565 Y19.11
G0 X94.435 Y19.11
G0 X95.52 Y19.11
G0 X95.779 Y19.11
;TIME_ELAPSED:2540.741774
;LAYER:51
;TYPE:FILL
;MESH:realsense_camera_clamp-Body.stl
G1 F1500 E2522.7256
G1 F5647.1 X96.614 Y19.946 E2522.78455
G0 F9000 X96.614 Y19.726
G0 X95.779 Y19.266
G1 F5647.1 X98.065 Y16.98 E2522.94584
G0 F9000 X99.306 Y16.981
G1 F5647.1 X99.419 Y17.093 E2522.95377
G0 F9000 X95.882 Y19.798
G0 X95.882 Y24.55
G0 X96.3 Y24.622
G0 X96.3 Y24.402
G1 F5647.1 X95.779 Y24.924 E2522.99057
G1 X95.779 Y24.767
G1 X99.378 Y28.367 E2523.24453
G0 F9000 X97.992 Y28.367
G1 F5647.1 X99.419 Y26.94 E2523.34521
G0 F9000 X99.5 Y28.447
;TYPE:WALL-INNER
G1 F1411.8 X95.7 Y28.448 E2523.5348
G1 X95.7 Y16.901 E2524.11088
G1 X99.5 Y16.901 E2524.30046
G1 X99.5 Y28.447 E2524.87649
G0 F9000 X99.9 Y28.847
;TYPE:WALL-OUTER
G1 F1411.8 X95.3 Y28.848 E2525.10599
G1 X95.3 Y16.501 E2525.72198
G1 X99.9 Y16.501 E2525.95148
G1 X99.9 Y28.847 E2526.56742
G0 F9000 X99.7 Y28.847
G0 X99.46 Y28.407
G0 X99.39 Y24.332
G0 X99.11 Y24.332
;TYPE:SKIN
G1 F1411.8 X96.09 Y24.332 E2526.71809
G1 X96.09 Y20.016 E2526.93342
G1 X99.11 Y20.016 E2527.08409
G1 X99.11 Y24.332 E2527.29941
G0 F9000 X98.948 Y23.804
G1 F1411.8 X98.581 Y24.172 E2527.32534
G0 F9000 X98.015 Y24.172
G1 F1411.8 X98.948 Y23.239 E2527.39117
G0 F9000 X98.948 Y22.673
G1 F1411.8 X97.449 Y24.172 E2527.49693
G0 F9000 X96.884 Y24.172
G1 F1411.8 X98.948 Y22.107 E2527.64259
G0 F9000 X98.948 Y21.542
G1 F1411.8 X96.318 Y24.172 E2527.82815
G0 F9000 X96.249 Y23.676
G1 F1411.8 X98.948 Y20.976 E2528.01862
G0 F9000 X98.948 Y20.41
G1 F1411.8 X96.249 Y23.11 E2528.20908
G0 F9000 X96.249 Y22.544
G1 F1411.8 X98.618 Y20.175 E2528.37623
G0 F9000 X98.052 Y20.175
G1 F1411.8 X96.249 Y21.979 E2528.50348
G0 F9000 X96.249 Y21.413
G1 F1411.8 X97.486 Y20.175 E2528.59079
G0 F9000 X96.921 Y20.175
G1 F1411.8 X96.249 Y20.847 E2528.6382
G0 F9000 X96.249 Y20.281
G1 F1411.8 X96.355 Y20.175 E2528.64568
G0 F9000 X96.355 Y19.426
G1 F1500 E2522.14568
G0 F9000 X95.52 Y18.207
G0 X94.435 Y18.207
G0 X90.565 Y18.207
G0 X89.48 Y18.207
G0 X89.219 Y18.207
;TYPE:FILL
G1 F1500 E2528.64568
G1 F5647.1 X87.992 Y16.98 E2528.73225
G0 F9000 X86.752 Y16.98
G1 F5647.1 X85.579 Y18.153 E2528.81501
G0 F9000 X85.579 Y25.88
G1 F5647.1 X88.065 Y28.367 E2528.99045
G0 F9000 X86.679 Y28.367
G1 F5647.1 X89.219 Y25.827 E2529.16966
G0 F9000 X89.3 Y28.447
;TYPE:WALL-INNER
G1 F1411.8 X85.5 Y28.447 E2529.35924
G1 X85.5 Y16.901 E2529.93527
G1 X89.3 Y16.9 E2530.12486
G1 X89.3 Y28.447 E2530.70094
G0 F9000 X89.7 Y28.847
;TYPE:WALL-OUTER
G1 F1411.8 X85.1 Y28.847 E2530.93043
G1 X85.1 Y16.501 E2531.54638
G1 X89.7 Y16.5 E2531.77587
G1 X89.7 Y28.847 E2532.39187
G0 F9000 X89.5 Y28.847
G0 X89.26 Y28.407
G0 X89.19 Y24.331
G0 X88.91 Y24.331
;TYPE:SKIN
G1 F1411.8 X85.89 Y24.332 E2532.54254
G1 X85.89 Y20.017 E2532.75781
G1 X88.91 Y20.016 E2532.90848
G1 X88.91 Y24.331 E2533.12376
G0 F9000 X88.749 Y23.821
G1 F1411.8 X88.399 Y24.171 E2533.14845
G0 F9000 X87.833 Y24.171
G1 F1411.8 X88.749 Y23.256 E2533.21305
G0 F9000 X88.749 Y22.69
G1 F1411.8 X87.268 Y24.171 E2533.31754
G0 F9000 X86.702 Y24.171
G1 F1411.8 X88.749 Y22.124 E2533.46197
G0 F9000 X88.749 Y21.558
G1 F1411.8 X86.136 Y24.171 E2533.64633
G0 F9000 X86.049 Y23.693
G1 F1411.8 X88.749 Y20.993 E2533.83683
G0 F9000 X88.749 Y20.427
G1 F1411.8 X86.049 Y23.128 E2534.02736
G0 F9000 X86.049 Y22.562
G1 F1411.8 X88.435 Y20.175 E2534.19574
G0 F9000 X87.87 Y20.175
G1 F1411.8 X86.049 Y21.996 E2534.32422
G0 F9000 X86.049 Y21.43
G1 F1411.8 X87.304 Y20.175 E2534.41277
G0 F9000 X86.738 Y20.175
G1 F1411.8 X86.049 Y20.865 E2534.46142
G0 F9000 X86.049 Y20.299
G1 F1411.8 X86.172 Y20.175 E2534.47013
G0 F9000 X86.172 Y19.426
G1 F1500 E2527.97013
;MESH:NONMESH
G0 F300 X86.172 Y19.426 Z15.9
G0 F9000 X89.48 Y19.11
G0 X90.565 Y19.11
G0 X94.435 Y19.11
G0 X95.52 Y19.11
G0 X95.779 Y19.11
;TIME_ELAPSED:2556.799346
;LAYER:52
;TYPE:FILL
;MESH:realsense_camera_clamp-Body.stl
G1 F1500 E2534.47013
G1 F5006.5 X97.278 Y20.61 E2534.57593
G0 F9000 X97.278 Y20.39
G0 X95.779 Y19.266
G1 F5006.5 X97.873 Y17.172 E2534.72367
G0 F9000 X95.882 Y20.462
G0 X95.882 Y23.886
G0 X96.965 Y23.958
G0 X96.965 Y23.737
G1 F5006.5 X95.779 Y24.923 E2534.80735
G1 X95.779 Y24.767
G1 X99.187 Y28.175 E2535.0478
G0 F9000 X98.183 Y28.176
G1 F5006.5 X99.419 Y26.94 E2535.13501
G0 F9000 X99.5 Y28.255
;TYPE:WALL-INNER
G1 F1251.6 X95.7 Y28.256 E2535.32459
G1 X95.7 Y17.093 E2535.88152
G1 X99.5 Y17.093 E2536.0711
G1 X99.5 Y28.255 E2536.62797
G0 F9000 X99.9 Y28.655
;TYPE:WALL-OUTER
G1 F1251.6 X95.3 Y28.656 E2536.85747
G1 X95.3 Y16.693 E2537.45431
G1 X99.9 Y16.693 E2537.6838
G1 X99.9 Y28.655 E2538.28059
G0 F9000 X99.7 Y28.655
G0 X99.46 Y28.215
G0 X99.39 Y23.668
G0 X99.11 Y23.668
;TYPE:SKIN
G1 F1251.6 X96.09 Y23.668 E2538.43126
G1 X96.09 Y20.68 E2538.58033
G1 X99.11 Y20.68 E2538.731
G1 X99.11 Y23.668 E2538.88007
G0 F9000 X99.39 Y23.668
G0 X99.39 Y21.45
G0 X98.949 Y21.45
G1 F1251.6 X98.339 Y20.84 E2538.92311
G0 F9000 X97.773 Y20.84
G1 F1251.6 X98.949 Y22.016 E2539.00608
G0 F9000 X98.949 Y22.582
G1 F1251.6 X97.208 Y20.84 E2539.12895
G0 F9000 X96.642 Y20.84
G1 F1251.6 X98.949 Y23.147 E2539.29172
G0 F9000 X98.743 Y23.507
G1 F1251.6 X96.249 Y21.013 E2539.46769
G0 F9000 X96.249 Y21.578
G1 F1251.6 X98.178 Y23.507 E2539.60379
G0 F9000 X97.612 Y23.507
G1 F1251.6 X96.249 Y22.144 E2539.69996
G0 F9000 X96.249 Y22.71
G1 F1251.6 X97.046 Y23.507 E2539.75619
G0 F9000 X96.481 Y23.507
G1 F1251.6 X96.249 Y23.275 E2539.77256
G0 F9000 X95.9 Y23.275
G1 F1500 E2533.27256
G0 F9000 X95.81 Y23.275
G0 X95.52 Y23.864
G0 X94.435 Y23.864
G0 X90.565 Y23.864
G0 X89.48 Y23.864
G0 X89.219 Y23.864
;TYPE:FILL
G1 F1500 E2539.77256
G1 F5006.5 X89.092 Y23.737 E2539.78152
G0 F9000 X89.19 Y23.737
G0 X89.219 Y25.827
G1 F5006.5 X86.871 Y28.174 E2539.94715
G0 F9000 X87.872 Y28.174
G1 F5006.5 X85.579 Y25.88 E2540.10897
G0 F9000 X85.579 Y23.81
G1 F5006.5 X85.651 Y23.737 E2540.11408
G0 F9000 X85.61 Y23.737
G0 X85.682 Y20.463
G0 X85.965 Y20.39
G0 X85.965 Y20.61
G1 F5006.5 X85.579 Y20.224 E2540.14132
G0 F9000 X85.579 Y18.152
G1 F5006.5 X86.56 Y17.172 E2540.2105
G0 F9000 X88.184 Y17.172
G1 F5006.5 X89.219 Y18.207 E2540.28352
G0 F9000 X89.219 Y20.17
G1 F5006.5 X88.778 Y20.61 E2540.3146
G0 F9000 X88.778 Y20.39
G0 X89.118 Y20.462
G0 X89.3 Y28.255
;TYPE:WALL-INNER
G1 F1251.6 X85.5 Y28.255 E2540.50418
G1 X85.5 Y17.093 E2541.06106
G1 X89.3 Y17.092 E2541.25064
G1 X89.3 Y28.255 E2541.80757
G0 F9000 X89.7 Y28.655
;TYPE:WALL-OUTER
G1 F1251.6 X85.1 Y28.655 E2542.03706
G1 X85.1 Y16.693 E2542.63385
G1 X89.7 Y16.692 E2542.86334
G1 X89.7 Y28.655 E2543.46018
G0 F9000 X89.5 Y28.655
G0 X89.26 Y28.215
G0 X89.19 Y23.667
G0 X88.91 Y23.667
;TYPE:SKIN
G1 F1251.6 X85.89 Y23.668 E2543.61085
G1 X85.89 Y20.681 E2543.75987
G1 X88.91 Y20.68 E2543.91054
G1 X88.91 Y23.667 E2544.05956
G0 F9000 X89.19 Y23.667
G0 X89.19 Y21.432
G0 X88.748 Y21.432
G1 F1251.6 X88.157 Y20.84 E2544.10129
G0 F9000 X87.591 Y20.84
G1 F1251.6 X88.748 Y21.998 E2544.18296
G0 F9000 X88.748 Y22.563
G1 F1251.6 X87.026 Y20.841 E2544.30446
G0 F9000 X86.46 Y20.841
G1 F1251.6 X88.748 Y23.129 E2544.46589
G0 F9000 X88.56 Y23.507
G1 F1251.6 X86.049 Y20.995 E2544.64309
G0 F9000 X86.049 Y21.561
G1 F1251.6 X87.995 Y23.507 E2544.78039
G0 F9000 X87.429 Y23.507
G1 F1251.6 X86.049 Y22.126 E2544.87779
G0 F9000 X86.049 Y22.692
G1 F1251.6 X86.864 Y23.507 E2544.93529
G0 F9000 X86.298 Y23.507
G1 F1251.6 X86.049 Y23.258 E2544.95286
G0 F9000 X85.7 Y23.258
G1 F1500 E2538.45286
;MESH:NONMESH
G0 F300 X85.7 Y23.258 Z16.2
G0 F9000 X85.61 Y23.258
G0 X85.682 Y20.463
G0 X89.48 Y19.11
G0 X90.565 Y19.11
G0 X94.435 Y19.11
G0 X95.52 Y19.11
G0 X95.779 Y19.11
;TIME_ELAPSED:2573.056320
;LAYER:53
;TYPE:FILL
;MESH:realsense_camera_clamp-Body.stl
G1 F1500 E2544.95286
G1 F4385.7 X99.419 Y22.75 E2545.20968
G0 F9000 X99.419 Y21.283
G1 F4385.7 X95.779 Y24.924 E2545.46654
G1 X95.779 Y24.767
G1 X97.833 Y26.821 E2545.61146
G0 F9000 X97.833 Y26.602
G0 X95.779 Y19.267
G1 F4385.7 X96.52 Y18.526 E2545.66374
G0 F9000 X96.52 Y18.746
G0 X99.318 Y26.674
G0 X99.5 Y27.955
;TYPE:WALL-INNER
G1 F1096.4 X95.7 Y27.956 E2545.85332
G1 X95.7 Y17.393 E2546.38031
G1 X99.5 Y17.393 E2546.5699
G1 X99.5 Y27.955 E2547.09684
G0 F9000 X99.9 Y28.355
;TYPE:WALL-OUTER
G1 F1096.4 X95.3 Y28.356 E2547.32633
G1 X95.3 Y16.993 E2547.89324
G1 X99.9 Y16.993 E2548.12273
G1 X99.9 Y28.355 E2548.68958
G0 F9000 X99.7 Y28.355
G0 X99.46 Y27.915
G0 X99.11 Y27.565
;TYPE:SKIN
G1 F1096.4 X96.09 Y27.566 E2548.84025
G1 X96.09 Y26.893 E2548.87383
G1 X99.11 Y26.892 E2549.0245
G1 X99.11 Y27.565 E2549.05807
G0 F9000 X98.948 Y27.198
G1 F1096.4 X98.742 Y27.405 E2549.07264
G0 F9000 X98.53 Y27.051
G1 F1096.4 X98.176 Y27.405 E2549.09762
G0 F9000 X97.964 Y27.051
G1 F1096.4 X97.611 Y27.405 E2549.12256
G0 F9000 X97.398 Y27.052
G1 F1096.4 X97.045 Y27.405 E2549.14747
G0 F9000 X96.832 Y27.052
G1 F1096.4 X96.479 Y27.405 E2549.17237
G0 F9000 X96.479 Y27.846
G0 X95.882 Y27.774
G0 X95.81 Y18.456
G0 X96.09 Y18.456
G1 F1096.4 X96.09 Y17.783 E2549.20595
G1 X99.11 Y17.783 E2549.35662
G1 X99.11 Y18.456 E2549.39019
G1 X96.09 Y18.456 E2549.54086
G0 F9000 X96.325 Y17.942
G1 F1096.4 X96.249 Y18.019 E2549.54626
G0 F9000 X96.537 Y18.296
G1 F1096.4 X96.891 Y17.942 E2549.57123
G0 F9000 X97.103 Y18.296
G1 F1096.4 X97.456 Y17.942 E2549.59618
G0 F9000 X97.669 Y18.296
G1 F1096.4 X98.022 Y17.942 E2549.62112
G0 F9000 X98.234 Y18.296
G1 F1096.4 X98.588 Y17.942 E2549.64609
G0 F9000 X98.8 Y18.296
G1 F1096.4 X98.948 Y18.147 E2549.65657
G0 F9000 X99.3 Y18.147
G1 F1500 E2543.15657
G0 F9000 X99.39 Y18.147
G0 X99.318 Y18.674
G0 X95.52 Y20.17
G0 X94.435 Y20.17
G0 X90.565 Y20.17
G0 X89.48 Y20.17
G0 X89.219 Y20.17
;TYPE:FILL
G1 F1500 E2549.65657
G1 F4385.7 X85.579 Y23.809 E2549.91336
G0 F9000 X85.579 Y25.881
G1 F4385.7 X86.52 Y26.821 E2549.97972
G0 F9000 X86.52 Y26.602
G0 X88.224 Y26.602
G0 X88.224 Y26.821
G1 F4385.7 X89.219 Y25.827 E2550.04988
G0 F9000 X89.219 Y23.864
G1 F4385.7 X85.579 Y20.224 E2550.3067
G0 F9000 X89.118 Y26.674
G0 X89.3 Y27.955
;TYPE:WALL-INNER
G1 F1096.4 X85.5 Y27.955 E2550.49629
G1 X85.5 Y17.393 E2551.02323
G1 X89.3 Y17.392 E2551.21281
G1 X89.3 Y27.955 E2551.7398
G0 F9000 X89.7 Y28.355
;TYPE:WALL-OUTER
G1 F1096.4 X85.1 Y28.355 E2551.9693
G1 X85.1 Y16.993 E2552.53615
G1 X89.7 Y16.992 E2552.76564
G1 X89.7 Y28.355 E2553.33255
G0 F9000 X89.5 Y28.355
G0 X89.26 Y27.915
G0 X88.91 Y27.565
;TYPE:SKIN
G1 F1096.4 X85.89 Y27.565 E2553.48321
G1 X85.89 Y26.892 E2553.51679
G1 X88.91 Y26.892 E2553.66746
G1 X88.91 Y27.565 E2553.70103
G0 F9000 X88.748 Y27.216
G1 F1096.4 X88.56 Y27.404 E2553.7143
G0 F9000 X88.348 Y27.051
G1 F1096.4 X87.995 Y27.404 E2553.7392
G0 F9000 X87.782 Y27.051
G1 F1096.4 X87.429 Y27.404 E2553.76411
G0 F9000 X87.216 Y27.051
G1 F1096.4 X86.863 Y27.404 E2553.78902
G0 F9000 X86.65 Y27.051
G1 F1096.4 X86.298 Y27.404 E2553.81389
G0 F9000 X86.298 Y27.845
G0 X85.682 Y27.773
G0 X85.61 Y18.456
G0 X85.89 Y18.456
G1 F1096.4 X85.89 Y17.783 E2553.84746
G1 X88.91 Y17.782 E2553.99813
G1 X88.91 Y18.455 E2554.03171
G1 X85.89 Y18.456 E2554.18238
G0 F9000 X86.049 Y18.036
G1 F1096.4 X86.143 Y17.942 E2554.18901
G0 F9000 X86.356 Y18.295
G1 F1096.4 X86.708 Y17.942 E2554.21388
G0 F9000 X86.921 Y18.295
G1 F1096.4 X87.274 Y17.942 E2554.23879
G0 F9000 X87.487 Y18.295
G1 F1096.4 X87.841 Y17.942 E2554.26373
G0 F9000 X88.053 Y18.295
G1 F1096.4 X88.406 Y17.942 E2554.28863
G0 F9000 X88.748 Y18.165
G1 F1096.4 X88.618 Y18.295 E2554.29781
G0 F9000 X88.618 Y19.046
G1 F1500 E2547.79781
;MESH:NONMESH
G0 F300 X88.618 Y19.046 Z16.5
G0 F9000 X89.48 Y19.11
G0 X90.565 Y19.11
G0 X94.435 Y19.11
G0 X95.52 Y19.11
G0 X95.779 Y19.11
;TIME_ELAPSED:2588.752837
;LAYER:54
;TYPE:FILL
;MESH:realsense_camera_clamp-Body.stl
G1 F1500 E2554.29781
G1 F4401.4 X99.419 Y22.75 E2554.55463
G0 F9000 X99.419 Y21.283
G1 F4401.4 X95.779 Y24.923 E2554.81145
G1 X95.779 Y24.767
G1 X97.357 Y26.345 E2554.92279
G0 F9000 X97.357 Y26.125
G0 X95.779 Y19.266
G1 F4401.4 X96.043 Y19.002 E2554.94141
G0 F9000 X96.043 Y19.223
G0 X99.318 Y26.197
G0 X99.5 Y27.655
;TYPE:WALL-INNER
G1 F1100.3 X95.7 Y27.656 E2555.13099
G1 X95.7 Y17.693 E2555.62805
G1 X99.5 Y17.693 E2555.81763
G1 X99.5 Y27.655 E2556.31464
G0 F9000 X99.9 Y28.055
;TYPE:WALL-OUTER
G1 F1100.3 X95.3 Y28.056 E2556.54413
G1 X95.3 Y17.293 E2557.0811
G1 X99.9 Y17.293 E2557.3106
G1 X99.9 Y28.055 E2557.84752
G0 F9000 X99.7 Y28.055
G0 X99.46 Y27.615
G0 X99.11 Y27.265
;TYPE:SKIN
G1 F1100.3 X96.09 Y27.266 E2557.99818
G1 X96.09 Y26.416 E2558.04059
G1 X99.11 Y26.415 E2558.19126
G1 X99.11 Y27.265 E2558.23367
G0 F9000 X98.946 Y27.104
G1 F1100.3 X98.417 Y26.575 E2558.27099
G0 F9000 X98.381 Y27.104
G1 F1100.3 X97.852 Y26.575 E2558.30831
G0 F9000 X97.815 Y27.104
G1 F1100.3 X97.287 Y26.576 E2558.34557
G0 F9000 X97.249 Y27.104
G1 F1100.3 X96.721 Y26.576 E2558.38282
G0 F9000 X96.249 Y26.669
G1 F1100.3 X96.684 Y27.104 E2558.41351
G0 F9000 X96.684 Y27.546
G0 X95.882 Y27.474
G0 X95.81 Y18.933
G0 X96.09 Y18.933
G1 F1100.3 X96.09 Y18.083 E2558.45592
G1 X99.11 Y18.083 E2558.60659
G1 X99.11 Y18.933 E2558.64899
G1 X96.09 Y18.933 E2558.79966
G0 F9000 X96.307 Y18.242
G1 F1100.3 X96.837 Y18.772 E2558.83706
G0 F9000 X96.872 Y18.242
G1 F1100.3 X97.403 Y18.772 E2558.87449
G0 F9000 X97.438 Y18.242
G1 F1100.3 X97.968 Y18.772 E2558.91188
G0 F9000 X98.004 Y18.242
G1 F1100.3 X98.534 Y18.772 E2558.94927
G0 F9000 X98.948 Y18.621
G1 F1100.3 X98.569 Y18.242 E2558.97602
G0 F9000 X98.569 Y17.893
G1 F1500 E2552.47602
G0 F9000 X98.569 Y17.803
G0 X99.318 Y17.875
G0 X99.318 Y19.151
G0 X95.52 Y20.17
G0 X94.435 Y20.17
G0 X90.565 Y20.17
G0 X89.48 Y20.17
G0 X89.219 Y20.17
;TYPE:FILL
G1 F1500 E2558.97602
G1 F4401.4 X85.579 Y23.809 E2559.2328
G0 F9000 X85.579 Y25.88
G1 F4401.4 X86.042 Y26.344 E2559.2655
G0 F9000 X86.042 Y26.125
G0 X88.701 Y26.125
G0 X88.701 Y26.344
G1 F4401.4 X89.219 Y25.827 E2559.30202
G0 F9000 X89.219 Y23.864
G1 F4401.4 X85.579 Y20.223 E2559.55887
G0 F9000 X89.118 Y26.197
G0 X89.3 Y27.655
;TYPE:WALL-INNER
G1 F1100.3 X85.5 Y27.655 E2559.74846
G1 X85.5 Y17.693 E2560.24546
G1 X89.3 Y17.692 E2560.43505
G1 X89.3 Y27.655 E2560.9321
G0 F9000 X89.7 Y28.055
;TYPE:WALL-OUTER
G1 F1100.3 X85.1 Y28.055 E2561.1616
G1 X85.1 Y17.293 E2561.69851
G1 X89.7 Y17.292 E2561.92801
G1 X89.7 Y28.055 E2562.46498
G0 F9000 X89.5 Y28.055
G0 X89.26 Y27.615
G0 X88.91 Y27.265
;TYPE:SKIN
G1 F1100.3 X85.89 Y27.265 E2562.61565
G1 X85.89 Y26.415 E2562.65805
G1 X88.91 Y26.415 E2562.80872
G1 X88.91 Y27.265 E2562.85113
G0 F9000 X88.749 Y27.089
G1 F1100.3 X88.234 Y26.575 E2562.88743
G0 F9000 X88.198 Y27.104
G1 F1100.3 X87.669 Y26.575 E2562.92475
G0 F9000 X87.633 Y27.104
G1 F1100.3 X87.103 Y26.575 E2562.96211
G0 F9000 X87.067 Y27.104
G1 F1100.3 X86.537 Y26.575 E2562.99947
G0 F9000 X86.049 Y26.652
G1 F1100.3 X86.501 Y27.104 E2563.03136
G0 F9000 X86.501 Y27.545
G0 X85.682 Y27.473
G0 X85.61 Y18.933
G0 X85.89 Y18.933
G1 F1100.3 X85.89 Y18.083 E2563.07377
G1 X88.91 Y18.082 E2563.22444
G1 X88.91 Y18.932 E2563.26684
G1 X85.89 Y18.933 E2563.41751
G0 F9000 X86.125 Y18.243
G1 F1100.3 X86.654 Y18.772 E2563.45484
G0 F9000 X86.691 Y18.243
G1 F1100.3 X87.22 Y18.772 E2563.49216
G0 F9000 X87.256 Y18.243
G1 F1100.3 X87.785 Y18.772 E2563.52948
G0 F9000 X87.821 Y18.242
G1 F1100.3 X88.351 Y18.772 E2563.56688
G0 F9000 X88.748 Y18.603
G1 F1100.3 X88.387 Y18.242 E2563.59235
G0 F9000 X88.386 Y17.893
G1 F1500 E2557.09235
;MESH:NONMESH
G0 F300 X88.386 Y17.893 Z16.8
G0 F9000 X88.387 Y17.802
G0 X89.118 Y17.874
G0 X89.48 Y19.663
G0 X90.565 Y19.663
G0 X94.435 Y19.663
G0 X95.52 Y19.663
G0 X96.331 Y19.663
;TIME_ELAPSED:2604.625303
;LAYER:55
;TYPE:FILL
;MESH:realsense_camera_clamp-Body.stl
G1 F1500 E2563.59235
G1 F4491.4 X99.419 Y22.75 E2563.81019
G0 F9000 X99.419 Y21.283
G1 F4491.4 X95.779 Y24.924 E2564.06705
G1 X95.779 Y24.767
G1 X96.697 Y25.685 E2564.13181
G0 F9000 X96.697 Y25.465
G0 X99.318 Y25.537
G0 X99.5 Y27.355
;TYPE:WALL-INNER
G1 F1122.9 X95.7 Y27.356 E2564.3214
G1 X95.7 Y17.993 E2564.78852
G1 X99.5 Y17.993 E2564.9781
G1 X99.5 Y27.355 E2565.44517
G0 F9000 X99.9 Y27.755
;TYPE:WALL-OUTER
G1 F1122.9 X95.3 Y27.756 E2565.67467
G1 X95.3 Y17.593 E2566.1817
G1 X99.9 Y17.593 E2566.4112
G1 X99.9 Y27.755 E2566.91818
G0 F9000 X99.7 Y27.755
G0 X99.46 Y27.315
G0 X99.11 Y26.965
;TYPE:SKIN
G1 F1122.9 X96.09 Y26.966 E2567.06885
G1 X96.09 Y25.756 E2567.12922
G1 X99.11 Y25.755 E2567.27989
G1 X99.11 Y26.965 E2567.34025
G0 F9000 X98.948 Y26.633
G1 F1122.9 X98.776 Y26.805 E2567.35239
G0 F9000 X98.21 Y26.805
G1 F1122.9 X98.948 Y26.067 E2567.40446
G0 F9000 X98.536 Y25.914
G1 F1122.9 X97.645 Y26.805 E2567.46732
G0 F9000 X97.079 Y26.805
G1 F1122.9 X97.97 Y25.914 E2567.53019
G0 F9000 X97.403 Y25.915
G1 F1122.9 X96.513 Y26.805 E2567.59298
G0 F9000 X96.249 Y26.504
G1 F1122.9 X96.838 Y25.915 E2567.63454
G0 F9000 X96.838 Y25.465
G0 X95.81 Y19.593
G0 X96.09 Y19.593
G1 F1122.9 X96.09 Y18.383 E2567.69491
G1 X99.11 Y18.383 E2567.84558
G1 X99.11 Y19.593 E2567.90594
G1 X96.09 Y19.593 E2568.05661
G0 F9000 X96.249 Y19.15
G1 F1122.9 X96.857 Y18.542 E2568.09951
G0 F9000 X97.423 Y18.542
G1 F1122.9 X96.532 Y19.433 E2568.16237
G0 F9000 X97.097 Y19.433
G1 F1122.9 X97.988 Y18.542 E2568.22524
G0 F9000 X98.554 Y18.542
G1 F1122.9 X97.663 Y19.433 E2568.2881
G0 F9000 X98.229 Y19.433
G1 F1122.9 X98.949 Y18.712 E2568.33894
G0 F9000 X98.949 Y19.278
G1 F1122.9 X98.794 Y19.433 E2568.34988
G0 F9000 X98.794 Y20.183
G1 F1500 E2561.84988
G0 F9000 X95.52 Y20.17
G0 X94.435 Y20.17
G0 X90.565 Y20.17
G0 X89.48 Y20.17
G0 X89.219 Y20.17
;TYPE:FILL
G1 F1500 E2568.34988
G1 F4491.4 X85.579 Y23.809 E2568.60666
G0 F9000 X85.579 Y20.224
G1 F4491.4 X89.219 Y23.864 E2568.86348
G0 F9000 X89.3 Y27.355
;TYPE:WALL-INNER
G1 F1122.9 X85.5 Y27.355 E2569.05307
G1 X85.5 Y17.993 E2569.52014
G1 X89.3 Y17.992 E2569.70972
G1 X89.3 Y27.355 E2570.17684
G0 F9000 X89.7 Y27.755
;TYPE:WALL-OUTER
G1 F1122.9 X85.1 Y27.755 E2570.40634
G1 X85.1 Y17.593 E2570.91332
G1 X89.7 Y17.592 E2571.14282
G1 X89.7 Y27.755 E2571.64985
G0 F9000 X89.5 Y27.755
G0 X89.26 Y27.315
G0 X88.91 Y26.965
;TYPE:SKIN
G1 F1122.9 X85.89 Y26.965 E2571.80052
G1 X85.89 Y25.755 E2571.86089
G1 X88.91 Y25.755 E2572.01155
G1 X88.91 Y26.965 E2572.07192
G0 F9000 X88.748 Y26.65
G1 F1122.9 X88.594 Y26.805 E2572.08282
G0 F9000 X88.029 Y26.805
G1 F1122.9 X88.748 Y26.085 E2572.13359
G0 F9000 X88.353 Y25.914
G1 F1122.9 X87.463 Y26.805 E2572.19642
G0 F9000 X86.897 Y26.805
G1 F1122.9 X87.788 Y25.914 E2572.25928
G0 F9000 X87.222 Y25.914
G1 F1122.9 X86.332 Y26.805 E2572.32211
G0 F9000 X86.049 Y26.522
G1 F1122.9 X86.656 Y25.914 E2572.36497
G0 F9000 X86.656 Y25.465
G0 X85.61 Y19.593
G0 X85.89 Y19.593
G1 F1122.9 X85.89 Y18.383 E2572.42534
G1 X88.91 Y18.382 E2572.57601
G1 X88.91 Y19.592 E2572.63638
G1 X85.89 Y19.593 E2572.78705
G0 F9000 X85.61 Y19.593
G0 X85.61 Y18.602
G0 X86.049 Y18.602
G1 F1122.9 X86.109 Y18.542 E2572.79128
G0 F9000 X86.675 Y18.542
G1 F1122.9 X86.049 Y19.168 E2572.83545
G0 F9000 X86.35 Y19.432
G1 F1122.9 X87.24 Y18.542 E2572.89824
G0 F9000 X87.807 Y18.541
G1 F1122.9 X86.916 Y19.432 E2572.96111
G0 F9000 X87.481 Y19.432
G1 F1122.9 X88.372 Y18.541 E2573.02397
G0 F9000 X88.748 Y18.731
G1 F1122.9 X88.047 Y19.432 E2573.07343
G0 F9000 X88.613 Y19.432
G1 F1122.9 X88.748 Y19.296 E2573.08299
G0 F9000 X89.1 Y19.296
G1 F1500 E2566.58299
;MESH:NONMESH
G0 F300 X89.1 Y19.296 Z17.1
G0 F9000 X89.19 Y19.296
G0 X89.48 Y24.767
G0 X90.565 Y24.767
G0 X94.435 Y24.767
G0 X95.52 Y24.767
G0 X95.779 Y24.767
;TIME_ELAPSED:2620.017815
;LAYER:56
;TYPE:FILL
;MESH:realsense_camera_clamp-Body.stl
G1 F1500 E2573.08299
G1 F4684.5 X95.843 Y24.831 E2573.08751
G1 X95.87 Y24.832
G1 X99.419 Y21.283 E2573.33791
G0 F9000 X99.419 Y22.75
G1 F4684.5 X97.186 Y20.517 E2573.49546
G0 F9000 X97.186 Y20.737
G0 X99.318 Y24.683
G0 X99.5 Y26.902
;TYPE:WALL-INNER
G1 F1171.1 X95.7 Y26.903 E2573.68504
G1 X95.7 Y18.446 E2574.10696
G1 X99.5 Y18.446 E2574.29654
G1 X99.5 Y26.902 E2574.71842
G0 F9000 X99.9 Y27.302
;TYPE:WALL-OUTER
G1 F1171.1 X95.3 Y27.303 E2574.94791
G1 X95.3 Y18.046 E2575.40974
G1 X99.9 Y18.046 E2575.63924
G1 X99.9 Y27.302 E2576.10102
G0 F9000 X99.7 Y27.302
G0 X99.46 Y26.862
G0 X99.11 Y26.512
;TYPE:SKIN
G1 F1171.1 X96.09 Y26.513 E2576.25169
G1 X96.09 Y24.902 E2576.33206
G1 X99.11 Y24.901 E2576.48273
G1 X99.11 Y26.512 E2576.56311
G0 F9000 X99.39 Y26.512
G0 X99.39 Y25.41
G0 X98.949 Y25.41
G1 F1171.1 X98.601 Y25.061 E2576.58769
G0 F9000 X98.035 Y25.061
G1 F1171.1 X98.949 Y25.976 E2576.65222
G0 F9000 X98.759 Y26.351
G1 F1171.1 X97.469 Y25.061 E2576.74323
G0 F9000 X96.904 Y25.061
G1 F1171.1 X98.193 Y26.351 E2576.83421
G0 F9000 X97.628 Y26.351
G1 F1171.1 X96.338 Y25.061 E2576.92523
G0 F9000 X96.249 Y25.538
G1 F1171.1 X97.063 Y26.352 E2576.98266
G0 F9000 X96.497 Y26.352
G1 F1171.1 X96.249 Y26.104 E2577.00016
G0 F9000 X95.81 Y26.104
G0 X95.81 Y20.447
G0 X96.09 Y20.447
G1 F1171.1 X96.09 Y18.836 E2577.08053
G1 X99.11 Y18.836 E2577.2312
G1 X99.11 Y20.447 E2577.31158
G1 X96.09 Y20.447 E2577.46224
G0 F9000 X96.654 Y20.286
G1 F1171.1 X96.249 Y19.881 E2577.49082
G0 F9000 X96.249 Y19.316
G1 F1171.1 X97.22 Y20.286 E2577.55929
G0 F9000 X97.785 Y20.286
G1 F1171.1 X96.495 Y18.996 E2577.65031
G0 F9000 X97.061 Y18.996
G1 F1171.1 X98.351 Y20.286 E2577.74133
G0 F9000 X98.917 Y20.286
G1 F1171.1 X97.626 Y18.996 E2577.83238
G0 F9000 X98.192 Y18.996
G1 F1171.1 X98.949 Y19.753 E2577.88579
G0 F9000 X98.949 Y19.188
G1 F1171.1 X98.758 Y18.996 E2577.8993
G0 F9000 X98.758 Y18.646
G1 F1500 E2571.3993
G0 F9000 X98.758 Y18.556
G0 X95.882 Y18.628
G0 X95.52 Y20.737
G0 X94.435 Y20.737
G0 X90.565 Y20.737
G0 X89.48 Y20.737
G0 X88.873 Y20.737
G1 F1500 E2577.8993
G0 F9000 X88.873 Y20.515
;TYPE:FILL
G1 F4684.5 X85.579 Y23.809 E2578.13171
G0 F9000 X85.871 Y20.737
G0 X85.871 Y20.516
G1 F4684.5 X89.219 Y23.864 E2578.36793
G0 F9000 X89.3 Y26.902
;TYPE:WALL-INNER
G1 F1171.1 X85.5 Y26.902 E2578.55751
G1 X85.5 Y18.446 E2578.97938
G1 X89.3 Y18.445 E2579.16897
G1 X89.3 Y26.902 E2579.59089
G0 F9000 X89.7 Y27.302
;TYPE:WALL-OUTER
G1 F1171.1 X85.1 Y27.302 E2579.82038
G1 X85.1 Y18.046 E2580.28217
G1 X89.7 Y18.045 E2580.51166
G1 X89.7 Y27.302 E2580.97349
G0 F9000 X89.5 Y27.302
G0 X89.26 Y26.862
G0 X88.91 Y26.512
;TYPE:SKIN
G1 F1171.1 X85.89 Y26.512 E2581.12416
G1 X85.89 Y24.901 E2581.20454
G1 X88.91 Y24.901 E2581.3552
G1 X88.91 Y26.512 E2581.43558
G0 F9000 X89.19 Y26.512
G0 X89.19 Y25.392
G0 X88.749 Y25.392
G1 F1171.1 X88.418 Y25.061 E2581.45893
G0 F9000 X87.852 Y25.061
G1 F1171.1 X88.749 Y25.958 E2581.52222
G0 F9000 X88.577 Y26.351
G1 F1171.1 X87.286 Y25.061 E2581.61327
G0 F9000 X86.72 Y25.061
G1 F1171.1 X88.011 Y26.351 E2581.70432
G0 F9000 X87.445 Y26.351
G1 F1171.1 X86.155 Y25.061 E2581.79534
G0 F9000 X86.049 Y25.52
G1 F1171.1 X86.88 Y26.351 E2581.85397
G0 F9000 X86.314 Y26.351
G1 F1171.1 X86.049 Y26.086 E2581.87267
G0 F9000 X85.61 Y26.086
G0 X85.61 Y20.447
G0 X85.89 Y20.447
G1 F1171.1 X85.89 Y18.836 E2581.95304
G1 X88.91 Y18.835 E2582.10371
G1 X88.91 Y20.446 E2582.18408
G1 X85.89 Y20.447 E2582.33475
G0 F9000 X86.471 Y20.286
G1 F1171.1 X86.049 Y19.864 E2582.36453
G0 F9000 X86.049 Y19.298
G1 F1171.1 X87.037 Y20.286 E2582.43423
G0 F9000 X87.602 Y20.286
G1 F1171.1 X86.312 Y18.995 E2582.52529
G0 F9000 X86.877 Y18.995
G1 F1171.1 X88.168 Y20.286 E2582.61637
G0 F9000 X88.734 Y20.286
G1 F1171.1 X87.443 Y18.995 E2582.70746
G0 F9000 X88.009 Y18.995
G1 F1171.1 X88.749 Y19.736 E2582.75971
G0 F9000 X88.749 Y19.17
G1 F1171.1 X88.575 Y18.995 E2582.77202
G0 F9000 X88.574 Y18.646
G1 F1500 E2576.27202
;MESH:NONMESH
G0 F300 X88.574 Y18.646 Z17.4
G0 F9000 X88.575 Y18.555
G0 X89.118 Y18.627
G0 X89.48 Y26.425
G0 X90.565 Y26.425
G0 X94.435 Y26.425
G0 X95.52 Y26.425
G0 X95.882 Y26.721
G0 X99.318 Y26.72
G0 X99.5 Y26.425
;TIME_ELAPSED:2636.207446
;LAYER:57
;TYPE:WALL-INNER
;MESH:realsense_camera_clamp-Body.stl
G1 F1500 E2582.77202
G1 F1417.9 X95.7 Y26.426 E2582.9616
G1 X95.7 Y18.923 E2583.33593
G1 X99.5 Y18.923 E2583.52551
G1 X99.5 Y26.425 E2583.89979
G0 F9000 X99.9 Y26.825
;TYPE:WALL-OUTER
G1 F1417.9 X95.3 Y26.826 E2584.12928
G1 X95.3 Y18.523 E2584.54352
G1 X99.9 Y18.523 E2584.77301
G1 X99.9 Y26.825 E2585.1872
G0 F9000 X99.7 Y26.825
G0 X99.46 Y26.385
G0 X99.11 Y26.035
;TYPE:SKIN
G1 F1417.9 X96.09 Y26.036 E2585.33787
G1 X96.09 Y19.313 E2585.67328
G1 X99.11 Y19.313 E2585.82395
G1 X99.11 Y26.035 E2586.15931
G0 F9000 X98.948 Y25.501
G1 F1417.9 X98.574 Y25.875 E2586.1857
G0 F9000 X98.009 Y25.875
G1 F1417.9 X98.948 Y24.936 E2586.25195
G0 F9000 X98.948 Y24.37
G1 F1417.9 X97.442 Y25.876 E2586.35821
G0 F9000 X96.877 Y25.876
G1 F1417.9 X98.948 Y23.804 E2586.50436
G0 F9000 X98.948 Y23.239
G1 F1417.9 X96.311 Y25.876 E2586.69042
G0 F9000 X96.249 Y25.373
G1 F1417.9 X98.948 Y22.673 E2586.88088
G0 F9000 X98.948 Y22.107
G1 F1417.9 X96.249 Y24.807 E2587.07135
G0 F9000 X96.249 Y24.241
G1 F1417.9 X98.948 Y21.542 E2587.26178
G0 F9000 X98.948 Y20.976
G1 F1417.9 X96.249 Y23.676 E2587.45224
G0 F9000 X96.249 Y23.11
G1 F1417.9 X98.948 Y20.41 E2587.64271
G0 F9000 X98.948 Y19.844
G1 F1417.9 X96.249 Y22.544 E2587.83317
G0 F9000 X96.249 Y21.979
G1 F1417.9 X98.755 Y19.473 E2588.00998
G0 F9000 X98.189 Y19.473
G1 F1417.9 X96.249 Y21.413 E2588.14686
G0 F9000 X96.249 Y20.847
G1 F1417.9 X97.623 Y19.473 E2588.2438
G0 F9000 X97.058 Y19.473
G1 F1417.9 X96.249 Y20.281 E2588.30085
G0 F9000 X96.249 Y19.716
G1 F1417.9 X96.492 Y19.473 E2588.31799
G0 F9000 X96.492 Y19.123
G1 F1500 E2581.81799
G0 F9000 X96.492 Y19.033
G0 X95.882 Y19.105
G0 X95.52 Y26.425
G0 X94.435 Y26.425
G0 X90.565 Y26.425
G0 X89.48 Y26.425
G0 X89.3 Y26.425
;TYPE:WALL-INNER
G1 F1500 E2588.31799
G1 F1417.9 X85.5 Y26.425 E2588.50757
G1 X85.5 Y18.923 E2588.88185
G1 X89.3 Y18.922 E2589.07143
G1 X89.3 Y26.425 E2589.44576
G0 F9000 X89.7 Y26.825
;TYPE:WALL-OUTER
G1 F1417.9 X85.1 Y26.825 E2589.67525
G1 X85.1 Y18.523 E2590.08944
G1 X89.7 Y18.522 E2590.31894
G1 X89.7 Y26.825 E2590.73318
G0 F9000 X89.5 Y26.825
G0 X89.26 Y26.385
G0 X88.91 Y26.035
;TYPE:SKIN
G1 F1417.9 X85.89 Y26.035 E2590.88384
G1 X85.89 Y19.313 E2591.21921
G1 X88.91 Y19.312 E2591.36987
G1 X88.91 Y26.035 E2591.70529
G0 F9000 X88.748 Y25.519
G1 F1417.9 X88.393 Y25.875 E2591.73037
G0 F9000 X87.827 Y25.875
G1 F1417.9 X88.748 Y24.953 E2591.79539
G0 F9000 X88.748 Y24.388
G1 F1417.9 X87.261 Y25.875 E2591.9003
G0 F9000 X86.696 Y25.875
G1 F1417.9 X88.748 Y23.822 E2592.04512
G0 F9000 X88.748 Y23.256
G1 F1417.9 X86.13 Y25.875 E2592.22987
G0 F9000 X86.049 Y25.39
G1 F1417.9 X88.748 Y22.691 E2592.4203
G0 F9000 X88.748 Y22.125
G1 F1417.9 X86.049 Y24.824 E2592.61072
G0 F9000 X86.049 Y24.258
G1 F1417.9 X88.748 Y21.559 E2592.80115
G0 F9000 X88.748 Y20.994
G1 F1417.9 X86.049 Y23.693 E2592.99158
G0 F9000 X86.049 Y23.127
G1 F1417.9 X88.748 Y20.428 E2593.18201
G0 F9000 X88.748 Y19.862
G1 F1417.9 X86.049 Y22.561 E2593.37244
G0 F9000 X86.049 Y21.995
G1 F1417.9 X88.573 Y19.472 E2593.55049
G0 F9000 X88.007 Y19.472
G1 F1417.9 X86.049 Y21.43 E2593.68863
G0 F9000 X86.049 Y20.864
G1 F1417.9 X87.442 Y19.472 E2593.78688
G0 F9000 X86.876 Y19.472
G1 F1417.9 X86.049 Y20.298 E2593.8452
G0 F9000 X86.049 Y19.733
G1 F1417.9 X86.31 Y19.472 E2593.86361
G0 F9000 X86.309 Y19.123
G1 F1500 E2587.36361
;MESH:NONMESH
G0 F300 X86.309 Y19.123 Z17.7
G0 F9000 X86.31 Y19.032
G0 X89.118 Y19.104
G0 X89.48 Y25.765
G0 X90.565 Y25.765
G0 X94.435 Y25.765
G0 X95.52 Y25.765
G0 X95.882 Y26.244
G0 X99.318 Y26.243
G0 X99.5 Y25.765
;TIME_ELAPSED:2651.442542
;LAYER:58
;TYPE:WALL-INNER
;MESH:realsense_camera_clamp-Body.stl
G1 F1500 E2593.86361
G1 F1207.8 X95.7 Y25.766 E2594.05319
G1 X95.7 Y19.583 E2594.36167
G1 X99.5 Y19.583 E2594.55125
G1 X99.5 Y25.765 E2594.85967
G0 F9000 X99.9 Y26.165
;TYPE:WALL-OUTER
G1 F1207.8 X95.3 Y26.166 E2595.08916
G1 X95.3 Y19.183 E2595.43755
G1 X99.9 Y19.183 E2595.66704
G1 X99.9 Y26.165 E2596.01538
G0 F9000 X99.7 Y26.165
G0 X99.46 Y25.725
G0 X99.11 Y25.375
;TYPE:SKIN
G1 F1207.8 X96.09 Y25.376 E2596.16604
G1 X96.09 Y19.973 E2596.4356
G1 X99.11 Y19.973 E2596.58627
G1 X99.11 Y25.375 E2596.85578
G0 F9000 X99.39 Y25.375
G0 X96.491 Y25.656
G0 X96.491 Y25.215
G1 F1207.8 X96.249 Y24.972 E2596.87289
G0 F9000 X96.249 Y24.407
G1 F1207.8 X97.057 Y25.215 E2596.9299
G0 F9000 X97.622 Y25.214
G1 F1207.8 X96.249 Y23.841 E2597.02677
G0 F9000 X96.249 Y23.275
G1 F1207.8 X98.188 Y25.214 E2597.16357
G0 F9000 X98.753 Y25.214
G1 F1207.8 X96.249 Y22.71 E2597.34025
G0 F9000 X96.249 Y22.144
G1 F1207.8 X98.949 Y24.844 E2597.53074
G0 F9000 X98.949 Y24.279
G1 F1207.8 X96.249 Y21.578 E2597.72128
G0 F9000 X96.249 Y21.013
G1 F1207.8 X98.949 Y23.713 E2597.91178
G0 F9000 X98.949 Y23.147
G1 F1207.8 X96.249 Y20.447 E2598.10228
G0 F9000 X96.5 Y20.133
G1 F1207.8 X98.949 Y22.582 E2598.27507
G0 F9000 X98.949 Y22.016
G1 F1207.8 X97.066 Y20.133 E2598.40793
G0 F9000 X97.632 Y20.133
G1 F1207.8 X98.949 Y21.45 E2598.50085
G0 F9000 X98.949 Y20.885
G1 F1207.8 X98.198 Y20.133 E2598.55387
G0 F9000 X98.763 Y20.133
G1 F1207.8 X98.949 Y20.319 E2598.56699
G0 F9000 X99.3 Y20.319
G1 F1500 E2592.06699
G0 F9000 X99.39 Y20.319
G0 X99.318 Y25.583
G0 X95.52 Y25.765
G0 X94.435 Y25.765
G0 X90.565 Y25.765
G0 X89.48 Y25.765
G0 X89.3 Y25.765
;TYPE:WALL-INNER
G1 F1500 E2598.56699
G1 F1207.8 X85.5 Y25.765 E2598.75657
G1 X85.5 Y19.583 E2599.065
G1 X89.3 Y19.582 E2599.25458
G1 X89.3 Y25.765 E2599.56305
G0 F9000 X89.7 Y26.165
;TYPE:WALL-OUTER
G1 F1207.8 X85.1 Y26.165 E2599.79255
G1 X85.1 Y19.183 E2600.14088
G1 X89.7 Y19.182 E2600.37037
G1 X89.7 Y26.165 E2600.71876
G0 F9000 X89.5 Y26.165
G0 X89.26 Y25.725
G0 X88.91 Y25.375
;TYPE:SKIN
G1 F1207.8 X85.89 Y25.375 E2600.86943
G1 X85.89 Y19.973 E2601.13893
G1 X88.91 Y19.972 E2601.2896
G1 X88.91 Y25.375 E2601.55916
G0 F9000 X89.19 Y25.375
G0 X86.308 Y25.655
G0 X86.308 Y25.214
G1 F1207.8 X86.049 Y24.955 E2601.57743
G0 F9000 X86.049 Y24.389
G1 F1207.8 X86.874 Y25.214 E2601.63564
G0 F9000 X87.44 Y25.214
G1 F1207.8 X86.049 Y23.823 E2601.73378
G0 F9000 X86.049 Y23.258
G1 F1207.8 X88.005 Y25.214 E2601.87179
G0 F9000 X88.571 Y25.214
G1 F1207.8 X86.049 Y22.692 E2602.04973
G0 F9000 X86.049 Y22.126
G1 F1207.8 X88.749 Y24.827 E2602.24026
G0 F9000 X88.749 Y24.261
G1 F1207.8 X86.049 Y21.561 E2602.43076
G0 F9000 X86.049 Y20.995
G1 F1207.8 X88.749 Y23.695 E2602.62126
G0 F9000 X88.749 Y23.13
G1 F1207.8 X86.049 Y20.429 E2602.8118
G0 F9000 X86.317 Y20.132
G1 F1207.8 X88.749 Y22.564 E2602.98339
G0 F9000 X88.749 Y21.998
G1 F1207.8 X86.883 Y20.132 E2603.11504
G0 F9000 X87.449 Y20.132
G1 F1207.8 X88.749 Y21.433 E2603.2068
G0 F9000 X88.749 Y20.867
G1 F1207.8 X88.014 Y20.132 E2603.25866
G0 F9000 X88.58 Y20.132
G1 F1207.8 X88.749 Y20.301 E2603.27058
G0 F9000 X89.1 Y20.301
G1 F1500 E2596.77058
;MESH:NONMESH
G0 F300 X89.1 Y20.301 Z18
G0 F9000 X89.19 Y20.301
G0 X89.48 Y24.911
G0 X90.565 Y24.911
G0 X94.435 Y24.911
G0 X95.52 Y24.911
G0 X95.882 Y25.584
G0 X99.318 Y25.583
G0 X99.5 Y24.911
;TIME_ELAPSED:2666.164641
;LAYER:59
;TYPE:WALL-INNER
;MESH:realsense_camera_clamp-Body.stl
G1 F1500 E2603.27058
G1 F917.7 X95.7 Y24.912 E2603.46017
G1 X95.7 Y20.437 E2603.68343
G1 X99.5 Y20.437 E2603.87301
G1 X99.5 Y24.911 E2604.09622
G0 F9000 X99.9 Y25.311
;TYPE:WALL-OUTER
G1 F917.7 X95.3 Y25.312 E2604.32571
G1 X95.3 Y20.037 E2604.58888
G1 X99.9 Y20.037 E2604.81838
G1 X99.9 Y25.311 E2605.0815
G0 F9000 X99.7 Y25.311
G0 X99.46 Y24.871
G0 X99.11 Y24.521
;TYPE:SKIN
G1 F917.7 X96.09 Y24.522 E2605.23217
G1 X96.09 Y20.827 E2605.41651
G1 X99.11 Y20.827 E2605.56718
G1 X99.11 Y24.521 E2605.75147
G0 F9000 X98.949 Y23.804
G1 F917.7 X98.391 Y24.361 E2605.79081
G0 F9000 X97.826 Y24.361
G1 F917.7 X98.949 Y23.238 E2605.87004
G0 F9000 X98.949 Y22.672
G1 F917.7 X97.26 Y24.361 E2605.98921
G0 F9000 X96.694 Y24.361
G1 F917.7 X98.949 Y22.106 E2606.14831
G0 F9000 X98.949 Y21.541
G1 F917.7 X96.249 Y24.241 E2606.33881
G0 F9000 X96.249 Y23.676
G1 F917.7 X98.938 Y20.986 E2606.52857
G0 F9000 X98.372 Y20.986
G1 F917.7 X96.249 Y23.11 E2606.6784
G0 F9000 X96.249 Y22.544
G1 F917.7 X97.807 Y20.986 E2606.78832
G0 F9000 X97.241 Y20.986
G1 F917.7 X96.249 Y21.979 E2606.85835
G0 F9000 X96.249 Y21.413
G1 F917.7 X96.675 Y20.986 E2606.88844
G0 F9000 X96.675 Y20.637
G1 F1500 E2600.38844
G0 F9000 X96.675 Y20.547
G0 X95.882 Y20.619
G0 X95.52 Y24.911
G0 X94.435 Y24.911
G0 X90.565 Y24.911
G0 X89.48 Y24.911
G0 X89.3 Y24.911
;TYPE:WALL-INNER
G1 F1500 E2606.88844
G1 F917.7 X85.5 Y24.911 E2607.07802
G1 X85.5 Y20.437 E2607.30123
G1 X89.3 Y20.436 E2607.49081
G1 X89.3 Y24.911 E2607.71407
G0 F9000 X89.7 Y25.311
;TYPE:WALL-OUTER
G1 F917.7 X85.1 Y25.311 E2607.94357
G1 X85.1 Y20.037 E2608.20669
G1 X89.7 Y20.036 E2608.43618
G1 X89.7 Y25.311 E2608.69935
G0 F9000 X89.5 Y25.311
G0 X89.26 Y24.871
G0 X88.91 Y24.521
;TYPE:SKIN
G1 F917.7 X85.89 Y24.521 E2608.85002
G1 X85.89 Y20.827 E2609.03432
G1 X88.91 Y20.826 E2609.18499
G1 X88.91 Y24.521 E2609.36933
G0 F9000 X88.748 Y23.822
G1 F917.7 X88.21 Y24.361 E2609.40732
G0 F9000 X87.644 Y24.361
G1 F917.7 X88.748 Y23.256 E2609.48525
G0 F9000 X88.748 Y22.691
G1 F917.7 X87.078 Y24.361 E2609.60308
G0 F9000 X86.513 Y24.361
G1 F917.7 X88.748 Y22.125 E2609.76081
G0 F9000 X88.748 Y21.559
G1 F917.7 X86.049 Y24.259 E2609.95127
G0 F9000 X86.049 Y23.693
G1 F917.7 X88.748 Y20.994 E2610.1417
G0 F9000 X88.191 Y20.986
G1 F917.7 X86.049 Y23.128 E2610.29283
G0 F9000 X86.049 Y22.562
G1 F917.7 X87.625 Y20.986 E2610.40402
G0 F9000 X87.059 Y20.986
G1 F917.7 X86.049 Y21.996 E2610.47529
G0 F9000 X86.049 Y21.43
G1 F917.7 X86.494 Y20.986 E2610.50665
G0 F9000 X86.493 Y20.637
;TIME_ELAPSED:2678.851314
G1 F1500 E2604.00665
M140 S0
M204 S500
M107
M104 S0
M140 S0
G92 E0
G1 E-10 F2000
G28 X0 Y0
M84
M82 ;absolute extrusion mode
M104 S0
;End of Gcode
;SETTING_3 {"global_quality": "[general]\\nversion = 4\\nname = Fine #2\\ndefini
;SETTING_3 tion = anet3d_et4_pro\\n\\n[metadata]\\ntype = quality_changes\\nqual
;SETTING_3 ity_type = normal\\nsetting_version = 19\\n\\n[values]\\nadhesion_typ
;SETTING_3 e = skirt\\nlayer_height = 0.3\\nsupport_type = buildplate\\n\\n", "e
;SETTING_3 xtruder_quality": ["[general]\\nversion = 4\\nname = Fine #2\\ndefini
;SETTING_3 tion = anet3d_et4_pro\\n\\n[metadata]\\ntype = quality_changes\\nqual
;SETTING_3 ity_type = normal\\nsetting_version = 19\\nposition = 0\\n\\n[values]
;SETTING_3 \\ninfill_pattern = grid\\nmaterial_print_temperature = 220.0\\ntop_b
;SETTING_3 ottom_thickness = 0.9\\n\\n"]}
